distbin,District,purpose,value
1,1: Downtown,School,0.0
2,1: Downtown,School,54.5324214531714
3,1: Downtown,School,0.0
4,1: Downtown,School,0.0
5,1: Downtown,School,0.0
6,1: Downtown,School,0.0
7,1: Downtown,School,0.0
8,1: Downtown,School,0.0
9,1: Downtown,School,0.0
10,1: Downtown,School,0.0
11,1: Downtown,School,54.9653532249273
12,1: Downtown,School,0.0
13,1: Downtown,School,92.4716022461103
14,1: Downtown,School,92.6800458986883
15,1: Downtown,School,0.0
16,1: Downtown,School,0.0
17,1: Downtown,School,0.0
18,1: Downtown,School,0.0
19,1: Downtown,School,0.0
20,1: Downtown,School,0.0
21,1: Downtown,School,0.0
22,1: Downtown,School,0.0
23,1: Downtown,School,0.0
24,1: Downtown,School,0.0
25,1: Downtown,School,0.0
26,1: Downtown,School,0.0
27,1: Downtown,School,0.0
28,1: Downtown,School,0.0
29,1: Downtown,School,0.0
30,1: Downtown,School,0.0
31,1: Downtown,School,0.0
32,1: Downtown,School,0.0
33,1: Downtown,School,0.0
34,1: Downtown,School,0.0
35,1: Downtown,School,0.0
36,1: Downtown,School,0.0
37,1: Downtown,School,0.0
38,1: Downtown,School,0.0
39,1: Downtown,School,0.0
40,1: Downtown,School,0.0
41,1: Downtown,School,0.0
42,1: Downtown,School,0.0
43,1: Downtown,School,0.0
44,1: Downtown,School,0.0
45,1: Downtown,School,0.0
46,1: Downtown,School,0.0
47,1: Downtown,School,0.0
48,1: Downtown,School,0.0
49,1: Downtown,School,0.0
50,1: Downtown,School,0.0
51,1: Downtown,School,0.0
1,2: Central,School,47065.95441352676
2,2: Central,School,40128.27791024985
3,2: Central,School,183.1055227647655
4,2: Central,School,4388.110371727536
5,2: Central,School,0.0
6,2: Central,School,96.0588680477897
7,2: Central,School,187.9189827137931
8,2: Central,School,0.0
9,2: Central,School,95.322053839295
10,2: Central,School,0.0
11,2: Central,School,3637.94366424699
12,2: Central,School,0.0
13,2: Central,School,0.0
14,2: Central,School,0.0
15,2: Central,School,97.0209608783811
16,2: Central,School,0.0
17,2: Central,School,3637.94366424699
18,2: Central,School,0.0
19,2: Central,School,0.0
20,2: Central,School,0.0
21,2: Central,School,0.0
22,2: Central,School,0.0
23,2: Central,School,0.0
24,2: Central,School,0.0
25,2: Central,School,0.0
26,2: Central,School,0.0
27,2: Central,School,0.0
28,2: Central,School,0.0
29,2: Central,School,0.0
30,2: Central,School,0.0
31,2: Central,School,0.0
32,2: Central,School,0.0
33,2: Central,School,0.0
34,2: Central,School,0.0
35,2: Central,School,0.0
36,2: Central,School,0.0
37,2: Central,School,0.0
38,2: Central,School,0.0
39,2: Central,School,0.0
40,2: Central,School,0.0
41,2: Central,School,0.0
42,2: Central,School,0.0
43,2: Central,School,0.0
44,2: Central,School,0.0
45,2: Central,School,0.0
46,2: Central,School,0.0
47,2: Central,School,0.0
48,2: Central,School,0.0
49,2: Central,School,0.0
50,2: Central,School,0.0
51,2: Central,School,0.0
1,3: North City,School,43015.639630659505
2,3: North City,School,28025.4657264709
3,3: North City,School,56662.08601020488
4,3: North City,School,27447.70672467608
5,3: North City,School,9889.937404881714
6,3: North City,School,331.72168973844833
7,3: North City,School,7429.3637095702925
8,3: North City,School,3933.7419524040242
9,3: North City,School,8682.880595473538
10,3: North City,School,12007.118175663607
11,3: North City,School,8072.4803476269635
12,3: North City,School,0.0
13,3: North City,School,796.781388030738
14,3: North City,School,0.0
15,3: North City,School,0.0
16,3: North City,School,243.526365571555
17,3: North City,School,3143.32895285894
18,3: North City,School,0.0
19,3: North City,School,108.006043710118
20,3: North City,School,0.0
21,3: North City,School,0.0
22,3: North City,School,0.0
23,3: North City,School,688.581841733934
24,3: North City,School,0.0
25,3: North City,School,3143.32895285894
26,3: North City,School,0.0
27,3: North City,School,0.0
28,3: North City,School,0.0
29,3: North City,School,0.0
30,3: North City,School,0.0
31,3: North City,School,0.0
32,3: North City,School,0.0
33,3: North City,School,0.0
34,3: North City,School,0.0
35,3: North City,School,0.0
36,3: North City,School,0.0
37,3: North City,School,0.0
38,3: North City,School,0.0
39,3: North City,School,4226.8032856484
40,3: North City,School,0.0
41,3: North City,School,0.0
42,3: North City,School,0.0
43,3: North City,School,0.0
44,3: North City,School,0.0
45,3: North City,School,0.0
46,3: North City,School,0.0
47,3: North City,School,0.0
48,3: North City,School,0.0
49,3: North City,School,0.0
50,3: North City,School,0.0
51,3: North City,School,0.0
1,4: South Suburban,School,28389.393994054724
2,4: South Suburban,School,21485.472193248756
3,4: South Suburban,School,10703.427219104427
4,4: South Suburban,School,27871.702358996845
5,4: South Suburban,School,4022.42388208508
6,4: South Suburban,School,486.3704013808444
7,4: South Suburban,School,0.0
8,4: South Suburban,School,3638.43957432405
9,4: South Suburban,School,0.0
10,4: South Suburban,School,0.0
11,4: South Suburban,School,1545.898266135358
12,4: South Suburban,School,0.0
13,4: South Suburban,School,0.0
14,4: South Suburban,School,0.0
15,4: South Suburban,School,0.0
16,4: South Suburban,School,0.0
17,4: South Suburban,School,0.0
18,4: South Suburban,School,3203.52211094702
19,4: South Suburban,School,0.0
20,4: South Suburban,School,0.0
21,4: South Suburban,School,0.0
22,4: South Suburban,School,0.0
23,4: South Suburban,School,0.0
24,4: South Suburban,School,0.0
25,4: South Suburban,School,0.0
26,4: South Suburban,School,0.0
27,4: South Suburban,School,0.0
28,4: South Suburban,School,0.0
29,4: South Suburban,School,0.0
30,4: South Suburban,School,0.0
31,4: South Suburban,School,0.0
32,4: South Suburban,School,0.0
33,4: South Suburban,School,0.0
34,4: South Suburban,School,0.0
35,4: South Suburban,School,0.0
36,4: South Suburban,School,0.0
37,4: South Suburban,School,0.0
38,4: South Suburban,School,0.0
39,4: South Suburban,School,0.0
40,4: South Suburban,School,0.0
41,4: South Suburban,School,0.0
42,4: South Suburban,School,0.0
43,4: South Suburban,School,0.0
44,4: South Suburban,School,0.0
45,4: South Suburban,School,0.0
46,4: South Suburban,School,0.0
47,4: South Suburban,School,0.0
48,4: South Suburban,School,0.0
49,4: South Suburban,School,0.0
50,4: South Suburban,School,0.0
51,4: South Suburban,School,0.0
1,5: East Suburban,School,4406.663942049129
2,5: East Suburban,School,19165.72469433159
3,5: East Suburban,School,17906.52885870142
4,5: East Suburban,School,3970.3259778496513
5,5: East Suburban,School,4361.23298400926
6,5: East Suburban,School,6741.078941089663
7,5: East Suburban,School,3737.1212692010076
8,5: East Suburban,School,1350.35442116346
9,5: East Suburban,School,0.0
10,5: East Suburban,School,0.0
11,5: East Suburban,School,0.0
12,5: East Suburban,School,1762.587529903768
13,5: East Suburban,School,0.0
14,5: East Suburban,School,0.0
15,5: East Suburban,School,108.30741687144
16,5: East Suburban,School,0.0
17,5: East Suburban,School,440.02607045837163
18,5: East Suburban,School,0.0
19,5: East Suburban,School,0.0
20,5: East Suburban,School,0.0
21,5: East Suburban,School,0.0
22,5: East Suburban,School,0.0
23,5: East Suburban,School,0.0
24,5: East Suburban,School,0.0
25,5: East Suburban,School,0.0
26,5: East Suburban,School,0.0
27,5: East Suburban,School,0.0
28,5: East Suburban,School,0.0
29,5: East Suburban,School,1033.40352341913
30,5: East Suburban,School,0.0
31,5: East Suburban,School,0.0
32,5: East Suburban,School,0.0
33,5: East Suburban,School,0.0
34,5: East Suburban,School,0.0
35,5: East Suburban,School,0.0
36,5: East Suburban,School,0.0
37,5: East Suburban,School,0.0
38,5: East Suburban,School,0.0
39,5: East Suburban,School,0.0
40,5: East Suburban,School,0.0
41,5: East Suburban,School,0.0
42,5: East Suburban,School,0.0
43,5: East Suburban,School,0.0
44,5: East Suburban,School,0.0
45,5: East Suburban,School,0.0
46,5: East Suburban,School,0.0
47,5: East Suburban,School,0.0
48,5: East Suburban,School,0.0
49,5: East Suburban,School,0.0
50,5: East Suburban,School,0.0
51,5: East Suburban,School,0.0
1,6: North County West,School,29566.355194067215
2,6: North County West,School,12010.289493989065
3,6: North County West,School,12676.36625237482
4,6: North County West,School,3309.5586537972567
5,6: North County West,School,2963.16738574736
6,6: North County West,School,4360.525966185693
7,6: North County West,School,23006.83248146748
8,6: North County West,School,330.567480452942
9,6: North County West,School,0.0
10,6: North County West,School,0.0
11,6: North County West,School,0.0
12,6: North County West,School,0.0
13,6: North County West,School,0.0
14,6: North County West,School,0.0
15,6: North County West,School,0.0
16,6: North County West,School,0.0
17,6: North County West,School,0.0
18,6: North County West,School,0.0
19,6: North County West,School,0.0
20,6: North County West,School,0.0
21,6: North County West,School,0.0
22,6: North County West,School,0.0
23,6: North County West,School,0.0
24,6: North County West,School,0.0
25,6: North County West,School,0.0
26,6: North County West,School,0.0
27,6: North County West,School,0.0
28,6: North County West,School,0.0
29,6: North County West,School,0.0
30,6: North County West,School,0.0
31,6: North County West,School,0.0
32,6: North County West,School,0.0
33,6: North County West,School,0.0
34,6: North County West,School,0.0
35,6: North County West,School,0.0
36,6: North County West,School,0.0
37,6: North County West,School,0.0
38,6: North County West,School,0.0
39,6: North County West,School,0.0
40,6: North County West,School,0.0
41,6: North County West,School,0.0
42,6: North County West,School,0.0
43,6: North County West,School,0.0
44,6: North County West,School,0.0
45,6: North County West,School,0.0
46,6: North County West,School,0.0
47,6: North County West,School,0.0
48,6: North County West,School,0.0
49,6: North County West,School,0.0
50,6: North County West,School,0.0
51,6: North County West,School,0.0
1,7: North County East,School,11767.88856841607
2,7: North County East,School,6481.743342206782
3,7: North County East,School,15625.821721280561
4,7: North County East,School,341.491612478148
5,7: North County East,School,1547.8256345395625
6,7: North County East,School,1368.705621176269
7,7: North County East,School,0.0
8,7: North County East,School,4381.746405554827
9,7: North County East,School,192.9914202341733
10,7: North County East,School,9433.96802570778
11,7: North County East,School,0.0
12,7: North County East,School,0.0
13,7: North County East,School,0.0
14,7: North County East,School,0.0
15,7: North County East,School,109.750713804463
16,7: North County East,School,94.1775992050701
17,7: North County East,School,0.0
18,7: North County East,School,0.0
19,7: North County East,School,0.0
20,7: North County East,School,0.0
21,7: North County East,School,0.0
22,7: North County East,School,4279.75618039224
23,7: North County East,School,0.0
24,7: North County East,School,0.0
25,7: North County East,School,0.0
26,7: North County East,School,0.0
27,7: North County East,School,0.0
28,7: North County East,School,0.0
29,7: North County East,School,0.0
30,7: North County East,School,0.0
31,7: North County East,School,0.0
32,7: North County East,School,0.0
33,7: North County East,School,0.0
34,7: North County East,School,0.0
35,7: North County East,School,0.0
36,7: North County East,School,0.0
37,7: North County East,School,0.0
38,7: North County East,School,0.0
39,7: North County East,School,0.0
40,7: North County East,School,0.0
41,7: North County East,School,0.0
42,7: North County East,School,0.0
43,7: North County East,School,0.0
44,7: North County East,School,0.0
45,7: North County East,School,0.0
46,7: North County East,School,0.0
47,7: North County East,School,0.0
48,7: North County East,School,0.0
49,7: North County East,School,0.0
50,7: North County East,School,0.0
51,7: North County East,School,0.0
1,8: East County,School,0.0
2,8: East County,School,0.0
3,8: East County,School,0.0
4,8: East County,School,0.0
5,8: East County,School,0.0
6,8: East County,School,0.0
7,8: East County,School,0.0
8,8: East County,School,0.0
9,8: East County,School,0.0
10,8: East County,School,0.0
11,8: East County,School,0.0
12,8: East County,School,0.0
13,8: East County,School,0.0
14,8: East County,School,0.0
15,8: East County,School,3239.96446521028
16,8: East County,School,0.0
17,8: East County,School,0.0
18,8: East County,School,0.0
19,8: East County,School,167.9418092533812
20,8: East County,School,0.0
21,8: East County,School,0.0
22,8: East County,School,83.9709046266906
23,8: East County,School,0.0
24,8: East County,School,0.0
25,8: East County,School,0.0
26,8: East County,School,0.0
27,8: East County,School,0.0
28,8: East County,School,114.843679787893
29,8: East County,School,0.0
30,8: East County,School,0.0
31,8: East County,School,0.0
32,8: East County,School,0.0
33,8: East County,School,0.0
34,8: East County,School,0.0
35,8: East County,School,0.0
36,8: East County,School,0.0
37,8: East County,School,0.0
38,8: East County,School,0.0
39,8: East County,School,0.0
40,8: East County,School,0.0
41,8: East County,School,0.0
42,8: East County,School,0.0
43,8: East County,School,0.0
44,8: East County,School,0.0
45,8: East County,School,0.0
46,8: East County,School,0.0
47,8: East County,School,0.0
48,8: East County,School,0.0
49,8: East County,School,0.0
50,8: East County,School,0.0
51,8: East County,School,0.0
1,1: Downtown,University,0.0
2,1: Downtown,University,0.0
3,1: Downtown,University,0.0
4,1: Downtown,University,0.0
5,1: Downtown,University,0.0
6,1: Downtown,University,0.0
7,1: Downtown,University,0.0
8,1: Downtown,University,0.0
9,1: Downtown,University,0.0
10,1: Downtown,University,0.0
11,1: Downtown,University,0.0
12,1: Downtown,University,0.0
13,1: Downtown,University,0.0
14,1: Downtown,University,0.0
15,1: Downtown,University,0.0
16,1: Downtown,University,0.0
17,1: Downtown,University,0.0
18,1: Downtown,University,0.0
19,1: Downtown,University,0.0
20,1: Downtown,University,0.0
21,1: Downtown,University,0.0
22,1: Downtown,University,0.0
23,1: Downtown,University,0.0
24,1: Downtown,University,0.0
25,1: Downtown,University,0.0
26,1: Downtown,University,0.0
27,1: Downtown,University,0.0
28,1: Downtown,University,0.0
29,1: Downtown,University,0.0
30,1: Downtown,University,0.0
31,1: Downtown,University,0.0
32,1: Downtown,University,0.0
33,1: Downtown,University,0.0
34,1: Downtown,University,0.0
35,1: Downtown,University,0.0
36,1: Downtown,University,0.0
37,1: Downtown,University,0.0
38,1: Downtown,University,0.0
39,1: Downtown,University,0.0
40,1: Downtown,University,0.0
41,1: Downtown,University,0.0
42,1: Downtown,University,0.0
43,1: Downtown,University,0.0
44,1: Downtown,University,0.0
45,1: Downtown,University,0.0
46,1: Downtown,University,0.0
47,1: Downtown,University,0.0
48,1: Downtown,University,0.0
49,1: Downtown,University,0.0
50,1: Downtown,University,0.0
51,1: Downtown,University,0.0
1,2: Central,University,0.0
2,2: Central,University,0.0
3,2: Central,University,3572.30346582647
4,2: Central,University,95.6269340625377
5,2: Central,University,81.4672655110854
6,2: Central,University,310.2103366296692
7,2: Central,University,623.393430004817
8,2: Central,University,3464.87498104021
9,2: Central,University,6073.733761896728
10,2: Central,University,0.0
11,2: Central,University,1896.9231530720344
12,2: Central,University,0.0
13,2: Central,University,92.5969288744981
14,2: Central,University,234.86415817725998
15,2: Central,University,0.0
16,2: Central,University,92.5491101328465
17,2: Central,University,0.0
18,2: Central,University,0.0
19,2: Central,University,0.0
20,2: Central,University,0.0
21,2: Central,University,0.0
22,2: Central,University,0.0
23,2: Central,University,0.0
24,2: Central,University,0.0
25,2: Central,University,0.0
26,2: Central,University,0.0
27,2: Central,University,0.0
28,2: Central,University,0.0
29,2: Central,University,0.0
30,2: Central,University,0.0
31,2: Central,University,0.0
32,2: Central,University,0.0
33,2: Central,University,0.0
34,2: Central,University,107.177466497707
35,2: Central,University,0.0
36,2: Central,University,0.0
37,2: Central,University,0.0
38,2: Central,University,0.0
39,2: Central,University,0.0
40,2: Central,University,0.0
41,2: Central,University,0.0
42,2: Central,University,0.0
43,2: Central,University,0.0
44,2: Central,University,0.0
45,2: Central,University,0.0
46,2: Central,University,0.0
47,2: Central,University,0.0
48,2: Central,University,0.0
49,2: Central,University,0.0
50,2: Central,University,0.0
51,2: Central,University,0.0
1,3: North City,University,0.0
2,3: North City,University,3465.4872684544343
3,3: North City,University,3749.4840043673626
4,3: North City,University,4321.888560200457
5,3: North City,University,4312.720907600451
6,3: North City,University,112.48936357029
7,3: North City,University,4145.209109769579
8,3: North City,University,308.62496296026586
9,3: North City,University,226.30479379102002
10,3: North City,University,201.51630990122018
11,3: North City,University,107.387730082279
12,3: North City,University,188.8767444763124
13,3: North City,University,1686.39776880836
14,3: North City,University,169.6606540239387
15,3: North City,University,55.5261076564106
16,3: North City,University,0.0
17,3: North City,University,0.0
18,3: North City,University,27.30583551282375
19,3: North City,University,94.7767655304309
20,3: North City,University,0.0
21,3: North City,University,0.0
22,3: North City,University,0.0
23,3: North City,University,0.0
24,3: North City,University,0.0
25,3: North City,University,0.0
26,3: North City,University,98.0521731812436
27,3: North City,University,0.0
28,3: North City,University,0.0
29,3: North City,University,108.140145382726
30,3: North City,University,0.0
31,3: North City,University,0.0
32,3: North City,University,0.0
33,3: North City,University,0.0
34,3: North City,University,0.0
35,3: North City,University,0.0
36,3: North City,University,0.0
37,3: North City,University,0.0
38,3: North City,University,0.0
39,3: North City,University,0.0
40,3: North City,University,0.0
41,3: North City,University,0.0
42,3: North City,University,0.0
43,3: North City,University,0.0
44,3: North City,University,0.0
45,3: North City,University,0.0
46,3: North City,University,0.0
47,3: North City,University,0.0
48,3: North City,University,0.0
49,3: North City,University,0.0
50,3: North City,University,0.0
51,3: North City,University,0.0
1,4: South Suburban,University,95.4614847478192
2,4: South Suburban,University,3001.864398360553
3,4: South Suburban,University,0.0
4,4: South Suburban,University,13455.30922377292
5,4: South Suburban,University,4221.19968451863
6,4: South Suburban,University,81.6945377643624
7,4: South Suburban,University,0.0
8,4: South Suburban,University,0.0
9,4: South Suburban,University,5944.36941713883
10,4: South Suburban,University,0.0
11,4: South Suburban,University,0.0
12,4: South Suburban,University,0.0
13,4: South Suburban,University,92.483099602461
14,4: South Suburban,University,772.949133067679
15,4: South Suburban,University,92.6632003450657
16,4: South Suburban,University,0.0
17,4: South Suburban,University,8067.672084494841
18,4: South Suburban,University,163.58466502066318
19,4: South Suburban,University,0.0
20,4: South Suburban,University,0.0
21,4: South Suburban,University,0.0
22,4: South Suburban,University,0.0
23,4: South Suburban,University,0.0
24,4: South Suburban,University,0.0
25,4: South Suburban,University,0.0
26,4: South Suburban,University,0.0
27,4: South Suburban,University,0.0
28,4: South Suburban,University,0.0
29,4: South Suburban,University,0.0
30,4: South Suburban,University,0.0
31,4: South Suburban,University,0.0
32,4: South Suburban,University,0.0
33,4: South Suburban,University,0.0
34,4: South Suburban,University,0.0
35,4: South Suburban,University,0.0
36,4: South Suburban,University,0.0
37,4: South Suburban,University,0.0
38,4: South Suburban,University,0.0
39,4: South Suburban,University,0.0
40,4: South Suburban,University,0.0
41,4: South Suburban,University,0.0
42,4: South Suburban,University,2614.35023018323
43,4: South Suburban,University,0.0
44,4: South Suburban,University,0.0
45,4: South Suburban,University,0.0
46,4: South Suburban,University,0.0
47,4: South Suburban,University,0.0
48,4: South Suburban,University,0.0
49,4: South Suburban,University,0.0
50,4: South Suburban,University,0.0
51,4: South Suburban,University,0.0
1,5: East Suburban,University,1351.01260644232
2,5: East Suburban,University,0.0
3,5: East Suburban,University,81.3239833923438
4,5: East Suburban,University,0.0
5,5: East Suburban,University,4321.4916753792895
6,5: East Suburban,University,3520.35452431104
7,5: East Suburban,University,0.0
8,5: East Suburban,University,107.150615836585
9,5: East Suburban,University,4281.50670180041
10,5: East Suburban,University,0.0
11,5: East Suburban,University,0.0
12,5: East Suburban,University,0.0
13,5: East Suburban,University,0.0
14,5: East Suburban,University,0.0
15,5: East Suburban,University,0.0
16,5: East Suburban,University,0.0
17,5: East Suburban,University,0.0
18,5: East Suburban,University,0.0
19,5: East Suburban,University,0.0
20,5: East Suburban,University,0.0
21,5: East Suburban,University,0.0
22,5: East Suburban,University,0.0
23,5: East Suburban,University,0.0
24,5: East Suburban,University,0.0
25,5: East Suburban,University,0.0
26,5: East Suburban,University,0.0
27,5: East Suburban,University,0.0
28,5: East Suburban,University,0.0
29,5: East Suburban,University,0.0
30,5: East Suburban,University,0.0
31,5: East Suburban,University,0.0
32,5: East Suburban,University,0.0
33,5: East Suburban,University,0.0
34,5: East Suburban,University,0.0
35,5: East Suburban,University,0.0
36,5: East Suburban,University,3242.16536539224
37,5: East Suburban,University,0.0
38,5: East Suburban,University,0.0
39,5: East Suburban,University,0.0
40,5: East Suburban,University,0.0
41,5: East Suburban,University,0.0
42,5: East Suburban,University,0.0
43,5: East Suburban,University,0.0
44,5: East Suburban,University,0.0
45,5: East Suburban,University,0.0
46,5: East Suburban,University,0.0
47,5: East Suburban,University,0.0
48,5: East Suburban,University,0.0
49,5: East Suburban,University,0.0
50,5: East Suburban,University,0.0
51,5: East Suburban,University,0.0
1,6: North County West,University,0.0
2,6: North County West,University,109.33607676057
3,6: North County West,University,0.0
4,6: North County West,University,228.354058916106
5,6: North County West,University,171.773657877541
6,6: North County West,University,83.5969645409432
7,6: North County West,University,0.0
8,6: North County West,University,109.980419696923
9,6: North County West,University,109.830603308272
10,6: North County West,University,0.0
11,6: North County West,University,3241.3618772391
12,6: North County West,University,4064.85097173409
13,6: North County West,University,109.719207233723
14,6: North County West,University,0.0
15,6: North County West,University,0.0
16,6: North County West,University,0.0
17,6: North County West,University,0.0
18,6: North County West,University,0.0
19,6: North County West,University,0.0
20,6: North County West,University,0.0
21,6: North County West,University,0.0
22,6: North County West,University,0.0
23,6: North County West,University,0.0
24,6: North County West,University,0.0
25,6: North County West,University,0.0
26,6: North County West,University,0.0
27,6: North County West,University,0.0
28,6: North County West,University,227.730488389197
29,6: North County West,University,0.0
30,6: North County West,University,0.0
31,6: North County West,University,0.0
32,6: North County West,University,0.0
33,6: North County West,University,0.0
34,6: North County West,University,0.0
35,6: North County West,University,0.0
36,6: North County West,University,0.0
37,6: North County West,University,0.0
38,6: North County West,University,0.0
39,6: North County West,University,0.0
40,6: North County West,University,0.0
41,6: North County West,University,0.0
42,6: North County West,University,0.0
43,6: North County West,University,0.0
44,6: North County West,University,0.0
45,6: North County West,University,0.0
46,6: North County West,University,0.0
47,6: North County West,University,0.0
48,6: North County West,University,0.0
49,6: North County West,University,0.0
50,6: North County West,University,0.0
51,6: North County West,University,0.0
1,7: North County East,University,0.0
2,7: North County East,University,6486.054611725131
3,7: North County East,University,0.0
4,7: North County East,University,109.667699503351
5,7: North County East,University,1965.11840075668
6,7: North County East,University,0.0
7,7: North County East,University,0.0
8,7: North County East,University,0.0
9,7: North County East,University,0.0
10,7: North County East,University,0.0
11,7: North County East,University,4278.52361072562
12,7: North County East,University,83.4968608856658
13,7: North County East,University,0.0
14,7: North County East,University,0.0
15,7: North County East,University,0.0
16,7: North County East,University,0.0
17,7: North County East,University,0.0
18,7: North County East,University,0.0
19,7: North County East,University,83.0360439985354
20,7: North County East,University,0.0
21,7: North County East,University,0.0
22,7: North County East,University,0.0
23,7: North County East,University,0.0
24,7: North County East,University,0.0
25,7: North County East,University,0.0
26,7: North County East,University,0.0
27,7: North County East,University,0.0
28,7: North County East,University,0.0
29,7: North County East,University,0.0
30,7: North County East,University,0.0
31,7: North County East,University,0.0
32,7: North County East,University,0.0
33,7: North County East,University,0.0
34,7: North County East,University,85.0868367121958
35,7: North County East,University,0.0
36,7: North County East,University,0.0
37,7: North County East,University,0.0
38,7: North County East,University,0.0
39,7: North County East,University,0.0
40,7: North County East,University,0.0
41,7: North County East,University,0.0
42,7: North County East,University,0.0
43,7: North County East,University,0.0
44,7: North County East,University,0.0
45,7: North County East,University,0.0
46,7: North County East,University,0.0
47,7: North County East,University,0.0
48,7: North County East,University,0.0
49,7: North County East,University,0.0
50,7: North County East,University,0.0
51,7: North County East,University,0.0
1,8: East County,University,0.0
2,8: East County,University,0.0
3,8: East County,University,0.0
4,8: East County,University,0.0
5,8: East County,University,0.0
6,8: East County,University,0.0
7,8: East County,University,0.0
8,8: East County,University,0.0
9,8: East County,University,0.0
10,8: East County,University,0.0
11,8: East County,University,0.0
12,8: East County,University,0.0
13,8: East County,University,0.0
14,8: East County,University,0.0
15,8: East County,University,0.0
16,8: East County,University,0.0
17,8: East County,University,0.0
18,8: East County,University,0.0
19,8: East County,University,0.0
20,8: East County,University,0.0
21,8: East County,University,0.0
22,8: East County,University,0.0
23,8: East County,University,0.0
24,8: East County,University,0.0
25,8: East County,University,0.0
26,8: East County,University,0.0
27,8: East County,University,0.0
28,8: East County,University,0.0
29,8: East County,University,0.0
30,8: East County,University,0.0
31,8: East County,University,0.0
32,8: East County,University,0.0
33,8: East County,University,0.0
34,8: East County,University,0.0
35,8: East County,University,0.0
36,8: East County,University,0.0
37,8: East County,University,0.0
38,8: East County,University,0.0
39,8: East County,University,0.0
40,8: East County,University,0.0
41,8: East County,University,0.0
42,8: East County,University,0.0
43,8: East County,University,0.0
44,8: East County,University,0.0
45,8: East County,University,0.0
46,8: East County,University,0.0
47,8: East County,University,0.0
48,8: East County,University,0.0
49,8: East County,University,0.0
50,8: East County,University,0.0
51,8: East County,University,83.7895716043048
1,1: Downtown,Work,276.8072595475848
2,1: Downtown,Work,239.41225401345048
3,1: Downtown,Work,0.0
4,1: Downtown,Work,2199.5480099500523
5,1: Downtown,Work,2199.5272292991926
6,1: Downtown,Work,92.2953212058376
7,1: Downtown,Work,0.0
8,1: Downtown,Work,0.0
9,1: Downtown,Work,83.5918696799035
10,1: Downtown,Work,59.2251247166658
11,1: Downtown,Work,0.0
12,1: Downtown,Work,0.0
13,1: Downtown,Work,92.2482872022395
14,1: Downtown,Work,148.3368840032869
15,1: Downtown,Work,637.4029920210322
16,1: Downtown,Work,54.5297389334728
17,1: Downtown,Work,0.0
18,1: Downtown,Work,0.0
19,1: Downtown,Work,99.1177350321254
20,1: Downtown,Work,0.0
21,1: Downtown,Work,0.0
22,1: Downtown,Work,3624.97169768563
23,1: Downtown,Work,0.0
24,1: Downtown,Work,0.0
25,1: Downtown,Work,0.0
26,1: Downtown,Work,0.0
27,1: Downtown,Work,0.0
28,1: Downtown,Work,0.0
29,1: Downtown,Work,0.0
30,1: Downtown,Work,0.0
31,1: Downtown,Work,0.0
32,1: Downtown,Work,0.0
33,1: Downtown,Work,0.0
34,1: Downtown,Work,0.0
35,1: Downtown,Work,0.0
36,1: Downtown,Work,0.0
37,1: Downtown,Work,0.0
38,1: Downtown,Work,0.0
39,1: Downtown,Work,0.0
40,1: Downtown,Work,0.0
41,1: Downtown,Work,0.0
42,1: Downtown,Work,2147.47779410507
43,1: Downtown,Work,0.0
44,1: Downtown,Work,0.0
45,1: Downtown,Work,0.0
46,1: Downtown,Work,0.0
47,1: Downtown,Work,0.0
48,1: Downtown,Work,0.0
49,1: Downtown,Work,0.0
50,1: Downtown,Work,0.0
51,1: Downtown,Work,0.0
1,2: Central,Work,18393.676350413658
2,2: Central,Work,4907.2260769185605
3,2: Central,Work,8422.934272000673
4,2: Central,Work,9697.028391431131
5,2: Central,Work,7974.48745940753
6,2: Central,Work,2943.761517203366
7,2: Central,Work,11439.944492961478
8,2: Central,Work,2138.1812695894937
9,2: Central,Work,8924.44361292523
10,2: Central,Work,3895.2210382287126
11,2: Central,Work,986.7638821461159
12,2: Central,Work,18557.483388074867
13,2: Central,Work,7341.425179429857
14,2: Central,Work,9143.477700851701
15,2: Central,Work,6969.645024277684
16,2: Central,Work,699.4491364319173
17,2: Central,Work,3801.1729176820504
18,2: Central,Work,4073.9621403044384
19,2: Central,Work,399.3311801196602
20,2: Central,Work,205.06765338075678
21,2: Central,Work,137.3406019357637
22,2: Central,Work,527.653930566272
23,2: Central,Work,0.0
24,2: Central,Work,621.60025075335
25,2: Central,Work,0.0
26,2: Central,Work,54.4742005832159
27,2: Central,Work,0.0
28,2: Central,Work,0.0
29,2: Central,Work,0.0
30,2: Central,Work,0.0
31,2: Central,Work,0.0
32,2: Central,Work,107.640618679791
33,2: Central,Work,0.0
34,2: Central,Work,0.0
35,2: Central,Work,0.0
36,2: Central,Work,3637.94366424699
37,2: Central,Work,0.0
38,2: Central,Work,0.0
39,2: Central,Work,0.0
40,2: Central,Work,0.0
41,2: Central,Work,0.0
42,2: Central,Work,0.0
43,2: Central,Work,0.0
44,2: Central,Work,0.0
45,2: Central,Work,0.0
46,2: Central,Work,0.0
47,2: Central,Work,0.0
48,2: Central,Work,0.0
49,2: Central,Work,0.0
50,2: Central,Work,0.0
51,2: Central,Work,107.43680533404
1,3: North City,Work,11831.664035606658
2,3: North City,Work,9031.5247081716
3,3: North City,Work,5672.262396210429
4,3: North City,Work,8052.03441294007
5,3: North City,Work,28913.70342547607
6,3: North City,Work,16966.06433556071
7,3: North City,Work,14631.648392681725
8,3: North City,Work,9195.500249686162
9,3: North City,Work,19973.220524310214
10,3: North City,Work,14697.181906111244
11,3: North City,Work,12155.087873767076
12,3: North City,Work,10448.496737833082
13,3: North City,Work,8634.0278360535
14,3: North City,Work,11667.375442923638
15,3: North City,Work,4580.853129777838
16,3: North City,Work,4774.73103608024
17,3: North City,Work,763.0638210602264
18,3: North City,Work,2478.330218568225
19,3: North City,Work,283.1762088940619
20,3: North City,Work,17303.057000852183
21,3: North City,Work,10599.019819165498
22,3: North City,Work,4525.733257461835
23,3: North City,Work,0.0
24,3: North City,Work,54.6506699501384
25,3: North City,Work,582.2547228671684
26,3: North City,Work,207.97380636365858
27,3: North City,Work,224.0541787118687
28,3: North City,Work,0.0
29,3: North City,Work,886.933843370357
30,3: North City,Work,109.952919069964
31,3: North City,Work,0.0
32,3: North City,Work,94.1272973710744
33,3: North City,Work,0.0
34,3: North City,Work,0.0
35,3: North City,Work,0.0
36,3: North City,Work,87.8500327005497
37,3: North City,Work,0.0
38,3: North City,Work,0.0
39,3: North City,Work,0.0
40,3: North City,Work,0.0
41,3: North City,Work,0.0
42,3: North City,Work,0.0
43,3: North City,Work,0.0
44,3: North City,Work,0.0
45,3: North City,Work,0.0
46,3: North City,Work,0.0
47,3: North City,Work,0.0
48,3: North City,Work,0.0
49,3: North City,Work,0.0
50,3: North City,Work,0.0
51,3: North City,Work,54.4786393208704
1,4: South Suburban,Work,4638.0155539983825
2,4: South Suburban,Work,5872.963431257788
3,4: South Suburban,Work,20946.983618693957
4,4: South Suburban,Work,6235.871801516126
5,4: South Suburban,Work,9492.700841516933
6,4: South Suburban,Work,5276.296704521417
7,4: South Suburban,Work,491.6240493531406
8,4: South Suburban,Work,3911.9227394576
9,4: South Suburban,Work,4104.2498507866585
10,4: South Suburban,Work,10255.836298316271
11,4: South Suburban,Work,7388.27544844009
12,4: South Suburban,Work,4740.834281080966
13,4: South Suburban,Work,3512.566996763373
14,4: South Suburban,Work,6994.999895174275
15,4: South Suburban,Work,6291.413931976986
16,4: South Suburban,Work,4324.076796386109
17,4: South Suburban,Work,11129.48334659202
18,4: South Suburban,Work,7443.544889508089
19,4: South Suburban,Work,3637.75257053297
20,4: South Suburban,Work,6125.7128218409
21,4: South Suburban,Work,10201.092424835404
22,4: South Suburban,Work,2447.808487749063
23,4: South Suburban,Work,81.480388515042
24,4: South Suburban,Work,2193.64750311384
25,4: South Suburban,Work,107.290595313062
26,4: South Suburban,Work,191.6759157757318
27,4: South Suburban,Work,3637.98437638312
28,4: South Suburban,Work,0.0
29,4: South Suburban,Work,0.0
30,4: South Suburban,Work,107.533458649547
31,4: South Suburban,Work,0.0
32,4: South Suburban,Work,0.0
33,4: South Suburban,Work,0.0
34,4: South Suburban,Work,0.0
35,4: South Suburban,Work,0.0
36,4: South Suburban,Work,0.0
37,4: South Suburban,Work,92.483099602461
38,4: South Suburban,Work,0.0
39,4: South Suburban,Work,0.0
40,4: South Suburban,Work,0.0
41,4: South Suburban,Work,0.0
42,4: South Suburban,Work,0.0
43,4: South Suburban,Work,0.0
44,4: South Suburban,Work,0.0
45,4: South Suburban,Work,0.0
46,4: South Suburban,Work,0.0
47,4: South Suburban,Work,0.0
48,4: South Suburban,Work,95.7711122036101
49,4: South Suburban,Work,0.0
50,4: South Suburban,Work,0.0
51,4: South Suburban,Work,0.0
1,5: East Suburban,Work,776.1577754703072
2,5: East Suburban,Work,8633.885113908073
3,5: East Suburban,Work,15526.867675120107
4,5: East Suburban,Work,4915.807089055881
5,5: East Suburban,Work,4497.245611917668
6,5: East Suburban,Work,5506.104126825574
7,5: East Suburban,Work,283.4514704649664
8,5: East Suburban,Work,4206.08845661638
9,5: East Suburban,Work,190.7641886739892
10,5: East Suburban,Work,501.6652072279236
11,5: East Suburban,Work,187.7069353304025
12,5: East Suburban,Work,5666.497878686587
13,5: East Suburban,Work,309.550396436316
14,5: East Suburban,Work,442.165009463168
15,5: East Suburban,Work,189.8564214510095
16,5: East Suburban,Work,860.3696696540416
17,5: East Suburban,Work,0.0
18,5: East Suburban,Work,8802.117306448472
19,5: East Suburban,Work,4239.425931531208
20,5: East Suburban,Work,3819.093136751181
21,5: East Suburban,Work,221.21517797482198
22,5: East Suburban,Work,7360.314487460042
23,5: East Suburban,Work,107.664928386737
24,5: East Suburban,Work,107.974422926003
25,5: East Suburban,Work,0.0
26,5: East Suburban,Work,4542.132056983559
27,5: East Suburban,Work,3159.64361395332
28,5: East Suburban,Work,83.1928303156008
29,5: East Suburban,Work,1116.3871920761667
30,5: East Suburban,Work,6476.92653719614
31,5: East Suburban,Work,0.0
32,5: East Suburban,Work,0.0
33,5: East Suburban,Work,83.2040820758198
34,5: East Suburban,Work,0.0
35,5: East Suburban,Work,0.0
36,5: East Suburban,Work,3384.73640746696
37,5: East Suburban,Work,0.0
38,5: East Suburban,Work,4213.4990463815
39,5: East Suburban,Work,3212.695989626687
40,5: East Suburban,Work,0.0
41,5: East Suburban,Work,0.0
42,5: East Suburban,Work,0.0
43,5: East Suburban,Work,0.0
44,5: East Suburban,Work,0.0
45,5: East Suburban,Work,0.0
46,5: East Suburban,Work,0.0
47,5: East Suburban,Work,0.0
48,5: East Suburban,Work,0.0
49,5: East Suburban,Work,0.0
50,5: East Suburban,Work,0.0
51,5: East Suburban,Work,0.0
1,6: North County West,Work,2294.439533137529
2,6: North County West,Work,167.2846635267962
3,6: North County West,Work,3136.8624264998252
4,6: North County West,Work,111.64102203676
5,6: North County West,Work,4771.392890093946
6,6: North County West,Work,1564.67382414205
7,6: North County West,Work,2306.2946295505553
8,6: North County West,Work,109.75266449278
9,6: North County West,Work,7573.297974634527
10,6: North County West,Work,4602.999974247284
11,6: North County West,Work,7570.401641607499
12,6: North County West,Work,8609.027788100293
13,6: North County West,Work,1852.6878225284115
14,6: North County West,Work,196.247308390535
15,6: North County West,Work,3561.993722441182
16,6: North County West,Work,3166.651017063798
17,6: North County West,Work,3880.84542761349
18,6: North County West,Work,4090.05405602722
19,6: North County West,Work,202.75170788247289
20,6: North County West,Work,0.0
21,6: North County West,Work,0.0
22,6: North County West,Work,0.0
23,6: North County West,Work,0.0
24,6: North County West,Work,109.888963230656
25,6: North County West,Work,0.0
26,6: North County West,Work,3072.981162731105
27,6: North County West,Work,0.0
28,6: North County West,Work,3787.370464535527
29,6: North County West,Work,110.161598542197
30,6: North County West,Work,86.090944810621
31,6: North County West,Work,0.0
32,6: North County West,Work,3781.01713822268
33,6: North County West,Work,0.0
34,6: North County West,Work,0.0
35,6: North County West,Work,1228.963044193881
36,6: North County West,Work,83.4139758340615
37,6: North County West,Work,0.0
38,6: North County West,Work,0.0
39,6: North County West,Work,0.0
40,6: North County West,Work,0.0
41,6: North County West,Work,0.0
42,6: North County West,Work,0.0
43,6: North County West,Work,0.0
44,6: North County West,Work,0.0
45,6: North County West,Work,0.0
46,6: North County West,Work,0.0
47,6: North County West,Work,0.0
48,6: North County West,Work,0.0
49,6: North County West,Work,0.0
50,6: North County West,Work,0.0
51,6: North County West,Work,0.0
1,7: North County East,Work,4254.110495019961
2,7: North County East,Work,8495.80698949518
3,7: North County East,Work,8261.51409702588
4,7: North County East,Work,5695.92504767661
5,7: North County East,Work,1501.1136836669705
6,7: North County East,Work,9277.82276927788
7,7: North County East,Work,7119.539684758883
8,7: North County East,Work,9056.15661217289
9,7: North County East,Work,6957.572545039699
10,7: North County East,Work,4390.3869228532585
11,7: North County East,Work,3538.83585206356
12,7: North County East,Work,413.0867252995548
13,7: North County East,Work,2074.438650149338
14,7: North County East,Work,12582.814966829577
15,7: North County East,Work,11238.00384079788
16,7: North County East,Work,11702.85825235093
17,7: North County East,Work,225.13916086746
18,7: North County East,Work,4391.148897057411
19,7: North County East,Work,0.0
20,7: North County East,Work,6708.20559180031
21,7: North County East,Work,121.648028420137
22,7: North County East,Work,2348.07861697999
23,7: North County East,Work,109.460557673242
24,7: North County East,Work,3479.827474602032
25,7: North County East,Work,3226.40990813426
26,7: North County East,Work,166.7375673153761
27,7: North County East,Work,0.0
28,7: North County East,Work,2581.690635382566
29,7: North County East,Work,0.0
30,7: North County East,Work,1965.11840075668
31,7: North County East,Work,3336.144537261265
32,7: North County East,Work,3538.83585206356
33,7: North County East,Work,85.0868367121958
34,7: North County East,Work,0.0
35,7: North County East,Work,2348.07861697999
36,7: North County East,Work,109.371416379285
37,7: North County East,Work,0.0
38,7: North County East,Work,0.0
39,7: North County East,Work,2436.17011246389
40,7: North County East,Work,83.1809299524072
41,7: North County East,Work,0.0
42,7: North County East,Work,0.0
43,7: North County East,Work,3204.63938996242
44,7: North County East,Work,109.785502520351
45,7: North County East,Work,0.0
46,7: North County East,Work,0.0
47,7: North County East,Work,0.0
48,7: North County East,Work,0.0
49,7: North County East,Work,0.0
50,7: North County East,Work,0.0
51,7: North County East,Work,0.0
1,8: East County,Work,0.0
2,8: East County,Work,0.0
3,8: East County,Work,0.0
4,8: East County,Work,0.0
5,8: East County,Work,0.0
6,8: East County,Work,0.0
7,8: East County,Work,0.0
8,8: East County,Work,0.0
9,8: East County,Work,0.0
10,8: East County,Work,0.0
11,8: East County,Work,0.0
12,8: East County,Work,0.0
13,8: East County,Work,0.0
14,8: East County,Work,0.0
15,8: East County,Work,0.0
16,8: East County,Work,0.0
17,8: East County,Work,0.0
18,8: East County,Work,83.7895716043048
19,8: East County,Work,0.0
20,8: East County,Work,0.0
21,8: East County,Work,0.0
22,8: East County,Work,0.0
23,8: East County,Work,0.0
24,8: East County,Work,0.0
25,8: East County,Work,0.0
26,8: East County,Work,0.0
27,8: East County,Work,0.0
28,8: East County,Work,0.0
29,8: East County,Work,0.0
30,8: East County,Work,0.0
31,8: East County,Work,0.0
32,8: East County,Work,0.0
33,8: East County,Work,0.0
34,8: East County,Work,0.0
35,8: East County,Work,0.0
36,8: East County,Work,83.9709046266906
37,8: East County,Work,0.0
38,8: East County,Work,0.0
39,8: East County,Work,0.0
40,8: East County,Work,0.0
41,8: East County,Work,0.0
42,8: East County,Work,0.0
43,8: East County,Work,0.0
44,8: East County,Work,6479.92893042056
45,8: East County,Work,83.7895716043048
46,8: East County,Work,0.0
47,8: East County,Work,0.0
48,8: East County,Work,0.0
49,8: East County,Work,0.0
50,8: East County,Work,0.0
51,8: East County,Work,0.0
