id,purpose,freq_as0,freq_as1,freq_as2,freq_all
1,Total,27200.0,441304.0,1351332.0,1819836.0
1,atwork,1148.0,56223.0,100801.0,158172.0
1,idisc,11423.0,64726.0,241831.0,317980.0
1,imain,9633.0,156028.0,526086.0,691747.0
1,jdisc,0.0,0.0,0.0,0.0
1,jmain,0.0,0.0,0.0,0.0
1,sch,0.0,11593.0,66840.0,78433.0
1,univ,141.0,7942.0,11776.0,19859.0
1,work,4855.0,144792.0,403998.0,553645.0
2,Total,16159.0,270754.0,621656.0,908567.0
2,atwork,0.0,14878.0,13118.0,27996.0
2,idisc,2625.0,41366.0,62342.0,106333.0
2,imain,6306.0,124676.0,317741.0,448723.0
2,jdisc,951.0,31431.0,68453.0,100835.0
2,jmain,951.0,31431.0,68453.0,100835.0
2,sch,0.0,35390.0,97257.0,132647.0
2,univ,4429.0,3658.0,3722.0,11808.0
2,work,1848.0,19355.0,59023.0,80225.0
3,Total,11689.0,294435.0,687579.0,993703.0
3,atwork,0.0,3283.0,11335.0,14618.0
3,idisc,163.0,32572.0,97546.0,130281.0
3,imain,2115.0,152074.0,310842.0,465031.0
3,jdisc,0.0,11492.0,33276.0,44767.0
3,jmain,0.0,11492.0,33276.0,44767.0
3,sch,8795.0,72402.0,173596.0,254793.0
3,univ,616.0,6034.0,5294.0,11945.0
3,work,0.0,16578.0,55690.0,72268.0
4,Total,78665.0,96104.0,401996.0,576763.0
4,atwork,8791.0,1007.0,83216.0,93014.0
4,idisc,22854.0,18213.0,133286.0,174353.0
4,imain,35759.0,45669.0,101243.0,182670.0
4,jdisc,119.0,3752.0,19629.0,23500.0
4,jmain,119.0,3752.0,19629.0,23500.0
4,sch,1243.0,17854.0,60549.0,79645.0
4,univ,285.0,2979.0,3170.0,6434.0
4,work,9614.0,6630.0,903.0,17147.0
5,Total,3642.0,5176.0,70038.0,78857.0
5,atwork,0.0,21.0,3717.0,3738.0
5,idisc,91.0,3554.0,6832.0,10477.0
5,imain,0.0,520.0,21137.0,21657.0
5,jdisc,0.0,393.0,74.0,467.0
5,jmain,0.0,393.0,74.0,467.0
5,sch,0.0,72.0,29125.0,29197.0
5,univ,3551.0,223.0,74.0,3848.0
5,work,0.0,393.0,9079.0,9473.0
6,Total,10786.0,10829.0,4081.0,25695.0
6,atwork,0.0,0.0,0.0,0.0
6,idisc,3335.0,2176.0,845.0,6356.0
6,imain,2001.0,1162.0,373.0,3535.0
6,jdisc,832.0,954.0,301.0,2087.0
6,jmain,832.0,954.0,301.0,2087.0
6,sch,457.0,976.0,1009.0,2442.0
6,univ,621.0,1331.0,444.0,2396.0
6,work,3540.0,4230.0,1109.0,8879.0
7,Total,13728.0,14247.0,5956.0,33932.0
7,atwork,0.0,0.0,0.0,0.0
7,idisc,4514.0,2230.0,1318.0,8063.0
7,imain,2449.0,1293.0,708.0,4450.0
7,jdisc,902.0,1026.0,527.0,2455.0
7,jmain,902.0,1026.0,527.0,2455.0
7,sch,149.0,226.0,270.0,645.0
7,univ,1848.0,4159.0,1091.0,7098.0
7,work,3866.0,5313.0,2042.0,11221.0
8,Total,4267.0,4396.0,1698.0,10361.0
8,atwork,0.0,0.0,0.0,0.0
8,idisc,1157.0,692.0,292.0,2141.0
8,imain,833.0,465.0,193.0,1491.0
8,jdisc,238.0,257.0,126.0,621.0
8,jmain,238.0,257.0,126.0,621.0
8,sch,74.0,210.0,204.0,488.0
8,univ,239.0,600.0,220.0,1059.0
8,work,1726.0,2172.0,663.0,4561.0
9,Total,21.0,152.0,213.0,387.0
9,atwork,0.0,0.0,0.0,0.0
9,idisc,4.0,8.0,42.0,55.0
9,imain,0.0,21.0,18.0,40.0
9,jdisc,0.0,0.0,2.0,2.0
9,jmain,0.0,0.0,2.0,2.0
9,sch,0.0,0.0,3.0,3.0
9,univ,0.0,39.0,14.0,52.0
9,work,17.0,84.0,134.0,235.0
10,Total,142.0,2029.0,2718.0,4890.0
10,atwork,0.0,0.0,0.0,0.0
10,idisc,21.0,334.0,436.0,792.0
10,imain,16.0,226.0,270.0,513.0
10,jdisc,14.0,164.0,196.0,374.0
10,jmain,14.0,164.0,196.0,374.0
10,sch,0.0,4.0,9.0,12.0
10,univ,28.0,402.0,524.0,954.0
10,work,63.0,899.0,1283.0,2245.0
11,Total,5.0,44.0,56.0,107.0
11,atwork,0.0,0.0,0.0,0.0
11,idisc,0.0,12.0,3.0,16.0
11,imain,0.0,2.0,5.0,8.0
11,jdisc,0.0,0.0,5.0,5.0
11,jmain,0.0,0.0,5.0,5.0
11,sch,0.0,2.0,0.0,2.0
11,univ,2.0,8.0,2.0,12.0
11,work,3.0,20.0,41.0,64.0
12,Total,923.0,1271.0,557.0,2751.0
12,atwork,0.0,0.0,0.0,0.0
12,idisc,328.0,261.0,78.0,667.0
12,imain,117.0,129.0,34.0,280.0
12,jdisc,58.0,98.0,70.0,226.0
12,jmain,58.0,98.0,70.0,226.0
12,sch,14.0,51.0,99.0,164.0
12,univ,38.0,130.0,40.0,208.0
12,work,368.0,602.0,236.0,1206.0
13,Total,2274.0,3776.0,1749.0,7798.0
13,atwork,0.0,0.0,0.0,0.0
13,idisc,738.0,750.0,330.0,1817.0
13,imain,380.0,490.0,215.0,1086.0
13,jdisc,116.0,350.0,174.0,640.0
13,jmain,116.0,350.0,174.0,640.0
13,sch,32.0,70.0,121.0,222.0
13,univ,144.0,596.0,239.0,979.0
13,work,864.0,1520.0,670.0,3054.0
14,Total,187.0,296.0,131.0,614.0
14,atwork,0.0,0.0,0.0,0.0
14,idisc,43.0,55.0,26.0,124.0
14,imain,38.0,25.0,8.0,71.0
14,jdisc,18.0,24.0,8.0,50.0
14,jmain,18.0,24.0,8.0,50.0
14,sch,4.0,11.0,20.0,34.0
14,univ,4.0,33.0,22.0,59.0
14,work,80.0,148.0,47.0,276.0
15,Total,105.0,198.0,50.0,352.0
15,atwork,0.0,0.0,0.0,0.0
15,idisc,28.0,86.0,18.0,132.0
15,imain,21.0,34.0,8.0,62.0
15,jdisc,16.0,14.0,4.0,34.0
15,jmain,16.0,14.0,4.0,34.0
15,sch,0.0,6.0,3.0,9.0
15,univ,3.0,6.0,0.0,9.0
15,work,37.0,52.0,17.0,106.0
16,Total,336.0,437.0,203.0,974.0
16,atwork,0.0,0.0,0.0,0.0
16,idisc,119.0,93.0,68.0,280.0
16,imain,48.0,30.0,39.0,117.0
16,jdisc,37.0,74.0,38.0,148.0
16,jmain,37.0,74.0,38.0,148.0
16,sch,0.0,4.0,2.0,6.0
16,univ,16.0,52.0,4.0,72.0
16,work,116.0,184.0,52.0,351.0
17,Total,40.0,34.0,19.0,92.0
17,atwork,0.0,0.0,0.0,0.0
17,idisc,8.0,13.0,4.0,25.0
17,imain,13.0,6.0,0.0,18.0
17,jdisc,0.0,7.0,3.0,10.0
17,jmain,0.0,7.0,3.0,10.0
17,sch,0.0,0.0,1.0,1.0
17,univ,0.0,0.0,2.0,2.0
17,work,19.0,8.0,9.0,36.0
18,Total,1142.0,2387.0,0.0,3529.0
18,atwork,0.0,0.0,0.0,0.0
18,idisc,0.0,635.0,0.0,635.0
18,imain,1130.0,1752.0,0.0,2882.0
18,jdisc,0.0,0.0,0.0,0.0
18,jmain,0.0,0.0,0.0,0.0
18,sch,0.0,0.0,0.0,0.0
18,univ,12.0,0.0,0.0,12.0
18,work,0.0,0.0,0.0,0.0
19,Total,16173.0,5466.0,3047.0,24686.0
19,atwork,0.0,0.0,0.0,0.0
19,idisc,383.0,626.0,212.0,1221.0
19,imain,9754.0,3835.0,2794.0,16384.0
19,jdisc,0.0,0.0,0.0,0.0
19,jmain,0.0,0.0,0.0,0.0
19,sch,0.0,0.0,0.0,0.0
19,univ,0.0,823.0,0.0,823.0
19,work,6036.0,182.0,41.0,6258.0
20,Total,0.0,0.0,0.0,0.0
20,atwork,0.0,0.0,0.0,0.0
20,idisc,0.0,0.0,0.0,0.0
20,imain,0.0,0.0,0.0,0.0
20,jdisc,0.0,0.0,0.0,0.0
20,jmain,0.0,0.0,0.0,0.0
20,sch,0.0,0.0,0.0,0.0
20,univ,0.0,0.0,0.0,0.0
20,work,0.0,0.0,0.0,0.0
21,Total,4706.0,6004.0,814.0,11524.0
21,atwork,0.0,0.0,0.0,0.0
21,idisc,0.0,0.0,0.0,0.0
21,imain,0.0,0.0,0.0,0.0
21,jdisc,0.0,0.0,0.0,0.0
21,jmain,0.0,0.0,0.0,0.0
21,sch,4648.0,6004.0,814.0,11466.0
21,univ,58.0,0.0,0.0,58.0
21,work,0.0,0.0,0.0,0.0
22,Total,1119.0,724.0,117.0,1960.0
22,atwork,0.0,0.0,0.0,0.0
22,idisc,100.0,724.0,117.0,941.0
22,imain,1019.0,0.0,0.0,1019.0
22,jdisc,0.0,0.0,0.0,0.0
22,jmain,0.0,0.0,0.0,0.0
22,sch,0.0,0.0,0.0,0.0
22,univ,0.0,0.0,0.0,0.0
22,work,0.0,0.0,0.0,0.0
23,Total,1336.0,480.0,3873.0,5690.0
23,atwork,0.0,0.0,597.0,597.0
23,idisc,67.0,434.0,479.0,980.0
23,imain,1269.0,46.0,1965.0,3281.0
23,jdisc,0.0,0.0,144.0,144.0
23,jmain,0.0,0.0,144.0,144.0
23,sch,0.0,0.0,436.0,436.0
23,univ,0.0,0.0,0.0,0.0
23,work,0.0,0.0,252.0,252.0
