grouped_tour_mode,auto_suff,tours,purpose
All,0,26.818385650224215,AtWork
All,1,33.7152466367713,AtWork
All,2,42.14798206278027,AtWork
All,All,103.13004484304932,AtWork
KNR_PRM,0,3.5,AtWork
KNR_PRM,1,0.0,AtWork
KNR_PRM,2,10.0,AtWork
KNR_PRM,All,13.5,AtWork
PNR_PRM,0,0.0,AtWork
PNR_PRM,1,1.5,AtWork
PNR_PRM,2,0.0,AtWork
PNR_PRM,All,1.5,AtWork
TNC_PRM,0,0.0,AtWork
TNC_PRM,1,8.0,AtWork
TNC_PRM,2,3.0,AtWork
TNC_PRM,All,11.0,AtWork
Walk_LOC,0,4.484304932735426,AtWork
Walk_LOC,1,16.143497757847534,AtWork
Walk_LOC,2,5.381165919282512,AtWork
Walk_LOC,All,26.00896860986547,AtWork
Walk_MIX,0,2.690582959641256,AtWork
Walk_MIX,1,4.484304932735426,AtWork
Walk_MIX,2,9.417040358744394,AtWork
Walk_MIX,All,16.591928251121075,AtWork
Walk_PRM,0,16.143497757847534,AtWork
Walk_PRM,1,3.587443946188341,AtWork
Walk_PRM,2,14.349775784753364,AtWork
Walk_PRM,All,34.52914798206278,AtWork
All,0,45234.06163479424,Ind-Discretionary
All,1,292074.6434900906,Ind-Discretionary
All,2,642237.233441802,Ind-Discretionary
All,All,979545.38699718,Ind-Discretionary
BIKE,0,84.3320154626326,Ind-Discretionary
BIKE,1,6228.44037643549,Ind-Discretionary
BIKE,2,8042.08155791715,Ind-Discretionary
BIKE,All,14354.853949815271,Ind-Discretionary
DRIVEALONE,0,10584.5536337407,Ind-Discretionary
DRIVEALONE,1,113420.316917965,Ind-Discretionary
DRIVEALONE,2,284671.628819168,Ind-Discretionary
DRIVEALONE,All,408676.4993708737,Ind-Discretionary
EBIKE,0,62.3742416094516,Ind-Discretionary
EBIKE,1,760.316535924521,Ind-Discretionary
EBIKE,2,564.155870182094,Ind-Discretionary
EBIKE,All,1386.8466477160664,Ind-Discretionary
ESCOOTER,0,92.8936559139734,Ind-Discretionary
ESCOOTER,1,1268.42376401554,Ind-Discretionary
ESCOOTER,2,138.104208365837,Ind-Discretionary
ESCOOTER,All,1499.4216282953505,Ind-Discretionary
KNR_LOC,0,327.5,Ind-Discretionary
KNR_LOC,1,261.0,Ind-Discretionary
KNR_LOC,2,78.5,Ind-Discretionary
KNR_LOC,All,666.5,Ind-Discretionary
KNR_MIX,0,43.0,Ind-Discretionary
KNR_MIX,1,55.0,Ind-Discretionary
KNR_MIX,2,26.0,Ind-Discretionary
KNR_MIX,All,124.0,Ind-Discretionary
KNR_PRM,0,738.0,Ind-Discretionary
KNR_PRM,1,749.5,Ind-Discretionary
KNR_PRM,2,329.5,Ind-Discretionary
KNR_PRM,All,1817.0,Ind-Discretionary
PNR_LOC,0,4.0,Ind-Discretionary
PNR_LOC,1,8.5,Ind-Discretionary
PNR_LOC,2,42.5,Ind-Discretionary
PNR_LOC,All,55.0,Ind-Discretionary
PNR_MIX,0,0.0,Ind-Discretionary
PNR_MIX,1,12.5,Ind-Discretionary
PNR_MIX,2,3.0,Ind-Discretionary
PNR_MIX,All,15.0,Ind-Discretionary
PNR_PRM,0,21.0,Ind-Discretionary
PNR_PRM,1,334.5,Ind-Discretionary
PNR_PRM,2,436.5,Ind-Discretionary
PNR_PRM,All,792.0,Ind-Discretionary
SCHOOLBUS,0,0.0,Ind-Discretionary
SCHOOLBUS,1,0.0,Ind-Discretionary
SCHOOLBUS,2,0.0,Ind-Discretionary
SCHOOLBUS,All,0.0,Ind-Discretionary
SHARED2,0,2432.63826989888,Ind-Discretionary
SHARED2,1,72485.063962059,Ind-Discretionary
SHARED2,2,73386.392015239,Ind-Discretionary
SHARED2,All,148304.09424719686,Ind-Discretionary
SHARED3,0,150.656742365532,Ind-Discretionary
SHARED3,1,57075.9170093754,Ind-Discretionary
SHARED3,2,114826.561081652,Ind-Discretionary
SHARED3,All,172053.13483339292,Ind-Discretionary
TAXI,0,0.0,Ind-Discretionary
TAXI,1,1113.06422541153,Ind-Discretionary
TAXI,2,0.0,Ind-Discretionary
TAXI,All,1113.06422541153,Ind-Discretionary
TNC-REG,0,354.848454112143,Ind-Discretionary
TNC-REG,1,1096.10332752668,Ind-Discretionary
TNC-REG,2,250.122835687454,Ind-Discretionary
TNC-REG,All,1701.074617326277,Ind-Discretionary
TNC-SHARED,0,0.0,Ind-Discretionary
TNC-SHARED,1,0.0,Ind-Discretionary
TNC-SHARED,2,0.0,Ind-Discretionary
TNC-SHARED,All,0.0,Ind-Discretionary
TNC_LOC,0,28.0,Ind-Discretionary
TNC_LOC,1,86.0,Ind-Discretionary
TNC_LOC,2,17.5,Ind-Discretionary
TNC_LOC,All,131.5,Ind-Discretionary
TNC_MIX,0,8.0,Ind-Discretionary
TNC_MIX,1,13.0,Ind-Discretionary
TNC_MIX,2,4.0,Ind-Discretionary
TNC_MIX,All,25.5,Ind-Discretionary
TNC_PRM,0,119.0,Ind-Discretionary
TNC_PRM,1,93.0,Ind-Discretionary
TNC_PRM,2,68.5,Ind-Discretionary
TNC_PRM,All,280.0,Ind-Discretionary
WALK,0,21176.9865947851,Ind-Discretionary
WALK,1,31915.3426628573,Ind-Discretionary
WALK,2,156897.478533411,Ind-Discretionary
WALK,All,209989.8077910533,Ind-Discretionary
Walk_LOC,0,3335.42600896861,Ind-Discretionary
Walk_LOC,1,2175.784753363229,Ind-Discretionary
Walk_LOC,2,844.8430493273543,Ind-Discretionary
Walk_LOC,All,6356.053811659192,Ind-Discretionary
Walk_MIX,0,1156.5022421524664,Ind-Discretionary
Walk_MIX,1,692.3766816143498,Ind-Discretionary
Walk_MIX,2,291.92825112107624,Ind-Discretionary
Walk_MIX,All,2140.8071748878924,Ind-Discretionary
Walk_PRM,0,4514.349775784754,Ind-Discretionary
Walk_PRM,1,2230.493273542601,Ind-Discretionary
Walk_PRM,2,1317.9372197309417,Ind-Discretionary
Walk_PRM,All,8063.22869955157,Ind-Discretionary
All,0,24904.25168633725,Ind-Maintenance
All,1,453903.08923029155,Ind-Maintenance
All,2,1111213.6449617734,Ind-Maintenance
All,All,1590020.9343088954,Ind-Maintenance
BIKE,0,0.0,Ind-Maintenance
BIKE,1,483.170513427805,Ind-Maintenance
BIKE,2,18293.148111718,Ind-Maintenance
BIKE,All,18776.318625145806,Ind-Maintenance
DRIVEALONE,0,2730.47102330347,Ind-Maintenance
DRIVEALONE,1,144894.419918633,Ind-Maintenance
DRIVEALONE,2,455301.493517767,Ind-Maintenance
DRIVEALONE,All,602926.3844597035,Ind-Maintenance
EBIKE,0,359.797652502899,Ind-Maintenance
EBIKE,1,42.7448851482284,Ind-Maintenance
EBIKE,2,1700.93239403006,Ind-Maintenance
EBIKE,All,2103.474931681188,Ind-Maintenance
ESCOOTER,0,288.741959382586,Ind-Maintenance
ESCOOTER,1,0.0,Ind-Maintenance
ESCOOTER,2,0.0,Ind-Maintenance
ESCOOTER,All,288.741959382586,Ind-Maintenance
KNR_LOC,0,117.0,Ind-Maintenance
KNR_LOC,1,129.0,Ind-Maintenance
KNR_LOC,2,34.0,Ind-Maintenance
KNR_LOC,All,280.0,Ind-Maintenance
KNR_MIX,0,37.5,Ind-Maintenance
KNR_MIX,1,25.0,Ind-Maintenance
KNR_MIX,2,8.5,Ind-Maintenance
KNR_MIX,All,71.0,Ind-Maintenance
KNR_PRM,0,380.5,Ind-Maintenance
KNR_PRM,1,490.5,Ind-Maintenance
KNR_PRM,2,215.0,Ind-Maintenance
KNR_PRM,All,1086.0,Ind-Maintenance
PNR_LOC,0,0.0,Ind-Maintenance
PNR_LOC,1,21.0,Ind-Maintenance
PNR_LOC,2,18.5,Ind-Maintenance
PNR_LOC,All,39.5,Ind-Maintenance
PNR_MIX,0,0.0,Ind-Maintenance
PNR_MIX,1,2.5,Ind-Maintenance
PNR_MIX,2,5.0,Ind-Maintenance
PNR_MIX,All,7.5,Ind-Maintenance
PNR_PRM,0,16.5,Ind-Maintenance
PNR_PRM,1,226.5,Ind-Maintenance
PNR_PRM,2,270.0,Ind-Maintenance
PNR_PRM,All,513.0,Ind-Maintenance
SCHOOLBUS,0,0.0,Ind-Maintenance
SCHOOLBUS,1,0.0,Ind-Maintenance
SCHOOLBUS,2,0.0,Ind-Maintenance
SCHOOLBUS,All,0.0,Ind-Maintenance
SHARED2,0,1787.56186559976,Ind-Maintenance
SHARED2,1,115779.244494685,Ind-Maintenance
SHARED2,2,274988.786678214,Ind-Maintenance
SHARED2,All,392555.5930384987,Ind-Maintenance
SHARED3,0,599.391278527622,Ind-Maintenance
SHARED3,1,141222.355572469,Ind-Maintenance
SHARED3,2,269018.599694904,Ind-Maintenance
SHARED3,All,410840.3465459006,Ind-Maintenance
TAXI,0,320.276190548646,Ind-Maintenance
TAXI,1,1627.003018142654,Ind-Maintenance
TAXI,2,0.0,Ind-Maintenance
TAXI,All,1947.2792086913,Ind-Maintenance
TNC-REG,0,2764.94926723099,Ind-Maintenance
TNC-REG,1,3561.47541340738,Ind-Maintenance
TNC-REG,2,2418.33056733842,Ind-Maintenance
TNC-REG,All,8744.755247976791,Ind-Maintenance
TNC-SHARED,0,0.0,Ind-Maintenance
TNC-SHARED,1,0.0,Ind-Maintenance
TNC-SHARED,2,0.0,Ind-Maintenance
TNC-SHARED,All,0.0,Ind-Maintenance
TNC_LOC,0,21.0,Ind-Maintenance
TNC_LOC,1,33.5,Ind-Maintenance
TNC_LOC,2,8.0,Ind-Maintenance
TNC_LOC,All,62.5,Ind-Maintenance
TNC_MIX,0,13.0,Ind-Maintenance
TNC_MIX,1,5.5,Ind-Maintenance
TNC_MIX,2,0.0,Ind-Maintenance
TNC_MIX,All,18.0,Ind-Maintenance
TNC_PRM,0,48.0,Ind-Maintenance
TNC_PRM,1,30.0,Ind-Maintenance
TNC_PRM,2,39.0,Ind-Maintenance
TNC_PRM,All,117.0,Ind-Maintenance
WALK,0,10136.1543774924,Ind-Maintenance
WALK,1,42409.8929031677,Ind-Maintenance
WALK,2,87620.3629664118,Ind-Maintenance
WALK,All,140166.4102470719,Ind-Maintenance
Walk_LOC,0,2000.8968609865472,Ind-Maintenance
Walk_LOC,1,1161.8834080717488,Ind-Maintenance
Walk_LOC,2,372.6457399103139,Ind-Maintenance
Walk_LOC,All,3535.8744394618834,Ind-Maintenance
Walk_MIX,0,833.1838565022422,Ind-Maintenance
Walk_MIX,1,464.57399103139016,Ind-Maintenance
Walk_MIX,2,193.27354260089686,Ind-Maintenance
Walk_MIX,All,1491.0313901345291,Ind-Maintenance
Walk_PRM,0,2449.3273542600896,Ind-Maintenance
Walk_PRM,1,1292.8251121076232,Ind-Maintenance
Walk_PRM,2,708.0717488789238,Ind-Maintenance
Walk_PRM,All,4450.224215246637,Ind-Maintenance
All,0,2036.2675204847283,Joint-Discretionary
All,1,68506.37738426033,Joint-Discretionary
All,2,138349.2673306736,Joint-Discretionary
All,All,208892.4638049254,Joint-Discretionary
BIKE,0,0.0,Joint-Discretionary
BIKE,1,99.0598581868538,Joint-Discretionary
BIKE,2,140.280470772064,Joint-Discretionary
BIKE,All,239.3403289589178,Joint-Discretionary
DRIVEALONE,0,0.0,Joint-Discretionary
DRIVEALONE,1,0.0,Joint-Discretionary
DRIVEALONE,2,0.0,Joint-Discretionary
DRIVEALONE,All,0.0,Joint-Discretionary
EBIKE,0,0.0,Joint-Discretionary
EBIKE,1,0.0,Joint-Discretionary
EBIKE,2,223.17443737088,Joint-Discretionary
EBIKE,All,223.17443737088,Joint-Discretionary
ESCOOTER,0,0.0,Joint-Discretionary
ESCOOTER,1,0.0,Joint-Discretionary
ESCOOTER,2,0.0,Joint-Discretionary
ESCOOTER,All,0.0,Joint-Discretionary
KNR_LOC,0,52.0,Joint-Discretionary
KNR_LOC,1,80.5,Joint-Discretionary
KNR_LOC,2,59.5,Joint-Discretionary
KNR_LOC,All,192.5,Joint-Discretionary
KNR_MIX,0,18.5,Joint-Discretionary
KNR_MIX,1,17.5,Joint-Discretionary
KNR_MIX,2,4.0,Joint-Discretionary
KNR_MIX,All,40.0,Joint-Discretionary
KNR_PRM,0,56.5,Joint-Discretionary
KNR_PRM,1,240.5,Joint-Discretionary
KNR_PRM,2,140.0,Joint-Discretionary
KNR_PRM,All,437.0,Joint-Discretionary
PNR_LOC,0,0.0,Joint-Discretionary
PNR_LOC,1,0.0,Joint-Discretionary
PNR_LOC,2,2.0,Joint-Discretionary
PNR_LOC,All,2.0,Joint-Discretionary
PNR_MIX,0,0.0,Joint-Discretionary
PNR_MIX,1,0.0,Joint-Discretionary
PNR_MIX,2,5.0,Joint-Discretionary
PNR_MIX,All,5.0,Joint-Discretionary
PNR_PRM,0,0.0,Joint-Discretionary
PNR_PRM,1,128.0,Joint-Discretionary
PNR_PRM,2,171.5,Joint-Discretionary
PNR_PRM,All,299.5,Joint-Discretionary
SCHOOLBUS,0,0.0,Joint-Discretionary
SCHOOLBUS,1,0.0,Joint-Discretionary
SCHOOLBUS,2,0.0,Joint-Discretionary
SCHOOLBUS,All,0.0,Joint-Discretionary
SHARED2,0,494.477809705399,Joint-Discretionary
SHARED2,1,45400.6397549459,Joint-Discretionary
SHARED2,2,68577.9510428791,Joint-Discretionary
SHARED2,All,114473.0686075304,Joint-Discretionary
SHARED3,0,0.0,Joint-Discretionary
SHARED3,1,12214.0317464235,Joint-Discretionary
SHARED3,2,31597.1784420793,Joint-Discretionary
SHARED3,All,43811.2101885028,Joint-Discretionary
TAXI,0,0.0,Joint-Discretionary
TAXI,1,0.0,Joint-Discretionary
TAXI,2,0.0,Joint-Discretionary
TAXI,All,0.0,Joint-Discretionary
TNC-REG,0,0.0,Joint-Discretionary
TNC-REG,1,0.0,Joint-Discretionary
TNC-REG,2,0.0,Joint-Discretionary
TNC-REG,All,0.0,Joint-Discretionary
TNC-SHARED,0,0.0,Joint-Discretionary
TNC-SHARED,1,0.0,Joint-Discretionary
TNC-SHARED,2,0.0,Joint-Discretionary
TNC-SHARED,All,0.0,Joint-Discretionary
TNC_LOC,0,7.5,Joint-Discretionary
TNC_LOC,1,12.5,Joint-Discretionary
TNC_LOC,2,4.5,Joint-Discretionary
TNC_LOC,All,25.0,Joint-Discretionary
TNC_MIX,0,0.0,Joint-Discretionary
TNC_MIX,1,7.0,Joint-Discretionary
TNC_MIX,2,3.0,Joint-Discretionary
TNC_MIX,All,10.0,Joint-Discretionary
TNC_PRM,0,30.0,Joint-Discretionary
TNC_PRM,1,66.0,Joint-Discretionary
TNC_PRM,2,23.0,Joint-Discretionary
TNC_PRM,All,119.0,Joint-Discretionary
WALK,0,62.0430740080289,Joint-Discretionary
WALK,1,8535.26485878479,Joint-Discretionary
WALK,2,36638.5416819669,Joint-Discretionary
WALK,All,45235.84961475972,Joint-Discretionary
Walk_LOC,0,546.6367713004485,Joint-Discretionary
Walk_LOC,1,721.5246636771301,Joint-Discretionary
Walk_LOC,2,265.9192825112108,Joint-Discretionary
Walk_LOC,All,1534.0807174887893,Joint-Discretionary
Walk_MIX,0,152.46636771300447,Joint-Discretionary
Walk_MIX,1,196.8609865470852,Joint-Discretionary
Walk_MIX,2,94.61883408071749,Joint-Discretionary
Walk_MIX,All,443.94618834080717,Joint-Discretionary
Walk_PRM,0,616.1434977578475,Joint-Discretionary
Walk_PRM,1,786.9955156950673,Joint-Discretionary
Walk_PRM,2,399.1031390134529,Joint-Discretionary
Walk_PRM,All,1801.793721973094,Joint-Discretionary
All,0,751.4506726457399,Joint-Maintenance
All,1,49109.90950008823,Joint-Maintenance
All,2,93731.02808845091,Joint-Maintenance
All,All,143592.83669167815,Joint-Maintenance
BIKE,0,0.0,Joint-Maintenance
BIKE,1,857.286224187774,Joint-Maintenance
BIKE,2,0.0,Joint-Maintenance
BIKE,All,857.286224187774,Joint-Maintenance
DRIVEALONE,0,0.0,Joint-Maintenance
DRIVEALONE,1,0.0,Joint-Maintenance
DRIVEALONE,2,0.0,Joint-Maintenance
DRIVEALONE,All,0.0,Joint-Maintenance
EBIKE,0,0.0,Joint-Maintenance
EBIKE,1,0.0,Joint-Maintenance
EBIKE,2,49.9338393909406,Joint-Maintenance
EBIKE,All,49.9338393909406,Joint-Maintenance
ESCOOTER,0,0.0,Joint-Maintenance
ESCOOTER,1,0.0,Joint-Maintenance
ESCOOTER,2,0.0,Joint-Maintenance
ESCOOTER,All,0.0,Joint-Maintenance
KNR_LOC,0,5.5,Joint-Maintenance
KNR_LOC,1,18.0,Joint-Maintenance
KNR_LOC,2,10.0,Joint-Maintenance
KNR_LOC,All,34.0,Joint-Maintenance
KNR_MIX,0,0.0,Joint-Maintenance
KNR_MIX,1,6.0,Joint-Maintenance
KNR_MIX,2,3.5,Joint-Maintenance
KNR_MIX,All,9.5,Joint-Maintenance
KNR_PRM,0,60.0,Joint-Maintenance
KNR_PRM,1,109.5,Joint-Maintenance
KNR_PRM,2,33.5,Joint-Maintenance
KNR_PRM,All,203.0,Joint-Maintenance
PNR_PRM,0,14.0,Joint-Maintenance
PNR_PRM,1,36.0,Joint-Maintenance
PNR_PRM,2,25.0,Joint-Maintenance
PNR_PRM,All,75.0,Joint-Maintenance
SCHOOLBUS,0,0.0,Joint-Maintenance
SCHOOLBUS,1,0.0,Joint-Maintenance
SCHOOLBUS,2,0.0,Joint-Maintenance
SCHOOLBUS,All,0.0,Joint-Maintenance
SHARED2,0,0.0,Joint-Maintenance
SHARED2,1,31160.76046473,Joint-Maintenance
SHARED2,2,61276.700009395,Joint-Maintenance
SHARED2,All,92437.460474125,Joint-Maintenance
SHARED3,0,0.0,Joint-Maintenance
SHARED3,1,15778.2085318302,Joint-Maintenance
SHARED3,2,31525.9599641702,Joint-Maintenance
SHARED3,All,47304.1684960004,Joint-Maintenance
TAXI,0,0.0,Joint-Maintenance
TAXI,1,0.0,Joint-Maintenance
TAXI,2,0.0,Joint-Maintenance
TAXI,All,0.0,Joint-Maintenance
TNC-REG,0,0.0,Joint-Maintenance
TNC-REG,1,0.0,Joint-Maintenance
TNC-REG,2,0.0,Joint-Maintenance
TNC-REG,All,0.0,Joint-Maintenance
TNC-SHARED,0,0.0,Joint-Maintenance
TNC-SHARED,1,0.0,Joint-Maintenance
TNC-SHARED,2,0.0,Joint-Maintenance
TNC-SHARED,All,0.0,Joint-Maintenance
TNC_LOC,0,8.0,Joint-Maintenance
TNC_LOC,1,2.0,Joint-Maintenance
TNC_LOC,2,0.0,Joint-Maintenance
TNC_LOC,All,9.5,Joint-Maintenance
TNC_PRM,0,7.0,Joint-Maintenance
TNC_PRM,1,7.5,Joint-Maintenance
TNC_PRM,2,14.5,Joint-Maintenance
TNC_PRM,All,29.0,Joint-Maintenance
WALK,0,0.0,Joint-Maintenance
WALK,1,604.161005797653,Joint-Maintenance
WALK,2,597.315441414063,Joint-Maintenance
WALK,All,1201.476447211716,Joint-Maintenance
Walk_LOC,0,285.6502242152466,Joint-Maintenance
Walk_LOC,1,232.28699551569508,Joint-Maintenance
Walk_LOC,2,34.97757847533632,Joint-Maintenance
Walk_LOC,All,553.3632286995515,Joint-Maintenance
Walk_MIX,0,85.20179372197309,Joint-Maintenance
Walk_MIX,1,59.64125560538117,Joint-Maintenance
Walk_MIX,2,31.838565022421523,Joint-Maintenance
Walk_MIX,All,176.6816143497758,Joint-Maintenance
Walk_PRM,0,286.0986547085202,Joint-Maintenance
Walk_PRM,1,238.56502242152467,Joint-Maintenance
Walk_PRM,2,127.80269058295964,Joint-Maintenance
Walk_PRM,All,652.4663677130045,Joint-Maintenance
All,0,1202.3744196934242,School
All,1,95006.16722360667,School
All,2,274516.0506069492,School
All,All,370724.5922502493,School
BIKE,0,0.0,School
BIKE,1,46.9319312323893,School
BIKE,2,18535.4952470399,School
BIKE,All,18582.42717827229,School
DRIVEALONE,0,0.0,School
DRIVEALONE,1,7559.11702709989,School
DRIVEALONE,2,42537.2582247569,School
DRIVEALONE,All,50096.37525185679,School
EBIKE,0,0.0,School
EBIKE,1,0.0,School
EBIKE,2,277.262891367173,School
EBIKE,All,277.262891367173,School
ESCOOTER,0,0.0,School
ESCOOTER,1,0.0,School
ESCOOTER,2,0.0,School
ESCOOTER,All,0.0,School
KNR_LOC,0,13.5,School
KNR_LOC,1,51.0,School
KNR_LOC,2,99.0,School
KNR_LOC,All,163.5,School
KNR_MIX,0,3.5,School
KNR_MIX,1,11.0,School
KNR_MIX,2,19.5,School
KNR_MIX,All,34.0,School
KNR_PRM,0,31.5,School
KNR_PRM,1,69.5,School
KNR_PRM,2,121.0,School
KNR_PRM,All,222.0,School
PNR_LOC,0,0.0,School
PNR_LOC,1,0.0,School
PNR_LOC,2,3.0,School
PNR_LOC,All,3.0,School
PNR_MIX,0,0.0,School
PNR_MIX,1,2.5,School
PNR_MIX,2,0.0,School
PNR_MIX,All,2.5,School
PNR_PRM,0,0.0,School
PNR_PRM,1,3.5,School
PNR_PRM,2,9.0,School
PNR_PRM,All,12.5,School
SCHOOLBUS,0,149.895019270037,School
SCHOOLBUS,1,3914.69624565127,School
SCHOOLBUS,2,518.042163493812,School
SCHOOLBUS,All,4582.63342841512,School
SHARED2,0,0.0,School
SHARED2,1,23075.8097766524,School
SHARED2,2,61895.2784711561,School
SHARED2,All,84971.08824780851,School
SHARED3,0,283.638030645744,School
SHARED3,1,47209.0185256672,School
SHARED3,2,110477.613997313,School
SHARED3,All,157970.27055362595,School
TAXI,0,0.0,School
TAXI,1,0.0,School
TAXI,2,0.0,School
TAXI,All,0.0,School
TNC-REG,0,0.0,School
TNC-REG,1,0.0,School
TNC-REG,2,0.0,School
TNC-REG,All,0.0,School
TNC-SHARED,0,0.0,School
TNC-SHARED,1,0.0,School
TNC-SHARED,2,0.0,School
TNC-SHARED,All,0.0,School
TNC_LOC,0,0.0,School
TNC_LOC,1,6.0,School
TNC_LOC,2,3.0,School
TNC_LOC,All,9.0,School
TNC_MIX,0,0.0,School
TNC_MIX,1,0.0,School
TNC_MIX,2,1.0,School
TNC_MIX,All,1.0,School
TNC_PRM,0,0.0,School
TNC_PRM,1,4.0,School
TNC_PRM,2,2.5,School
TNC_PRM,All,6.5,School
WALK,0,40.0723114816791,School
WALK,1,11641.4345244784,School
WALK,2,38533.6915400734,School
WALK,All,50215.19837603348,School
Walk_LOC,0,457.39910313901345,School
Walk_LOC,1,975.7847533632287,School
Walk_LOC,2,1008.9686098654709,School
Walk_LOC,All,2442.152466367713,School
Walk_MIX,0,73.54260089686099,School
Walk_MIX,1,210.31390134529147,School
Walk_MIX,2,204.48430493273543,School
Walk_MIX,All,488.3408071748879,School
Walk_PRM,0,149.3273542600897,School
Walk_PRM,1,225.56053811659194,School
Walk_PRM,2,269.95515695067263,School
Walk_PRM,All,644.8430493273543,School
All,0,93178.53329292274,Total
All,1,1294720.6827141445,Total
All,2,2896267.4296206115,Total
All,All,4284168.594058172,Total
BIKE,0,1317.3320154626326,Total
BIKE,1,8513.90859292899,Total
BIKE,2,55451.548956638944,Total
BIKE,All,65282.789565030565,Total
DRIVEALONE,0,13807.93887735332,Total
DRIVEALONE,1,496340.9172173532,Total
DRIVEALONE,2,1231875.9324955405,Total
DRIVEALONE,All,1742024.788590247,Total
EBIKE,0,422.17189411235057,Total
EBIKE,1,803.0614210727493,Total
EBIKE,2,3286.5935766509256,Total
EBIKE,All,4511.826891836025,Total
ESCOOTER,0,381.6356152965594,Total
ESCOOTER,1,1268.42376401554,Total
ESCOOTER,2,138.104208365837,Total
ESCOOTER,All,1788.1635876779364,Total
KNR_LOC,0,922.0,Total
KNR_LOC,1,1271.5,Total
KNR_LOC,2,556.0,Total
KNR_LOC,All,2749.5,Total
KNR_MIX,0,186.5,Total
KNR_MIX,1,296.0,Total
KNR_MIX,2,130.0,Total
KNR_MIX,All,613.0,Total
KNR_PRM,0,2278.5,Total
KNR_PRM,1,3774.5,Total
KNR_PRM,2,1757.5,Total
KNR_PRM,All,7811.0,Total
PNR_LOC,0,21.0,Total
PNR_LOC,1,152.0,Total
PNR_LOC,2,214.5,Total
PNR_LOC,All,387.0,Total
PNR_MIX,0,5.5,Total
PNR_MIX,1,45.0,Total
PNR_MIX,2,56.0,Total
PNR_MIX,All,106.5,Total
PNR_PRM,0,142.5,Total
PNR_PRM,1,2031.5,Total
PNR_PRM,2,2719.5,Total
PNR_PRM,All,4893.5,Total
SCHOOLBUS,0,169.895019270037,Total
SCHOOLBUS,1,3914.69624565127,Total
SCHOOLBUS,2,518.042163493812,Total
SCHOOLBUS,All,4602.63342841512,Total
SHARED2,0,6404.5521627789785,Total
SHARED2,1,325189.18490801816,Total
SHARED2,2,607249.0261302624,Total
SHARED2,All,938842.7632010597,Total
SHARED3,0,1247.686051538898,Total
SHARED3,1,304377.16504615155,Total
SHARED3,2,622236.6077721489,Total
SHARED3,All,927861.4588698392,Total
TAXI,0,324.276190548646,Total
TAXI,1,2740.067243554184,Total
TAXI,2,0.0,Total
TAXI,All,3064.34343410283,Total
TNC-REG,0,3615.8763453015295,Total
TNC-REG,1,5861.832298605265,Total
TNC-REG,2,2708.541202247769,Total
TNC-REG,All,12186.249846154564,Total
TNC-SHARED,0,0.0,Total
TNC-SHARED,1,0.0,Total
TNC-SHARED,2,0.0,Total
TNC-SHARED,All,0.0,Total
TNC_LOC,0,104.0,Total
TNC_LOC,1,198.5,Total
TNC_LOC,2,50.5,Total
TNC_LOC,All,353.0,Total
TNC_MIX,0,40.0,Total
TNC_MIX,1,33.5,Total
TNC_MIX,2,19.0,Total
TNC_MIX,All,93.0,Total
TNC_PRM,0,334.5,Total
TNC_PRM,1,443.5,Total
TNC_PRM,2,206.5,Total
TNC_PRM,All,985.0,Total
WALK,0,32648.184816327062,Total
WALK,1,107970.35871221956,Total
WALK,2,355328.95912423107,Total
WALK,All,495947.5026527777,Total
Walk_LOC,0,10791.479820627803,Total
Walk_LOC,1,10845.291479820628,Total
Walk_LOC,2,4085.6502242152465,Total
Walk_LOC,All,25722.421524663678,Total
Walk_MIX,0,4268.161434977578,Total
Walk_MIX,1,4400.448430493274,Total
Walk_MIX,2,1708.5201793721974,Total
Walk_MIX,All,10377.578475336322,Total
Walk_PRM,0,13744.843049327354,Total
Walk_PRM,1,14249.32735426009,Total
Walk_PRM,2,5970.403587443946,Total
Walk_PRM,All,33964.57399103139,Total
All,0,6099.174887892377,University
All,1,32590.174183988373,University
All,2,27461.668506453574,University
All,All,66149.9660088276,University
BIKE,0,1233.0,University
BIKE,1,260.15240256449,University
BIKE,2,76.6340969345775,University
BIKE,All,1569.7864994990675,University
DRIVEALONE,0,49.0,University
DRIVEALONE,1,9252.43914484136,University
DRIVEALONE,2,12179.8260920573,University
DRIVEALONE,All,21481.26523689866,University
EBIKE,0,0.0,University
EBIKE,1,0.0,University
EBIKE,2,0.0,University
EBIKE,All,0.0,University
ESCOOTER,0,0.0,University
ESCOOTER,1,0.0,University
ESCOOTER,2,0.0,University
ESCOOTER,All,0.0,University
KNR_LOC,0,38.0,University
KNR_LOC,1,130.5,University
KNR_LOC,2,39.5,University
KNR_LOC,All,207.5,University
KNR_MIX,0,4.0,University
KNR_MIX,1,33.0,University
KNR_MIX,2,22.0,University
KNR_MIX,All,58.5,University
KNR_PRM,0,144.5,University
KNR_PRM,1,595.5,University
KNR_PRM,2,239.0,University
KNR_PRM,All,978.5,University
PNR_LOC,0,0.0,University
PNR_LOC,1,39.0,University
PNR_LOC,2,13.5,University
PNR_LOC,All,52.0,University
PNR_MIX,0,2.5,University
PNR_MIX,1,8.0,University
PNR_MIX,2,2.0,University
PNR_MIX,All,13.0,University
PNR_PRM,0,27.5,University
PNR_PRM,1,402.0,University
PNR_PRM,2,524.5,University
PNR_PRM,All,954.0,University
SCHOOLBUS,0,20.0,University
SCHOOLBUS,1,0.0,University
SCHOOLBUS,2,0.0,University
SCHOOLBUS,All,20.0,University
SHARED2,0,1538.0,University
SHARED2,1,4261.36050935122,University
SHARED2,2,3849.26677194999,University
SHARED2,All,9648.62728130121,University
SHARED3,0,214.0,University
SHARED3,1,7029.78579044377,University
SHARED3,2,5475.71476978642,University
SHARED3,All,12719.50056023019,University
TAXI,0,4.0,University
TAXI,1,0.0,University
TAXI,2,0.0,University
TAXI,All,4.0,University
TNC-REG,0,0.0,University
TNC-REG,1,958.904704155316,University
TNC-REG,2,0.0,University
TNC-REG,All,958.904704155316,University
TNC-SHARED,0,0.0,University
TNC-SHARED,1,0.0,University
TNC-SHARED,2,0.0,University
TNC-SHARED,All,0.0,University
TNC_LOC,0,3.0,University
TNC_LOC,1,6.0,University
TNC_LOC,2,0.0,University
TNC_LOC,All,9.0,University
TNC_MIX,0,0.0,University
TNC_MIX,1,0.0,University
TNC_MIX,2,1.5,University
TNC_MIX,All,1.5,University
TNC_PRM,0,15.5,University
TNC_PRM,1,52.0,University
TNC_PRM,2,4.5,University
TNC_PRM,All,72.0,University
WALK,0,99.0,University
WALK,1,3470.94867299096,University
WALK,2,3278.56982505264,University
WALK,All,6848.518498043601,University
Walk_LOC,0,620.6278026905829,University
Walk_LOC,1,1330.9417040358744,University
Walk_LOC,2,444.39461883408075,University
Walk_LOC,All,2396.412556053812,University
Walk_MIX,0,239.01345291479822,University
Walk_MIX,1,600.4484304932736,University
Walk_MIX,2,219.73094170403587,University
Walk_MIX,All,1059.1928251121076,University
Walk_PRM,0,1847.5336322869955,University
Walk_PRM,1,4159.192825112108,University
Walk_PRM,2,1091.0313901345291,University
Walk_PRM,All,7097.757847533632,University
All,0,12535.59026727383,Work
All,1,268100.3202391204,Work
All,2,529783.6396365189,Work
All,All,810419.6017124198,Work
BIKE,0,0.0,Work
BIKE,1,529.2243619855,Work
BIKE,2,8984.97627663444,Work
BIKE,All,9514.20063861994,Work
DRIVEALONE,0,399.025870407897,Work
DRIVEALONE,1,194824.447561643,Work
DRIVEALONE,2,399793.247701802,Work
DRIVEALONE,All,595016.7211338528,Work
EBIKE,0,0.0,Work
EBIKE,1,0.0,Work
EBIKE,2,249.712356526178,Work
EBIKE,All,249.712356526178,Work
ESCOOTER,0,0.0,Work
ESCOOTER,1,0.0,Work
ESCOOTER,2,0.0,Work
ESCOOTER,All,0.0,Work
KNR_LOC,0,368.0,Work
KNR_LOC,1,601.5,Work
KNR_LOC,2,236.0,Work
KNR_LOC,All,1206.0,Work
KNR_MIX,0,80.0,Work
KNR_MIX,1,148.5,Work
KNR_MIX,2,47.0,Work
KNR_MIX,All,276.0,Work
KNR_PRM,0,864.5,Work
KNR_PRM,1,1520.0,Work
KNR_PRM,2,670.0,Work
KNR_PRM,All,3054.0,Work
PNR_LOC,0,17.0,Work
PNR_LOC,1,83.5,Work
PNR_LOC,2,134.5,Work
PNR_LOC,All,235.5,Work
PNR_MIX,0,3.0,Work
PNR_MIX,1,19.5,Work
PNR_MIX,2,41.0,Work
PNR_MIX,All,63.0,Work
PNR_PRM,0,63.0,Work
PNR_PRM,1,899.0,Work
PNR_PRM,2,1283.0,Work
PNR_PRM,All,2245.0,Work
SCHOOLBUS,0,0.0,Work
SCHOOLBUS,1,0.0,Work
SCHOOLBUS,2,0.0,Work
SCHOOLBUS,All,0.0,Work
SHARED2,0,151.87421757494,Work
SHARED2,1,26042.7995240626,Work
SHARED2,2,58408.4206202484,Work
SHARED2,All,84603.09436188595,Work
SHARED3,0,0.0,Work
SHARED3,1,22306.8953970716,Work
SHARED3,2,55110.1468983703,Work
SHARED3,All,77417.0422954419,Work
TAXI,0,0.0,Work
TAXI,1,0.0,Work
TAXI,2,0.0,Work
TAXI,All,0.0,Work
TNC-REG,0,496.078623958397,Work
TNC-REG,1,245.348853515889,Work
TNC-REG,2,40.0877992218947,Work
TNC-REG,All,781.5152766961806,Work
TNC-SHARED,0,0.0,Work
TNC-SHARED,1,0.0,Work
TNC-SHARED,2,0.0,Work
TNC-SHARED,All,0.0,Work
TNC_LOC,0,37.0,Work
TNC_LOC,1,52.5,Work
TNC_LOC,2,17.0,Work
TNC_LOC,All,106.5,Work
TNC_MIX,0,19.0,Work
TNC_MIX,1,8.0,Work
TNC_MIX,2,9.0,Work
TNC_MIX,All,36.5,Work
TNC_PRM,0,115.5,Work
TNC_PRM,1,183.5,Work
TNC_PRM,2,52.0,Work
TNC_PRM,All,350.5,Work
WALK,0,790.221420803447,Work
WALK,1,8920.80633456379,Work
WALK,2,893.646638424153,Work
WALK,All,10604.674393791389,Work
Walk_LOC,0,3539.9103139013455,Work
Walk_LOC,1,4230.493273542601,Work
Walk_LOC,2,1108.5201793721974,Work
Walk_LOC,All,8878.923766816144,Work
Walk_MIX,0,1725.560538116592,Work
Walk_MIX,1,2171.748878923767,Work
Walk_MIX,2,663.2286995515695,Work
Walk_MIX,All,4560.538116591928,Work
Walk_PRM,0,3865.919282511211,Work
Walk_PRM,1,5312.556053811659,Work
Walk_PRM,2,2042.152466367713,Work
Walk_PRM,All,11220.17937219731,Work
All,0,388.5953876576654,Work sub-tour
All,1,35396.78621606146,Work sub-tour
All,2,78933.24906592722,Work sub-tour
All,All,114718.63066964634,Work sub-tour
BIKE,0,0.0,Work sub-tour
BIKE,1,9.64292490868824,Work sub-tour
BIKE,2,1378.93319562281,Work sub-tour
BIKE,All,1388.5761205314982,Work sub-tour
DRIVEALONE,0,44.8883499012554,Work sub-tour
DRIVEALONE,1,26390.1766471709,Work sub-tour
DRIVEALONE,2,37392.4781399892,Work sub-tour
DRIVEALONE,All,63827.54313706136,Work sub-tour
EBIKE,0,0.0,Work sub-tour
EBIKE,1,0.0,Work sub-tour
EBIKE,2,221.4217877836,Work sub-tour
EBIKE,All,221.4217877836,Work sub-tour
ESCOOTER,0,0.0,Work sub-tour
ESCOOTER,1,0.0,Work sub-tour
ESCOOTER,2,0.0,Work sub-tour
ESCOOTER,All,0.0,Work sub-tour
SCHOOLBUS,0,0.0,Work sub-tour
SCHOOLBUS,1,0.0,Work sub-tour
SCHOOLBUS,2,0.0,Work sub-tour
SCHOOLBUS,All,0.0,Work sub-tour
SHARED2,0,0.0,Work sub-tour
SHARED2,1,6983.50642153205,Work sub-tour
SHARED2,2,4866.23052118086,Work sub-tour
SHARED2,All,11849.736942712909,Work sub-tour
SHARED3,0,0.0,Work sub-tour
SHARED3,1,1540.95247287085,Work sub-tour
SHARED3,2,4204.83292387365,Work sub-tour
SHARED3,All,5745.7853967445,Work sub-tour
TAXI,0,0.0,Work sub-tour
TAXI,1,0.0,Work sub-tour
TAXI,2,0.0,Work sub-tour
TAXI,All,0.0,Work sub-tour
TNC-REG,0,0.0,Work sub-tour
TNC-REG,1,0.0,Work sub-tour
TNC-REG,2,0.0,Work sub-tour
TNC-REG,All,0.0,Work sub-tour
TNC-SHARED,0,0.0,Work sub-tour
TNC-SHARED,1,0.0,Work sub-tour
TNC-SHARED,2,0.0,Work sub-tour
TNC-SHARED,All,0.0,Work sub-tour
WALK,0,343.70703775641,Work sub-tour
WALK,1,472.507749578968,Work sub-tour
WALK,2,30869.3524974771,Work sub-tour
WALK,All,31685.56728481248,Work sub-tour
