grouped_linked_trip_mode,grouped_tour_mode,trips,purpose
DRIVEALONE,DRIVEALONE,1403406.00875088,Work
SHARED2,DRIVEALONE,0.0,Work
SHARED3,DRIVEALONE,32.4254645800559,Work
WALK,DRIVEALONE,38382.7775924829,Work
BIKE,DRIVEALONE,895.349888128709,Work
TAXI,DRIVEALONE,0.0,Work
TNC-REG,DRIVEALONE,0.0,Work
TNC-SHARED,DRIVEALONE,0.0,Work
SCHOOLBUS,DRIVEALONE,0.0,Work
ESCOOTER,DRIVEALONE,0.0,Work
EBIKE,DRIVEALONE,55.7589492081143,Work
DRIVEALONE,SHARED2,146967.164173856,Work
SHARED2,SHARED2,138014.954625425,Work
SHARED3,SHARED2,0.0,Work
WALK,SHARED2,13690.1551698794,Work
BIKE,SHARED2,31.5292524838978,Work
TAXI,SHARED2,0.0,Work
TNC-REG,SHARED2,1845.43248414165,Work
TNC-SHARED,SHARED2,0.0,Work
SCHOOLBUS,SHARED2,0.0,Work
ESCOOTER,SHARED2,0.0,Work
EBIKE,SHARED2,0.0,Work
DRIVEALONE,SHARED3,131893.985166703,Work
SHARED2,SHARED3,43928.4385673894,Work
SHARED3,SHARED3,141545.387413555,Work
WALK,SHARED3,3945.21650171977,Work
BIKE,SHARED3,0.0,Work
TAXI,SHARED3,0.0,Work
TNC-REG,SHARED3,0.0,Work
TNC-SHARED,SHARED3,0.0,Work
SCHOOLBUS,SHARED3,0.0,Work
ESCOOTER,SHARED3,0.0,Work
EBIKE,SHARED3,0.0,Work
DRIVEALONE,WALK,0.0,Work
SHARED2,WALK,0.0,Work
SHARED3,WALK,0.0,Work
WALK,WALK,18466.2865770529,Work
BIKE,WALK,0.0,Work
TAXI,WALK,0.0,Work
TNC-REG,WALK,0.0,Work
TNC-SHARED,WALK,0.0,Work
SCHOOLBUS,WALK,0.0,Work
ESCOOTER,WALK,0.0,Work
EBIKE,WALK,0.0,Work
DRIVEALONE,BIKE,0.0,Work
SHARED2,BIKE,0.0,Work
SHARED3,BIKE,0.0,Work
WALK,BIKE,0.0,Work
BIKE,BIKE,21151.062268348,Work
TAXI,BIKE,0.0,Work
TNC-REG,BIKE,0.0,Work
TNC-SHARED,BIKE,0.0,Work
SCHOOLBUS,BIKE,0.0,Work
ESCOOTER,BIKE,0.0,Work
EBIKE,BIKE,0.0,Work
DRIVEALONE,TAXI,0.0,Work
SHARED2,TAXI,0.0,Work
SHARED3,TAXI,0.0,Work
WALK,TAXI,0.0,Work
BIKE,TAXI,0.0,Work
TAXI,TAXI,0.0,Work
TNC-REG,TAXI,0.0,Work
TNC-SHARED,TAXI,0.0,Work
SCHOOLBUS,TAXI,0.0,Work
ESCOOTER,TAXI,0.0,Work
EBIKE,TAXI,0.0,Work
DRIVEALONE,TNC-REG,0.0,Work
SHARED2,TNC-REG,0.0,Work
SHARED3,TNC-REG,0.0,Work
WALK,TNC-REG,0.0,Work
BIKE,TNC-REG,0.0,Work
TAXI,TNC-REG,0.0,Work
TNC-REG,TNC-REG,1312.67220154742,Work
TNC-SHARED,TNC-REG,0.0,Work
SCHOOLBUS,TNC-REG,0.0,Work
ESCOOTER,TNC-REG,0.0,Work
EBIKE,TNC-REG,0.0,Work
DRIVEALONE,TNC-SHARED,0.0,Work
SHARED2,TNC-SHARED,0.0,Work
SHARED3,TNC-SHARED,0.0,Work
WALK,TNC-SHARED,0.0,Work
BIKE,TNC-SHARED,0.0,Work
TAXI,TNC-SHARED,0.0,Work
TNC-REG,TNC-SHARED,0.0,Work
TNC-SHARED,TNC-SHARED,0.0,Work
SCHOOLBUS,TNC-SHARED,0.0,Work
ESCOOTER,TNC-SHARED,0.0,Work
EBIKE,TNC-SHARED,0.0,Work
DRIVEALONE,SCHOOLBUS,0.0,Work
SHARED2,SCHOOLBUS,0.0,Work
SHARED3,SCHOOLBUS,0.0,Work
WALK,SCHOOLBUS,0.0,Work
BIKE,SCHOOLBUS,0.0,Work
TAXI,SCHOOLBUS,0.0,Work
TNC-REG,SCHOOLBUS,0.0,Work
TNC-SHARED,SCHOOLBUS,0.0,Work
SCHOOLBUS,SCHOOLBUS,0.0,Work
ESCOOTER,SCHOOLBUS,0.0,Work
EBIKE,SCHOOLBUS,0.0,Work
DRIVEALONE,ESCOOTER,0.0,Work
SHARED2,ESCOOTER,0.0,Work
SHARED3,ESCOOTER,0.0,Work
WALK,ESCOOTER,0.0,Work
BIKE,ESCOOTER,0.0,Work
TAXI,ESCOOTER,0.0,Work
TNC-REG,ESCOOTER,0.0,Work
TNC-SHARED,ESCOOTER,0.0,Work
SCHOOLBUS,ESCOOTER,0.0,Work
ESCOOTER,ESCOOTER,0.0,Work
EBIKE,ESCOOTER,0.0,Work
DRIVEALONE,EBIKE,0.0,Work
SHARED2,EBIKE,0.0,Work
SHARED3,EBIKE,0.0,Work
WALK,EBIKE,0.0,Work
BIKE,EBIKE,0.0,Work
TAXI,EBIKE,0.0,Work
TNC-REG,EBIKE,0.0,Work
TNC-SHARED,EBIKE,0.0,Work
SCHOOLBUS,EBIKE,0.0,Work
ESCOOTER,EBIKE,0.0,Work
EBIKE,EBIKE,499.424713052356,Work
DRIVEALONE,DRIVEALONE,51726.8440315938,University
SHARED2,DRIVEALONE,0.0,University
SHARED3,DRIVEALONE,0.0,University
WALK,DRIVEALONE,1859.53992171209,University
BIKE,DRIVEALONE,0.0,University
TAXI,DRIVEALONE,0.0,University
TNC-REG,DRIVEALONE,163.526114511565,University
TNC-SHARED,DRIVEALONE,0.0,University
SCHOOLBUS,DRIVEALONE,0.0,University
ESCOOTER,DRIVEALONE,0.0,University
EBIKE,DRIVEALONE,0.0,University
DRIVEALONE,SHARED2,11456.5212309754,University
SHARED2,SHARED2,17556.7559835359,University
SHARED3,SHARED2,0.0,University
WALK,SHARED2,78.7819530012712,University
BIKE,SHARED2,0.0,University
TAXI,SHARED2,0.0,University
TNC-REG,SHARED2,0.0,University
TNC-SHARED,SHARED2,0.0,University
SCHOOLBUS,SHARED2,0.0,University
ESCOOTER,SHARED2,3402.53468258052,University
EBIKE,SHARED2,0.0,University
DRIVEALONE,SHARED3,18923.5329571998,University
SHARED2,SHARED3,7133.26807390174,University
SHARED3,SHARED3,13300.7033157162,University
WALK,SHARED3,0.0,University
BIKE,SHARED3,0.0,University
TAXI,SHARED3,0.0,University
TNC-REG,SHARED3,0.0,University
TNC-SHARED,SHARED3,0.0,University
SCHOOLBUS,SHARED3,0.0,University
ESCOOTER,SHARED3,1701.26734129026,University
EBIKE,SHARED3,0.0,University
DRIVEALONE,WALK,715.468324936936,University
SHARED2,WALK,0.0,University
SHARED3,WALK,0.0,University
WALK,WALK,11479.2130791922,University
BIKE,WALK,0.0,University
TAXI,WALK,0.0,University
TNC-REG,WALK,0.0,University
TNC-SHARED,WALK,0.0,University
SCHOOLBUS,WALK,0.0,University
ESCOOTER,WALK,0.0,University
EBIKE,WALK,0.0,University
DRIVEALONE,BIKE,0.0,University
SHARED2,BIKE,0.0,University
SHARED3,BIKE,0.0,University
WALK,BIKE,56.9568364069785,University
BIKE,BIKE,575.771204061044,University
TAXI,BIKE,0.0,University
TNC-REG,BIKE,0.0,University
TNC-SHARED,BIKE,0.0,University
SCHOOLBUS,BIKE,0.0,University
ESCOOTER,BIKE,0.0,University
EBIKE,BIKE,0.0,University
DRIVEALONE,TAXI,0.0,University
SHARED2,TAXI,0.0,University
SHARED3,TAXI,0.0,University
WALK,TAXI,0.0,University
BIKE,TAXI,0.0,University
TAXI,TAXI,0.0,University
TNC-REG,TAXI,0.0,University
TNC-SHARED,TAXI,0.0,University
SCHOOLBUS,TAXI,0.0,University
ESCOOTER,TAXI,0.0,University
EBIKE,TAXI,0.0,University
DRIVEALONE,TNC-REG,0.0,University
SHARED2,TNC-REG,0.0,University
SHARED3,TNC-REG,0.0,University
WALK,TNC-REG,0.0,University
BIKE,TNC-REG,0.0,University
TAXI,TNC-REG,0.0,University
TNC-REG,TNC-REG,958.904704155316,University
TNC-SHARED,TNC-REG,0.0,University
SCHOOLBUS,TNC-REG,0.0,University
ESCOOTER,TNC-REG,0.0,University
EBIKE,TNC-REG,0.0,University
DRIVEALONE,TNC-SHARED,0.0,University
SHARED2,TNC-SHARED,0.0,University
SHARED3,TNC-SHARED,0.0,University
WALK,TNC-SHARED,0.0,University
BIKE,TNC-SHARED,0.0,University
TAXI,TNC-SHARED,0.0,University
TNC-REG,TNC-SHARED,0.0,University
TNC-SHARED,TNC-SHARED,0.0,University
SCHOOLBUS,TNC-SHARED,0.0,University
ESCOOTER,TNC-SHARED,0.0,University
EBIKE,TNC-SHARED,0.0,University
DRIVEALONE,SCHOOLBUS,0.0,University
SHARED2,SCHOOLBUS,0.0,University
SHARED3,SCHOOLBUS,0.0,University
WALK,SCHOOLBUS,0.0,University
BIKE,SCHOOLBUS,0.0,University
TAXI,SCHOOLBUS,0.0,University
TNC-REG,SCHOOLBUS,0.0,University
TNC-SHARED,SCHOOLBUS,0.0,University
SCHOOLBUS,SCHOOLBUS,0.0,University
ESCOOTER,SCHOOLBUS,0.0,University
EBIKE,SCHOOLBUS,0.0,University
DRIVEALONE,ESCOOTER,0.0,University
SHARED2,ESCOOTER,0.0,University
SHARED3,ESCOOTER,0.0,University
WALK,ESCOOTER,0.0,University
BIKE,ESCOOTER,0.0,University
TAXI,ESCOOTER,0.0,University
TNC-REG,ESCOOTER,0.0,University
TNC-SHARED,ESCOOTER,0.0,University
SCHOOLBUS,ESCOOTER,0.0,University
ESCOOTER,ESCOOTER,0.0,University
EBIKE,ESCOOTER,0.0,University
DRIVEALONE,EBIKE,0.0,University
SHARED2,EBIKE,0.0,University
SHARED3,EBIKE,0.0,University
WALK,EBIKE,0.0,University
BIKE,EBIKE,0.0,University
TAXI,EBIKE,0.0,University
TNC-REG,EBIKE,0.0,University
TNC-SHARED,EBIKE,0.0,University
SCHOOLBUS,EBIKE,0.0,University
ESCOOTER,EBIKE,0.0,University
EBIKE,EBIKE,0.0,University
DRIVEALONE,DRIVEALONE,84623.4196312306,School
SHARED2,DRIVEALONE,0.0,School
SHARED3,DRIVEALONE,1316.53673761765,School
WALK,DRIVEALONE,7138.70444368661,School
BIKE,DRIVEALONE,71.992969481682,School
TAXI,DRIVEALONE,0.0,School
TNC-REG,DRIVEALONE,0.0,School
TNC-SHARED,DRIVEALONE,0.0,School
SCHOOLBUS,DRIVEALONE,0.0,School
ESCOOTER,DRIVEALONE,0.0,School
EBIKE,DRIVEALONE,0.0,School
DRIVEALONE,SHARED2,97112.5379381922,School
SHARED2,SHARED2,139847.834827657,School
SHARED3,SHARED2,2389.94218807415,School
WALK,SHARED2,637.289532541417,School
BIKE,SHARED2,0.0,School
TAXI,SHARED2,0.0,School
TNC-REG,SHARED2,0.0,School
TNC-SHARED,SHARED2,0.0,School
SCHOOLBUS,SHARED2,0.0,School
ESCOOTER,SHARED2,0.0,School
EBIKE,SHARED2,0.0,School
DRIVEALONE,SHARED3,161577.554363316,School
SHARED2,SHARED3,37539.2511808831,School
SHARED3,SHARED3,269067.415117711,School
WALK,SHARED3,26882.6032867631,School
BIKE,SHARED3,46.9319312323893,School
TAXI,SHARED3,0.0,School
TNC-REG,SHARED3,0.0,School
TNC-SHARED,SHARED3,0.0,School
SCHOOLBUS,SHARED3,0.0,School
ESCOOTER,SHARED3,0.0,School
EBIKE,SHARED3,0.0,School
DRIVEALONE,WALK,0.0,School
SHARED2,WALK,151.621879949996,School
SHARED3,WALK,0.0,School
WALK,WALK,129040.446189406,School
BIKE,WALK,0.0,School
TAXI,WALK,0.0,School
TNC-REG,WALK,0.0,School
TNC-SHARED,WALK,0.0,School
SCHOOLBUS,WALK,0.0,School
ESCOOTER,WALK,0.0,School
EBIKE,WALK,0.0,School
DRIVEALONE,BIKE,0.0,School
SHARED2,BIKE,0.0,School
SHARED3,BIKE,29317.4708663473,School
WALK,BIKE,423.975017962652,School
BIKE,BIKE,25686.3986550977,School
TAXI,BIKE,0.0,School
TNC-REG,BIKE,0.0,School
TNC-SHARED,BIKE,0.0,School
SCHOOLBUS,BIKE,0.0,School
ESCOOTER,BIKE,0.0,School
EBIKE,BIKE,0.0,School
DRIVEALONE,TAXI,0.0,School
SHARED2,TAXI,0.0,School
SHARED3,TAXI,0.0,School
WALK,TAXI,0.0,School
BIKE,TAXI,0.0,School
TAXI,TAXI,0.0,School
TNC-REG,TAXI,0.0,School
TNC-SHARED,TAXI,0.0,School
SCHOOLBUS,TAXI,0.0,School
ESCOOTER,TAXI,0.0,School
EBIKE,TAXI,0.0,School
DRIVEALONE,TNC-REG,0.0,School
SHARED2,TNC-REG,0.0,School
SHARED3,TNC-REG,0.0,School
WALK,TNC-REG,0.0,School
BIKE,TNC-REG,0.0,School
TAXI,TNC-REG,0.0,School
TNC-REG,TNC-REG,0.0,School
TNC-SHARED,TNC-REG,0.0,School
SCHOOLBUS,TNC-REG,0.0,School
ESCOOTER,TNC-REG,0.0,School
EBIKE,TNC-REG,0.0,School
DRIVEALONE,TNC-SHARED,0.0,School
SHARED2,TNC-SHARED,0.0,School
SHARED3,TNC-SHARED,0.0,School
WALK,TNC-SHARED,0.0,School
BIKE,TNC-SHARED,0.0,School
TAXI,TNC-SHARED,0.0,School
TNC-REG,TNC-SHARED,0.0,School
TNC-SHARED,TNC-SHARED,0.0,School
SCHOOLBUS,TNC-SHARED,0.0,School
ESCOOTER,TNC-SHARED,0.0,School
EBIKE,TNC-SHARED,0.0,School
DRIVEALONE,SCHOOLBUS,0.0,School
SHARED2,SCHOOLBUS,0.0,School
SHARED3,SCHOOLBUS,0.0,School
WALK,SCHOOLBUS,0.0,School
BIKE,SCHOOLBUS,0.0,School
TAXI,SCHOOLBUS,0.0,School
TNC-REG,SCHOOLBUS,0.0,School
TNC-SHARED,SCHOOLBUS,0.0,School
SCHOOLBUS,SCHOOLBUS,13019.9328298986,School
ESCOOTER,SCHOOLBUS,0.0,School
EBIKE,SCHOOLBUS,0.0,School
DRIVEALONE,ESCOOTER,0.0,School
SHARED2,ESCOOTER,0.0,School
SHARED3,ESCOOTER,0.0,School
WALK,ESCOOTER,0.0,School
BIKE,ESCOOTER,0.0,School
TAXI,ESCOOTER,0.0,School
TNC-REG,ESCOOTER,0.0,School
TNC-SHARED,ESCOOTER,0.0,School
SCHOOLBUS,ESCOOTER,0.0,School
ESCOOTER,ESCOOTER,0.0,School
EBIKE,ESCOOTER,0.0,School
DRIVEALONE,EBIKE,0.0,School
SHARED2,EBIKE,0.0,School
SHARED3,EBIKE,0.0,School
WALK,EBIKE,0.0,School
BIKE,EBIKE,0.0,School
TAXI,EBIKE,0.0,School
TNC-REG,EBIKE,0.0,School
TNC-SHARED,EBIKE,0.0,School
SCHOOLBUS,EBIKE,0.0,School
ESCOOTER,EBIKE,0.0,School
EBIKE,EBIKE,277.262891367173,School
DRIVEALONE,DRIVEALONE,1742890.95084924,Ind-Maintenance
SHARED2,DRIVEALONE,1408.3192447509,Ind-Maintenance
SHARED3,DRIVEALONE,1222.25674346386,Ind-Maintenance
WALK,DRIVEALONE,55162.3153666952,Ind-Maintenance
BIKE,DRIVEALONE,590.721896374467,Ind-Maintenance
TAXI,DRIVEALONE,0.0,Ind-Maintenance
TNC-REG,DRIVEALONE,170.60345604252,Ind-Maintenance
TNC-SHARED,DRIVEALONE,0.0,Ind-Maintenance
SCHOOLBUS,DRIVEALONE,0.0,Ind-Maintenance
ESCOOTER,DRIVEALONE,265.422987857664,Ind-Maintenance
EBIKE,DRIVEALONE,979.508021410991,Ind-Maintenance
DRIVEALONE,SHARED2,366760.199268969,Ind-Maintenance
SHARED2,SHARED2,673180.796334036,Ind-Maintenance
SHARED3,SHARED2,490.009371171005,Ind-Maintenance
WALK,SHARED2,42453.2767695509,Ind-Maintenance
BIKE,SHARED2,20.6417275257636,Ind-Maintenance
TAXI,SHARED2,8.61696435336093,Ind-Maintenance
TNC-REG,SHARED2,131.585130478099,Ind-Maintenance
TNC-SHARED,SHARED2,0.0,Ind-Maintenance
SCHOOLBUS,SHARED2,0.0,Ind-Maintenance
ESCOOTER,SHARED2,0.0,Ind-Maintenance
EBIKE,SHARED2,0.0,Ind-Maintenance
DRIVEALONE,SHARED3,236798.35419249,Ind-Maintenance
SHARED2,SHARED3,210765.215524703,Ind-Maintenance
SHARED3,SHARED3,895030.458675229,Ind-Maintenance
WALK,SHARED3,61570.605349003,Ind-Maintenance
BIKE,SHARED3,100.530901407424,Ind-Maintenance
TAXI,SHARED3,0.0,Ind-Maintenance
TNC-REG,SHARED3,250.661115178934,Ind-Maintenance
TNC-SHARED,SHARED3,0.0,Ind-Maintenance
SCHOOLBUS,SHARED3,0.0,Ind-Maintenance
ESCOOTER,SHARED3,0.0,Ind-Maintenance
EBIKE,SHARED3,1070.94362794873,Ind-Maintenance
DRIVEALONE,WALK,3356.37008230049,Ind-Maintenance
SHARED2,WALK,151.621879949996,Ind-Maintenance
SHARED3,WALK,29.7844898987277,Ind-Maintenance
WALK,WALK,297510.553822462,Ind-Maintenance
BIKE,WALK,0.0,Ind-Maintenance
TAXI,WALK,0.0,Ind-Maintenance
TNC-REG,WALK,0.0,Ind-Maintenance
TNC-SHARED,WALK,0.0,Ind-Maintenance
SCHOOLBUS,WALK,0.0,Ind-Maintenance
ESCOOTER,WALK,0.0,Ind-Maintenance
EBIKE,WALK,0.0,Ind-Maintenance
DRIVEALONE,BIKE,0.0,Ind-Maintenance
SHARED2,BIKE,0.0,Ind-Maintenance
SHARED3,BIKE,2838.21257113805,Ind-Maintenance
WALK,BIKE,6534.97228967011,Ind-Maintenance
BIKE,BIKE,48028.6698293247,Ind-Maintenance
TAXI,BIKE,0.0,Ind-Maintenance
TNC-REG,BIKE,0.0,Ind-Maintenance
TNC-SHARED,BIKE,0.0,Ind-Maintenance
SCHOOLBUS,BIKE,0.0,Ind-Maintenance
ESCOOTER,BIKE,0.0,Ind-Maintenance
EBIKE,BIKE,0.0,Ind-Maintenance
DRIVEALONE,TAXI,0.0,Ind-Maintenance
SHARED2,TAXI,0.0,Ind-Maintenance
SHARED3,TAXI,0.0,Ind-Maintenance
WALK,TAXI,0.0,Ind-Maintenance
BIKE,TAXI,0.0,Ind-Maintenance
TAXI,TAXI,11337.7769961997,Ind-Maintenance
TNC-REG,TAXI,0.0,Ind-Maintenance
TNC-SHARED,TAXI,0.0,Ind-Maintenance
SCHOOLBUS,TAXI,0.0,Ind-Maintenance
ESCOOTER,TAXI,0.0,Ind-Maintenance
EBIKE,TAXI,0.0,Ind-Maintenance
DRIVEALONE,TNC-REG,0.0,Ind-Maintenance
SHARED2,TNC-REG,0.0,Ind-Maintenance
SHARED3,TNC-REG,0.0,Ind-Maintenance
WALK,TNC-REG,0.0,Ind-Maintenance
BIKE,TNC-REG,0.0,Ind-Maintenance
TAXI,TNC-REG,0.0,Ind-Maintenance
TNC-REG,TNC-REG,12399.1400330666,Ind-Maintenance
TNC-SHARED,TNC-REG,0.0,Ind-Maintenance
SCHOOLBUS,TNC-REG,0.0,Ind-Maintenance
ESCOOTER,TNC-REG,0.0,Ind-Maintenance
EBIKE,TNC-REG,0.0,Ind-Maintenance
DRIVEALONE,TNC-SHARED,0.0,Ind-Maintenance
SHARED2,TNC-SHARED,0.0,Ind-Maintenance
SHARED3,TNC-SHARED,0.0,Ind-Maintenance
WALK,TNC-SHARED,0.0,Ind-Maintenance
BIKE,TNC-SHARED,0.0,Ind-Maintenance
TAXI,TNC-SHARED,0.0,Ind-Maintenance
TNC-REG,TNC-SHARED,0.0,Ind-Maintenance
TNC-SHARED,TNC-SHARED,0.0,Ind-Maintenance
SCHOOLBUS,TNC-SHARED,0.0,Ind-Maintenance
ESCOOTER,TNC-SHARED,0.0,Ind-Maintenance
EBIKE,TNC-SHARED,0.0,Ind-Maintenance
DRIVEALONE,SCHOOLBUS,0.0,Ind-Maintenance
SHARED2,SCHOOLBUS,0.0,Ind-Maintenance
SHARED3,SCHOOLBUS,0.0,Ind-Maintenance
WALK,SCHOOLBUS,0.0,Ind-Maintenance
BIKE,SCHOOLBUS,0.0,Ind-Maintenance
TAXI,SCHOOLBUS,0.0,Ind-Maintenance
TNC-REG,SCHOOLBUS,0.0,Ind-Maintenance
TNC-SHARED,SCHOOLBUS,0.0,Ind-Maintenance
SCHOOLBUS,SCHOOLBUS,0.0,Ind-Maintenance
ESCOOTER,SCHOOLBUS,0.0,Ind-Maintenance
EBIKE,SCHOOLBUS,0.0,Ind-Maintenance
DRIVEALONE,ESCOOTER,0.0,Ind-Maintenance
SHARED2,ESCOOTER,0.0,Ind-Maintenance
SHARED3,ESCOOTER,0.0,Ind-Maintenance
WALK,ESCOOTER,0.0,Ind-Maintenance
BIKE,ESCOOTER,0.0,Ind-Maintenance
TAXI,ESCOOTER,0.0,Ind-Maintenance
TNC-REG,ESCOOTER,0.0,Ind-Maintenance
TNC-SHARED,ESCOOTER,0.0,Ind-Maintenance
SCHOOLBUS,ESCOOTER,0.0,Ind-Maintenance
ESCOOTER,ESCOOTER,577.483918765172,Ind-Maintenance
EBIKE,ESCOOTER,0.0,Ind-Maintenance
DRIVEALONE,EBIKE,0.0,Ind-Maintenance
SHARED2,EBIKE,0.0,Ind-Maintenance
SHARED3,EBIKE,0.0,Ind-Maintenance
WALK,EBIKE,0.0,Ind-Maintenance
BIKE,EBIKE,0.0,Ind-Maintenance
TAXI,EBIKE,0.0,Ind-Maintenance
TNC-REG,EBIKE,0.0,Ind-Maintenance
TNC-SHARED,EBIKE,0.0,Ind-Maintenance
SCHOOLBUS,EBIKE,0.0,Ind-Maintenance
ESCOOTER,EBIKE,0.0,Ind-Maintenance
EBIKE,EBIKE,4569.61996463603,Ind-Maintenance
DRIVEALONE,DRIVEALONE,893294.198369052,Ind-Discretionary
SHARED2,DRIVEALONE,2453.07851863195,Ind-Discretionary
SHARED3,DRIVEALONE,2200.04838429646,Ind-Discretionary
WALK,DRIVEALONE,28221.1733420257,Ind-Discretionary
BIKE,DRIVEALONE,22498.9424241192,Ind-Discretionary
TAXI,DRIVEALONE,0.0,Ind-Discretionary
TNC-REG,DRIVEALONE,174.25495127544,Ind-Discretionary
TNC-SHARED,DRIVEALONE,0.0,Ind-Discretionary
SCHOOLBUS,DRIVEALONE,0.0,Ind-Discretionary
ESCOOTER,DRIVEALONE,0.0,Ind-Discretionary
EBIKE,DRIVEALONE,88.1621840739241,Ind-Discretionary
DRIVEALONE,SHARED2,111468.926876273,Ind-Discretionary
SHARED2,SHARED2,308420.982070941,Ind-Discretionary
SHARED3,SHARED2,600.268979934954,Ind-Discretionary
WALK,SHARED2,20100.7717057129,Ind-Discretionary
BIKE,SHARED2,571.734080523633,Ind-Discretionary
TAXI,SHARED2,0.0,Ind-Discretionary
TNC-REG,SHARED2,119.833962308443,Ind-Discretionary
TNC-SHARED,SHARED2,0.0,Ind-Discretionary
SCHOOLBUS,SHARED2,0.0,Ind-Discretionary
ESCOOTER,SHARED2,9.9839133980999,Ind-Discretionary
EBIKE,SHARED2,0.0,Ind-Discretionary
DRIVEALONE,SHARED3,24522.4309575024,Ind-Discretionary
SHARED2,SHARED3,19417.6414006517,Ind-Discretionary
SHARED3,SHARED3,437924.353930868,Ind-Discretionary
WALK,SHARED3,116134.573753092,Ind-Discretionary
BIKE,SHARED3,99.0762817076424,Ind-Discretionary
TAXI,SHARED3,0.0,Ind-Discretionary
TNC-REG,SHARED3,1192.79497345208,Ind-Discretionary
TNC-SHARED,SHARED3,0.0,Ind-Discretionary
SCHOOLBUS,SHARED3,0.0,Ind-Discretionary
ESCOOTER,SHARED3,0.0,Ind-Discretionary
EBIKE,SHARED3,0.0,Ind-Discretionary
DRIVEALONE,WALK,423.508240959963,Ind-Discretionary
SHARED2,WALK,0.0,Ind-Discretionary
SHARED3,WALK,0.0,Ind-Discretionary
WALK,WALK,432249.106021329,Ind-Discretionary
BIKE,WALK,0.0,Ind-Discretionary
TAXI,WALK,0.0,Ind-Discretionary
TNC-REG,WALK,0.0,Ind-Discretionary
TNC-SHARED,WALK,0.0,Ind-Discretionary
SCHOOLBUS,WALK,0.0,Ind-Discretionary
ESCOOTER,WALK,0.0,Ind-Discretionary
EBIKE,WALK,0.0,Ind-Discretionary
DRIVEALONE,BIKE,0.0,Ind-Discretionary
SHARED2,BIKE,41.7395962064835,Ind-Discretionary
SHARED3,BIKE,40.2958661387941,Ind-Discretionary
WALK,BIKE,4833.74704145138,Ind-Discretionary
BIKE,BIKE,23082.4393393863,Ind-Discretionary
TAXI,BIKE,0.0,Ind-Discretionary
TNC-REG,BIKE,0.0,Ind-Discretionary
TNC-SHARED,BIKE,0.0,Ind-Discretionary
SCHOOLBUS,BIKE,0.0,Ind-Discretionary
ESCOOTER,BIKE,0.0,Ind-Discretionary
EBIKE,BIKE,0.0,Ind-Discretionary
DRIVEALONE,TAXI,0.0,Ind-Discretionary
SHARED2,TAXI,0.0,Ind-Discretionary
SHARED3,TAXI,0.0,Ind-Discretionary
WALK,TAXI,0.0,Ind-Discretionary
BIKE,TAXI,0.0,Ind-Discretionary
TAXI,TAXI,11019.796612141,Ind-Discretionary
TNC-REG,TAXI,0.0,Ind-Discretionary
TNC-SHARED,TAXI,0.0,Ind-Discretionary
SCHOOLBUS,TAXI,0.0,Ind-Discretionary
ESCOOTER,TAXI,0.0,Ind-Discretionary
EBIKE,TAXI,0.0,Ind-Discretionary
DRIVEALONE,TNC-REG,0.0,Ind-Discretionary
SHARED2,TNC-REG,0.0,Ind-Discretionary
SHARED3,TNC-REG,0.0,Ind-Discretionary
WALK,TNC-REG,0.0,Ind-Discretionary
BIKE,TNC-REG,0.0,Ind-Discretionary
TAXI,TNC-REG,0.0,Ind-Discretionary
TNC-REG,TNC-REG,1908.04947003688,Ind-Discretionary
TNC-SHARED,TNC-REG,0.0,Ind-Discretionary
SCHOOLBUS,TNC-REG,0.0,Ind-Discretionary
ESCOOTER,TNC-REG,0.0,Ind-Discretionary
EBIKE,TNC-REG,0.0,Ind-Discretionary
DRIVEALONE,TNC-SHARED,0.0,Ind-Discretionary
SHARED2,TNC-SHARED,0.0,Ind-Discretionary
SHARED3,TNC-SHARED,0.0,Ind-Discretionary
WALK,TNC-SHARED,0.0,Ind-Discretionary
BIKE,TNC-SHARED,0.0,Ind-Discretionary
TAXI,TNC-SHARED,0.0,Ind-Discretionary
TNC-REG,TNC-SHARED,0.0,Ind-Discretionary
TNC-SHARED,TNC-SHARED,0.0,Ind-Discretionary
SCHOOLBUS,TNC-SHARED,0.0,Ind-Discretionary
ESCOOTER,TNC-SHARED,0.0,Ind-Discretionary
EBIKE,TNC-SHARED,0.0,Ind-Discretionary
DRIVEALONE,SCHOOLBUS,0.0,Ind-Discretionary
SHARED2,SCHOOLBUS,0.0,Ind-Discretionary
SHARED3,SCHOOLBUS,0.0,Ind-Discretionary
WALK,SCHOOLBUS,0.0,Ind-Discretionary
BIKE,SCHOOLBUS,0.0,Ind-Discretionary
TAXI,SCHOOLBUS,0.0,Ind-Discretionary
TNC-REG,SCHOOLBUS,0.0,Ind-Discretionary
TNC-SHARED,SCHOOLBUS,0.0,Ind-Discretionary
SCHOOLBUS,SCHOOLBUS,0.0,Ind-Discretionary
ESCOOTER,SCHOOLBUS,0.0,Ind-Discretionary
EBIKE,SCHOOLBUS,0.0,Ind-Discretionary
DRIVEALONE,ESCOOTER,0.0,Ind-Discretionary
SHARED2,ESCOOTER,0.0,Ind-Discretionary
SHARED3,ESCOOTER,0.0,Ind-Discretionary
WALK,ESCOOTER,0.0,Ind-Discretionary
BIKE,ESCOOTER,0.0,Ind-Discretionary
TAXI,ESCOOTER,0.0,Ind-Discretionary
TNC-REG,ESCOOTER,0.0,Ind-Discretionary
TNC-SHARED,ESCOOTER,0.0,Ind-Discretionary
SCHOOLBUS,ESCOOTER,0.0,Ind-Discretionary
ESCOOTER,ESCOOTER,2971.08250955352,Ind-Discretionary
EBIKE,ESCOOTER,0.0,Ind-Discretionary
DRIVEALONE,EBIKE,0.0,Ind-Discretionary
SHARED2,EBIKE,0.0,Ind-Discretionary
SHARED3,EBIKE,0.0,Ind-Discretionary
WALK,EBIKE,0.0,Ind-Discretionary
BIKE,EBIKE,0.0,Ind-Discretionary
TAXI,EBIKE,0.0,Ind-Discretionary
TNC-REG,EBIKE,0.0,Ind-Discretionary
TNC-SHARED,EBIKE,0.0,Ind-Discretionary
SCHOOLBUS,EBIKE,0.0,Ind-Discretionary
ESCOOTER,EBIKE,0.0,Ind-Discretionary
EBIKE,EBIKE,2165.81126340704,Ind-Discretionary
DRIVEALONE,DRIVEALONE,0.0,Joint-Maintenance
SHARED2,DRIVEALONE,0.0,Joint-Maintenance
SHARED3,DRIVEALONE,0.0,Joint-Maintenance
WALK,DRIVEALONE,0.0,Joint-Maintenance
BIKE,DRIVEALONE,0.0,Joint-Maintenance
TAXI,DRIVEALONE,0.0,Joint-Maintenance
TNC-REG,DRIVEALONE,0.0,Joint-Maintenance
TNC-SHARED,DRIVEALONE,0.0,Joint-Maintenance
SCHOOLBUS,DRIVEALONE,0.0,Joint-Maintenance
ESCOOTER,DRIVEALONE,0.0,Joint-Maintenance
EBIKE,DRIVEALONE,0.0,Joint-Maintenance
DRIVEALONE,SHARED2,0.0,Joint-Maintenance
SHARED2,SHARED2,530295.591315327,Joint-Maintenance
SHARED3,SHARED2,0.0,Joint-Maintenance
WALK,SHARED2,18303.4550749462,Joint-Maintenance
BIKE,SHARED2,0.0,Joint-Maintenance
TAXI,SHARED2,0.0,Joint-Maintenance
TNC-REG,SHARED2,0.0,Joint-Maintenance
TNC-SHARED,SHARED2,0.0,Joint-Maintenance
SCHOOLBUS,SHARED2,0.0,Joint-Maintenance
ESCOOTER,SHARED2,0.0,Joint-Maintenance
EBIKE,SHARED2,0.0,Joint-Maintenance
DRIVEALONE,SHARED3,0.0,Joint-Maintenance
SHARED2,SHARED3,4800.26349208372,Joint-Maintenance
SHARED3,SHARED3,306519.590934374,Joint-Maintenance
WALK,SHARED3,1863.11561685545,Joint-Maintenance
BIKE,SHARED3,0.0,Joint-Maintenance
TAXI,SHARED3,0.0,Joint-Maintenance
TNC-REG,SHARED3,0.0,Joint-Maintenance
TNC-SHARED,SHARED3,0.0,Joint-Maintenance
SCHOOLBUS,SHARED3,0.0,Joint-Maintenance
ESCOOTER,SHARED3,0.0,Joint-Maintenance
EBIKE,SHARED3,0.0,Joint-Maintenance
DRIVEALONE,WALK,0.0,Joint-Maintenance
SHARED2,WALK,0.0,Joint-Maintenance
SHARED3,WALK,0.0,Joint-Maintenance
WALK,WALK,6097.79292568895,Joint-Maintenance
BIKE,WALK,0.0,Joint-Maintenance
TAXI,WALK,0.0,Joint-Maintenance
TNC-REG,WALK,0.0,Joint-Maintenance
TNC-SHARED,WALK,0.0,Joint-Maintenance
SCHOOLBUS,WALK,0.0,Joint-Maintenance
ESCOOTER,WALK,0.0,Joint-Maintenance
EBIKE,WALK,0.0,Joint-Maintenance
DRIVEALONE,BIKE,0.0,Joint-Maintenance
SHARED2,BIKE,0.0,Joint-Maintenance
SHARED3,BIKE,0.0,Joint-Maintenance
WALK,BIKE,0.0,Joint-Maintenance
BIKE,BIKE,5143.71734512664,Joint-Maintenance
TAXI,BIKE,0.0,Joint-Maintenance
TNC-REG,BIKE,0.0,Joint-Maintenance
TNC-SHARED,BIKE,0.0,Joint-Maintenance
SCHOOLBUS,BIKE,0.0,Joint-Maintenance
ESCOOTER,BIKE,0.0,Joint-Maintenance
EBIKE,BIKE,0.0,Joint-Maintenance
DRIVEALONE,TAXI,0.0,Joint-Maintenance
SHARED2,TAXI,0.0,Joint-Maintenance
SHARED3,TAXI,0.0,Joint-Maintenance
WALK,TAXI,0.0,Joint-Maintenance
BIKE,TAXI,0.0,Joint-Maintenance
TAXI,TAXI,0.0,Joint-Maintenance
TNC-REG,TAXI,0.0,Joint-Maintenance
TNC-SHARED,TAXI,0.0,Joint-Maintenance
SCHOOLBUS,TAXI,0.0,Joint-Maintenance
ESCOOTER,TAXI,0.0,Joint-Maintenance
EBIKE,TAXI,0.0,Joint-Maintenance
DRIVEALONE,TNC-REG,0.0,Joint-Maintenance
SHARED2,TNC-REG,0.0,Joint-Maintenance
SHARED3,TNC-REG,0.0,Joint-Maintenance
WALK,TNC-REG,0.0,Joint-Maintenance
BIKE,TNC-REG,0.0,Joint-Maintenance
TAXI,TNC-REG,0.0,Joint-Maintenance
TNC-REG,TNC-REG,0.0,Joint-Maintenance
TNC-SHARED,TNC-REG,0.0,Joint-Maintenance
SCHOOLBUS,TNC-REG,0.0,Joint-Maintenance
ESCOOTER,TNC-REG,0.0,Joint-Maintenance
EBIKE,TNC-REG,0.0,Joint-Maintenance
DRIVEALONE,TNC-SHARED,0.0,Joint-Maintenance
SHARED2,TNC-SHARED,0.0,Joint-Maintenance
SHARED3,TNC-SHARED,0.0,Joint-Maintenance
WALK,TNC-SHARED,0.0,Joint-Maintenance
BIKE,TNC-SHARED,0.0,Joint-Maintenance
TAXI,TNC-SHARED,0.0,Joint-Maintenance
TNC-REG,TNC-SHARED,0.0,Joint-Maintenance
TNC-SHARED,TNC-SHARED,0.0,Joint-Maintenance
SCHOOLBUS,TNC-SHARED,0.0,Joint-Maintenance
ESCOOTER,TNC-SHARED,0.0,Joint-Maintenance
EBIKE,TNC-SHARED,0.0,Joint-Maintenance
DRIVEALONE,SCHOOLBUS,0.0,Joint-Maintenance
SHARED2,SCHOOLBUS,0.0,Joint-Maintenance
SHARED3,SCHOOLBUS,0.0,Joint-Maintenance
WALK,SCHOOLBUS,0.0,Joint-Maintenance
BIKE,SCHOOLBUS,0.0,Joint-Maintenance
TAXI,SCHOOLBUS,0.0,Joint-Maintenance
TNC-REG,SCHOOLBUS,0.0,Joint-Maintenance
TNC-SHARED,SCHOOLBUS,0.0,Joint-Maintenance
SCHOOLBUS,SCHOOLBUS,0.0,Joint-Maintenance
ESCOOTER,SCHOOLBUS,0.0,Joint-Maintenance
EBIKE,SCHOOLBUS,0.0,Joint-Maintenance
DRIVEALONE,ESCOOTER,0.0,Joint-Maintenance
SHARED2,ESCOOTER,0.0,Joint-Maintenance
SHARED3,ESCOOTER,0.0,Joint-Maintenance
WALK,ESCOOTER,0.0,Joint-Maintenance
BIKE,ESCOOTER,0.0,Joint-Maintenance
TAXI,ESCOOTER,0.0,Joint-Maintenance
TNC-REG,ESCOOTER,0.0,Joint-Maintenance
TNC-SHARED,ESCOOTER,0.0,Joint-Maintenance
SCHOOLBUS,ESCOOTER,0.0,Joint-Maintenance
ESCOOTER,ESCOOTER,0.0,Joint-Maintenance
EBIKE,ESCOOTER,0.0,Joint-Maintenance
DRIVEALONE,EBIKE,0.0,Joint-Maintenance
SHARED2,EBIKE,0.0,Joint-Maintenance
SHARED3,EBIKE,0.0,Joint-Maintenance
WALK,EBIKE,0.0,Joint-Maintenance
BIKE,EBIKE,0.0,Joint-Maintenance
TAXI,EBIKE,0.0,Joint-Maintenance
TNC-REG,EBIKE,0.0,Joint-Maintenance
TNC-SHARED,EBIKE,0.0,Joint-Maintenance
SCHOOLBUS,EBIKE,0.0,Joint-Maintenance
ESCOOTER,EBIKE,0.0,Joint-Maintenance
EBIKE,EBIKE,299.603036345644,Joint-Maintenance
DRIVEALONE,DRIVEALONE,0.0,Joint-Discretionary
SHARED2,DRIVEALONE,0.0,Joint-Discretionary
SHARED3,DRIVEALONE,0.0,Joint-Discretionary
WALK,DRIVEALONE,0.0,Joint-Discretionary
BIKE,DRIVEALONE,0.0,Joint-Discretionary
TAXI,DRIVEALONE,0.0,Joint-Discretionary
TNC-REG,DRIVEALONE,0.0,Joint-Discretionary
TNC-SHARED,DRIVEALONE,0.0,Joint-Discretionary
SCHOOLBUS,DRIVEALONE,0.0,Joint-Discretionary
ESCOOTER,DRIVEALONE,0.0,Joint-Discretionary
EBIKE,DRIVEALONE,0.0,Joint-Discretionary
DRIVEALONE,SHARED2,0.0,Joint-Discretionary
SHARED2,SHARED2,546580.82017769,Joint-Discretionary
SHARED3,SHARED2,0.0,Joint-Discretionary
WALK,SHARED2,19931.5975733031,Joint-Discretionary
BIKE,SHARED2,0.0,Joint-Discretionary
TAXI,SHARED2,0.0,Joint-Discretionary
TNC-REG,SHARED2,0.0,Joint-Discretionary
TNC-SHARED,SHARED2,0.0,Joint-Discretionary
SCHOOLBUS,SHARED2,0.0,Joint-Discretionary
ESCOOTER,SHARED2,0.0,Joint-Discretionary
EBIKE,SHARED2,0.0,Joint-Discretionary
DRIVEALONE,SHARED3,0.0,Joint-Discretionary
SHARED2,SHARED3,7990.86253906131,Joint-Discretionary
SHARED3,SHARED3,307487.732136806,Joint-Discretionary
WALK,SHARED3,15999.0414167284,Joint-Discretionary
BIKE,SHARED3,0.0,Joint-Discretionary
TAXI,SHARED3,0.0,Joint-Discretionary
TNC-REG,SHARED3,0.0,Joint-Discretionary
TNC-SHARED,SHARED3,0.0,Joint-Discretionary
SCHOOLBUS,SHARED3,0.0,Joint-Discretionary
ESCOOTER,SHARED3,0.0,Joint-Discretionary
EBIKE,SHARED3,0.0,Joint-Discretionary
DRIVEALONE,WALK,0.0,Joint-Discretionary
SHARED2,WALK,0.0,Joint-Discretionary
SHARED3,WALK,0.0,Joint-Discretionary
WALK,WALK,213847.648645464,Joint-Discretionary
BIKE,WALK,0.0,Joint-Discretionary
TAXI,WALK,0.0,Joint-Discretionary
TNC-REG,WALK,0.0,Joint-Discretionary
TNC-SHARED,WALK,0.0,Joint-Discretionary
SCHOOLBUS,WALK,0.0,Joint-Discretionary
ESCOOTER,WALK,0.0,Joint-Discretionary
EBIKE,WALK,0.0,Joint-Discretionary
DRIVEALONE,BIKE,0.0,Joint-Discretionary
SHARED2,BIKE,0.0,Joint-Discretionary
SHARED3,BIKE,0.0,Joint-Discretionary
WALK,BIKE,0.0,Joint-Discretionary
BIKE,BIKE,1242.85666586099,Joint-Discretionary
TAXI,BIKE,0.0,Joint-Discretionary
TNC-REG,BIKE,0.0,Joint-Discretionary
TNC-SHARED,BIKE,0.0,Joint-Discretionary
SCHOOLBUS,BIKE,0.0,Joint-Discretionary
ESCOOTER,BIKE,0.0,Joint-Discretionary
EBIKE,BIKE,0.0,Joint-Discretionary
DRIVEALONE,TAXI,0.0,Joint-Discretionary
SHARED2,TAXI,0.0,Joint-Discretionary
SHARED3,TAXI,0.0,Joint-Discretionary
WALK,TAXI,0.0,Joint-Discretionary
BIKE,TAXI,0.0,Joint-Discretionary
TAXI,TAXI,0.0,Joint-Discretionary
TNC-REG,TAXI,0.0,Joint-Discretionary
TNC-SHARED,TAXI,0.0,Joint-Discretionary
SCHOOLBUS,TAXI,0.0,Joint-Discretionary
ESCOOTER,TAXI,0.0,Joint-Discretionary
EBIKE,TAXI,0.0,Joint-Discretionary
DRIVEALONE,TNC-REG,0.0,Joint-Discretionary
SHARED2,TNC-REG,0.0,Joint-Discretionary
SHARED3,TNC-REG,0.0,Joint-Discretionary
WALK,TNC-REG,0.0,Joint-Discretionary
BIKE,TNC-REG,0.0,Joint-Discretionary
TAXI,TNC-REG,0.0,Joint-Discretionary
TNC-REG,TNC-REG,0.0,Joint-Discretionary
TNC-SHARED,TNC-REG,0.0,Joint-Discretionary
SCHOOLBUS,TNC-REG,0.0,Joint-Discretionary
ESCOOTER,TNC-REG,0.0,Joint-Discretionary
EBIKE,TNC-REG,0.0,Joint-Discretionary
DRIVEALONE,TNC-SHARED,0.0,Joint-Discretionary
SHARED2,TNC-SHARED,0.0,Joint-Discretionary
SHARED3,TNC-SHARED,0.0,Joint-Discretionary
WALK,TNC-SHARED,0.0,Joint-Discretionary
BIKE,TNC-SHARED,0.0,Joint-Discretionary
TAXI,TNC-SHARED,0.0,Joint-Discretionary
TNC-REG,TNC-SHARED,0.0,Joint-Discretionary
TNC-SHARED,TNC-SHARED,0.0,Joint-Discretionary
SCHOOLBUS,TNC-SHARED,0.0,Joint-Discretionary
ESCOOTER,TNC-SHARED,0.0,Joint-Discretionary
EBIKE,TNC-SHARED,0.0,Joint-Discretionary
DRIVEALONE,SCHOOLBUS,0.0,Joint-Discretionary
SHARED2,SCHOOLBUS,0.0,Joint-Discretionary
SHARED3,SCHOOLBUS,0.0,Joint-Discretionary
WALK,SCHOOLBUS,0.0,Joint-Discretionary
BIKE,SCHOOLBUS,0.0,Joint-Discretionary
TAXI,SCHOOLBUS,0.0,Joint-Discretionary
TNC-REG,SCHOOLBUS,0.0,Joint-Discretionary
TNC-SHARED,SCHOOLBUS,0.0,Joint-Discretionary
SCHOOLBUS,SCHOOLBUS,0.0,Joint-Discretionary
ESCOOTER,SCHOOLBUS,0.0,Joint-Discretionary
EBIKE,SCHOOLBUS,0.0,Joint-Discretionary
DRIVEALONE,ESCOOTER,0.0,Joint-Discretionary
SHARED2,ESCOOTER,0.0,Joint-Discretionary
SHARED3,ESCOOTER,0.0,Joint-Discretionary
WALK,ESCOOTER,0.0,Joint-Discretionary
BIKE,ESCOOTER,0.0,Joint-Discretionary
TAXI,ESCOOTER,0.0,Joint-Discretionary
TNC-REG,ESCOOTER,0.0,Joint-Discretionary
TNC-SHARED,ESCOOTER,0.0,Joint-Discretionary
SCHOOLBUS,ESCOOTER,0.0,Joint-Discretionary
ESCOOTER,ESCOOTER,0.0,Joint-Discretionary
EBIKE,ESCOOTER,0.0,Joint-Discretionary
DRIVEALONE,EBIKE,0.0,Joint-Discretionary
SHARED2,EBIKE,0.0,Joint-Discretionary
SHARED3,EBIKE,0.0,Joint-Discretionary
WALK,EBIKE,0.0,Joint-Discretionary
BIKE,EBIKE,0.0,Joint-Discretionary
TAXI,EBIKE,0.0,Joint-Discretionary
TNC-REG,EBIKE,0.0,Joint-Discretionary
TNC-SHARED,EBIKE,0.0,Joint-Discretionary
SCHOOLBUS,EBIKE,0.0,Joint-Discretionary
ESCOOTER,EBIKE,0.0,Joint-Discretionary
EBIKE,EBIKE,892.69774948352,Joint-Discretionary
DRIVEALONE,DRIVEALONE,165049.252859179,Work sub-tour
SHARED2,DRIVEALONE,0.0,Work sub-tour
SHARED3,DRIVEALONE,0.0,Work sub-tour
WALK,DRIVEALONE,1268.49199706957,Work sub-tour
BIKE,DRIVEALONE,0.0,Work sub-tour
TAXI,DRIVEALONE,0.0,Work sub-tour
TNC-REG,DRIVEALONE,17.2677990272926,Work sub-tour
TNC-SHARED,DRIVEALONE,0.0,Work sub-tour
SCHOOLBUS,DRIVEALONE,0.0,Work sub-tour
ESCOOTER,DRIVEALONE,0.0,Work sub-tour
EBIKE,DRIVEALONE,0.0,Work sub-tour
DRIVEALONE,SHARED2,12054.9895266432,Work sub-tour
SHARED2,SHARED2,17555.8340173163,Work sub-tour
SHARED3,SHARED2,0.0,Work sub-tour
WALK,SHARED2,312.172259764168,Work sub-tour
BIKE,SHARED2,0.0,Work sub-tour
TAXI,SHARED2,0.0,Work sub-tour
TNC-REG,SHARED2,0.0,Work sub-tour
TNC-SHARED,SHARED2,0.0,Work sub-tour
SCHOOLBUS,SHARED2,0.0,Work sub-tour
ESCOOTER,SHARED2,0.0,Work sub-tour
EBIKE,SHARED2,0.0,Work sub-tour
DRIVEALONE,SHARED3,2785.27932553309,Work sub-tour
SHARED2,SHARED3,10.4988032707324,Work sub-tour
SHARED3,SHARED3,11376.833426079,Work sub-tour
WALK,SHARED3,10.4988032707324,Work sub-tour
BIKE,SHARED3,0.0,Work sub-tour
TAXI,SHARED3,0.0,Work sub-tour
TNC-REG,SHARED3,0.0,Work sub-tour
TNC-SHARED,SHARED3,0.0,Work sub-tour
SCHOOLBUS,SHARED3,0.0,Work sub-tour
ESCOOTER,SHARED3,0.0,Work sub-tour
EBIKE,SHARED3,0.0,Work sub-tour
DRIVEALONE,WALK,0.0,Work sub-tour
SHARED2,WALK,0.0,Work sub-tour
SHARED3,WALK,0.0,Work sub-tour
WALK,WALK,67424.2196809755,Work sub-tour
BIKE,WALK,0.0,Work sub-tour
TAXI,WALK,0.0,Work sub-tour
TNC-REG,WALK,0.0,Work sub-tour
TNC-SHARED,WALK,0.0,Work sub-tour
SCHOOLBUS,WALK,0.0,Work sub-tour
ESCOOTER,WALK,0.0,Work sub-tour
EBIKE,WALK,0.0,Work sub-tour
DRIVEALONE,BIKE,0.0,Work sub-tour
SHARED2,BIKE,0.0,Work sub-tour
SHARED3,BIKE,0.0,Work sub-tour
WALK,BIKE,17.2840002974213,Work sub-tour
BIKE,BIKE,2776.98958413532,Work sub-tour
TAXI,BIKE,0.0,Work sub-tour
TNC-REG,BIKE,0.0,Work sub-tour
TNC-SHARED,BIKE,0.0,Work sub-tour
SCHOOLBUS,BIKE,0.0,Work sub-tour
ESCOOTER,BIKE,0.0,Work sub-tour
EBIKE,BIKE,0.0,Work sub-tour
DRIVEALONE,TAXI,0.0,Work sub-tour
SHARED2,TAXI,0.0,Work sub-tour
SHARED3,TAXI,0.0,Work sub-tour
WALK,TAXI,0.0,Work sub-tour
BIKE,TAXI,0.0,Work sub-tour
TAXI,TAXI,0.0,Work sub-tour
TNC-REG,TAXI,0.0,Work sub-tour
TNC-SHARED,TAXI,0.0,Work sub-tour
SCHOOLBUS,TAXI,0.0,Work sub-tour
ESCOOTER,TAXI,0.0,Work sub-tour
EBIKE,TAXI,0.0,Work sub-tour
DRIVEALONE,TNC-REG,0.0,Work sub-tour
SHARED2,TNC-REG,0.0,Work sub-tour
SHARED3,TNC-REG,0.0,Work sub-tour
WALK,TNC-REG,0.0,Work sub-tour
BIKE,TNC-REG,0.0,Work sub-tour
TAXI,TNC-REG,0.0,Work sub-tour
TNC-REG,TNC-REG,0.0,Work sub-tour
TNC-SHARED,TNC-REG,0.0,Work sub-tour
SCHOOLBUS,TNC-REG,0.0,Work sub-tour
ESCOOTER,TNC-REG,0.0,Work sub-tour
EBIKE,TNC-REG,0.0,Work sub-tour
DRIVEALONE,TNC-SHARED,0.0,Work sub-tour
SHARED2,TNC-SHARED,0.0,Work sub-tour
SHARED3,TNC-SHARED,0.0,Work sub-tour
WALK,TNC-SHARED,0.0,Work sub-tour
BIKE,TNC-SHARED,0.0,Work sub-tour
TAXI,TNC-SHARED,0.0,Work sub-tour
TNC-REG,TNC-SHARED,0.0,Work sub-tour
TNC-SHARED,TNC-SHARED,0.0,Work sub-tour
SCHOOLBUS,TNC-SHARED,0.0,Work sub-tour
ESCOOTER,TNC-SHARED,0.0,Work sub-tour
EBIKE,TNC-SHARED,0.0,Work sub-tour
DRIVEALONE,SCHOOLBUS,0.0,Work sub-tour
SHARED2,SCHOOLBUS,0.0,Work sub-tour
SHARED3,SCHOOLBUS,0.0,Work sub-tour
WALK,SCHOOLBUS,0.0,Work sub-tour
BIKE,SCHOOLBUS,0.0,Work sub-tour
TAXI,SCHOOLBUS,0.0,Work sub-tour
TNC-REG,SCHOOLBUS,0.0,Work sub-tour
TNC-SHARED,SCHOOLBUS,0.0,Work sub-tour
SCHOOLBUS,SCHOOLBUS,0.0,Work sub-tour
ESCOOTER,SCHOOLBUS,0.0,Work sub-tour
EBIKE,SCHOOLBUS,0.0,Work sub-tour
DRIVEALONE,ESCOOTER,0.0,Work sub-tour
SHARED2,ESCOOTER,0.0,Work sub-tour
SHARED3,ESCOOTER,0.0,Work sub-tour
WALK,ESCOOTER,0.0,Work sub-tour
BIKE,ESCOOTER,0.0,Work sub-tour
TAXI,ESCOOTER,0.0,Work sub-tour
TNC-REG,ESCOOTER,0.0,Work sub-tour
TNC-SHARED,ESCOOTER,0.0,Work sub-tour
SCHOOLBUS,ESCOOTER,0.0,Work sub-tour
ESCOOTER,ESCOOTER,0.0,Work sub-tour
EBIKE,ESCOOTER,0.0,Work sub-tour
DRIVEALONE,EBIKE,0.0,Work sub-tour
SHARED2,EBIKE,0.0,Work sub-tour
SHARED3,EBIKE,0.0,Work sub-tour
WALK,EBIKE,0.0,Work sub-tour
BIKE,EBIKE,0.0,Work sub-tour
TAXI,EBIKE,0.0,Work sub-tour
TNC-REG,EBIKE,0.0,Work sub-tour
TNC-SHARED,EBIKE,0.0,Work sub-tour
SCHOOLBUS,EBIKE,0.0,Work sub-tour
ESCOOTER,EBIKE,0.0,Work sub-tour
EBIKE,EBIKE,442.843575567199,Work sub-tour
DRIVEALONE,KNR-TRANSIT,0.0,Ind-Discretionary
DRIVEALONE,KNR-TRANSIT,0.0,Ind-Maintenance
DRIVEALONE,KNR-TRANSIT,0.0,Joint-Discretionary
DRIVEALONE,KNR-TRANSIT,0.0,Joint-Maintenance
DRIVEALONE,KNR-TRANSIT,0.0,School
DRIVEALONE,KNR-TRANSIT,0.0,University
DRIVEALONE,KNR-TRANSIT,0.0,Work
SHARED2,KNR-TRANSIT,0.0,Ind-Discretionary
SHARED2,KNR-TRANSIT,0.0,Ind-Maintenance
SHARED2,KNR-TRANSIT,0.0,Joint-Discretionary
SHARED2,KNR-TRANSIT,0.0,Joint-Maintenance
SHARED2,KNR-TRANSIT,0.0,School
SHARED2,KNR-TRANSIT,0.0,University
SHARED2,KNR-TRANSIT,0.0,Work
SHARED3,KNR-TRANSIT,0.0,Ind-Discretionary
SHARED3,KNR-TRANSIT,0.0,Ind-Maintenance
SHARED3,KNR-TRANSIT,0.0,Joint-Discretionary
SHARED3,KNR-TRANSIT,0.0,Joint-Maintenance
SHARED3,KNR-TRANSIT,0.0,School
SHARED3,KNR-TRANSIT,0.0,University
SHARED3,KNR-TRANSIT,0.0,Work
BIKE,KNR-TRANSIT,0.0,Ind-Discretionary
BIKE,KNR-TRANSIT,0.0,Ind-Maintenance
BIKE,KNR-TRANSIT,0.0,Joint-Discretionary
BIKE,KNR-TRANSIT,0.0,Joint-Maintenance
BIKE,KNR-TRANSIT,0.0,School
BIKE,KNR-TRANSIT,0.0,University
BIKE,KNR-TRANSIT,0.0,Work
ESCOOTER,KNR-TRANSIT,0.0,Ind-Discretionary
ESCOOTER,KNR-TRANSIT,0.0,Ind-Maintenance
ESCOOTER,KNR-TRANSIT,0.0,Joint-Discretionary
ESCOOTER,KNR-TRANSIT,0.0,Joint-Maintenance
ESCOOTER,KNR-TRANSIT,0.0,School
ESCOOTER,KNR-TRANSIT,0.0,University
ESCOOTER,KNR-TRANSIT,0.0,Work
WALK,KNR-TRANSIT,0.0,Ind-Discretionary
WALK,KNR-TRANSIT,0.0,Ind-Maintenance
WALK,KNR-TRANSIT,0.0,Joint-Discretionary
WALK,KNR-TRANSIT,0.0,Joint-Maintenance
WALK,KNR-TRANSIT,0.0,School
WALK,KNR-TRANSIT,0.0,University
WALK,KNR-TRANSIT,0.0,Work
Walk_LOC,KNR-TRANSIT,0.0,Ind-Discretionary
Walk_LOC,KNR-TRANSIT,0.0,Ind-Maintenance
Walk_LOC,KNR-TRANSIT,0.0,Joint-Discretionary
Walk_LOC,KNR-TRANSIT,0.0,Joint-Maintenance
Walk_LOC,KNR-TRANSIT,0.0,School
Walk_LOC,KNR-TRANSIT,0.0,University
Walk_LOC,KNR-TRANSIT,0.0,Work
Walk_PRM,KNR-TRANSIT,0.0,Ind-Discretionary
Walk_PRM,KNR-TRANSIT,0.0,Ind-Maintenance
Walk_PRM,KNR-TRANSIT,0.0,Joint-Discretionary
Walk_PRM,KNR-TRANSIT,0.0,Joint-Maintenance
Walk_PRM,KNR-TRANSIT,0.0,School
Walk_PRM,KNR-TRANSIT,0.0,University
Walk_PRM,KNR-TRANSIT,0.0,Work
Walk_MIX,KNR-TRANSIT,0.0,Ind-Discretionary
Walk_MIX,KNR-TRANSIT,0.0,Ind-Maintenance
Walk_MIX,KNR-TRANSIT,0.0,Joint-Discretionary
Walk_MIX,KNR-TRANSIT,0.0,Joint-Maintenance
Walk_MIX,KNR-TRANSIT,0.0,School
Walk_MIX,KNR-TRANSIT,0.0,University
Walk_MIX,KNR-TRANSIT,0.0,Work
PNR_LOC,KNR-TRANSIT,0.0,Ind-Discretionary
PNR_LOC,KNR-TRANSIT,0.0,Ind-Maintenance
PNR_LOC,KNR-TRANSIT,0.0,Joint-Discretionary
PNR_LOC,KNR-TRANSIT,0.0,Joint-Maintenance
PNR_LOC,KNR-TRANSIT,0.0,School
PNR_LOC,KNR-TRANSIT,0.0,University
PNR_LOC,KNR-TRANSIT,0.0,Work
PNR_PRM,KNR-TRANSIT,0.0,Ind-Discretionary
PNR_PRM,KNR-TRANSIT,0.0,Ind-Maintenance
PNR_PRM,KNR-TRANSIT,0.0,Joint-Discretionary
PNR_PRM,KNR-TRANSIT,0.0,Joint-Maintenance
PNR_PRM,KNR-TRANSIT,0.0,School
PNR_PRM,KNR-TRANSIT,0.0,University
PNR_PRM,KNR-TRANSIT,0.0,Work
PNR_MIX,KNR-TRANSIT,0.0,Ind-Discretionary
PNR_MIX,KNR-TRANSIT,0.0,Ind-Maintenance
PNR_MIX,KNR-TRANSIT,0.0,Joint-Discretionary
PNR_MIX,KNR-TRANSIT,0.0,Joint-Maintenance
PNR_MIX,KNR-TRANSIT,0.0,School
PNR_MIX,KNR-TRANSIT,0.0,University
PNR_MIX,KNR-TRANSIT,0.0,Work
KNR_LOC,KNR-TRANSIT,1386.498018196771,Ind-Discretionary
KNR_LOC,KNR-TRANSIT,546.1455190580656,Ind-Maintenance
KNR_LOC,KNR-TRANSIT,331.2120031752288,Joint-Discretionary
KNR_LOC,KNR-TRANSIT,81.37842624993442,Joint-Maintenance
KNR_LOC,KNR-TRANSIT,326.508253111,School
KNR_LOC,KNR-TRANSIT,415.273081339,University
KNR_LOC,KNR-TRANSIT,2411.674839753,Work
KNR_PRM,KNR-TRANSIT,3638.598785153206,Ind-Discretionary
KNR_PRM,KNR-TRANSIT,2243.1492663979484,Ind-Maintenance
KNR_PRM,KNR-TRANSIT,869.2025351387941,Joint-Discretionary
KNR_PRM,KNR-TRANSIT,334.240510584052,Joint-Maintenance
KNR_PRM,KNR-TRANSIT,444.05464166800004,School
KNR_PRM,KNR-TRANSIT,1956.98216192,University
KNR_PRM,KNR-TRANSIT,6108.348202398,Work
KNR_MIX,KNR-TRANSIT,265.04005593341446,Ind-Discretionary
KNR_MIX,KNR-TRANSIT,139.68331695716594,Ind-Maintenance
KNR_MIX,KNR-TRANSIT,63.31379251558553,Joint-Discretionary
KNR_MIX,KNR-TRANSIT,20.81351601483412,Joint-Maintenance
KNR_MIX,KNR-TRANSIT,68.168845411,School
KNR_MIX,KNR-TRANSIT,117.055108704,University
KNR_MIX,KNR-TRANSIT,552.30586178,Work
TNC_LOC,KNR-TRANSIT,0.0,Ind-Discretionary
TNC_LOC,KNR-TRANSIT,0.0,Ind-Maintenance
TNC_LOC,KNR-TRANSIT,0.0,Joint-Discretionary
TNC_LOC,KNR-TRANSIT,0.0,Joint-Maintenance
TNC_LOC,KNR-TRANSIT,0.0,School
TNC_LOC,KNR-TRANSIT,0.0,University
TNC_LOC,KNR-TRANSIT,0.0,Work
TNC_PRM,KNR-TRANSIT,0.0,Ind-Discretionary
TNC_PRM,KNR-TRANSIT,0.0,Ind-Maintenance
TNC_PRM,KNR-TRANSIT,0.0,Joint-Discretionary
TNC_PRM,KNR-TRANSIT,0.0,Joint-Maintenance
TNC_PRM,KNR-TRANSIT,0.0,School
TNC_PRM,KNR-TRANSIT,0.0,University
TNC_PRM,KNR-TRANSIT,0.0,Work
TNC_MIX,KNR-TRANSIT,0.0,Ind-Discretionary
TNC_MIX,KNR-TRANSIT,0.0,Ind-Maintenance
TNC_MIX,KNR-TRANSIT,0.0,Joint-Discretionary
TNC_MIX,KNR-TRANSIT,0.0,Joint-Maintenance
TNC_MIX,KNR-TRANSIT,0.0,School
TNC_MIX,KNR-TRANSIT,0.0,University
TNC_MIX,KNR-TRANSIT,0.0,Work
TNC-REG,KNR-TRANSIT,0.0,Ind-Discretionary
TNC-REG,KNR-TRANSIT,0.0,Ind-Maintenance
TNC-REG,KNR-TRANSIT,0.0,Joint-Discretionary
TNC-REG,KNR-TRANSIT,0.0,Joint-Maintenance
TNC-REG,KNR-TRANSIT,0.0,School
TNC-REG,KNR-TRANSIT,0.0,University
TNC-REG,KNR-TRANSIT,0.0,Work
TNC-SHARED,KNR-TRANSIT,0.0,Ind-Discretionary
TNC-SHARED,KNR-TRANSIT,0.0,Ind-Maintenance
TNC-SHARED,KNR-TRANSIT,0.0,Joint-Discretionary
TNC-SHARED,KNR-TRANSIT,0.0,Joint-Maintenance
TNC-SHARED,KNR-TRANSIT,0.0,School
TNC-SHARED,KNR-TRANSIT,0.0,University
TNC-SHARED,KNR-TRANSIT,0.0,Work
TAXI,KNR-TRANSIT,0.0,Ind-Discretionary
TAXI,KNR-TRANSIT,0.0,Ind-Maintenance
TAXI,KNR-TRANSIT,0.0,Joint-Discretionary
TAXI,KNR-TRANSIT,0.0,Joint-Maintenance
TAXI,KNR-TRANSIT,0.0,School
TAXI,KNR-TRANSIT,0.0,University
TAXI,KNR-TRANSIT,0.0,Work
DRIVEALONE,PNR-TRANSIT,0.0,Ind-Discretionary
DRIVEALONE,PNR-TRANSIT,0.0,Ind-Maintenance
DRIVEALONE,PNR-TRANSIT,0.0,Joint-Discretionary
DRIVEALONE,PNR-TRANSIT,0.0,Joint-Maintenance
DRIVEALONE,PNR-TRANSIT,0.0,School
DRIVEALONE,PNR-TRANSIT,0.0,University
DRIVEALONE,PNR-TRANSIT,0.0,Work
SHARED2,PNR-TRANSIT,0.0,Ind-Discretionary
SHARED2,PNR-TRANSIT,0.0,Ind-Maintenance
SHARED2,PNR-TRANSIT,0.0,Joint-Discretionary
SHARED2,PNR-TRANSIT,0.0,Joint-Maintenance
SHARED2,PNR-TRANSIT,0.0,School
SHARED2,PNR-TRANSIT,0.0,University
SHARED2,PNR-TRANSIT,0.0,Work
SHARED3,PNR-TRANSIT,0.0,Ind-Discretionary
SHARED3,PNR-TRANSIT,0.0,Ind-Maintenance
SHARED3,PNR-TRANSIT,0.0,Joint-Discretionary
SHARED3,PNR-TRANSIT,0.0,Joint-Maintenance
SHARED3,PNR-TRANSIT,0.0,School
SHARED3,PNR-TRANSIT,0.0,University
SHARED3,PNR-TRANSIT,0.0,Work
BIKE,PNR-TRANSIT,0.0,Ind-Discretionary
BIKE,PNR-TRANSIT,0.0,Ind-Maintenance
BIKE,PNR-TRANSIT,0.0,Joint-Discretionary
BIKE,PNR-TRANSIT,0.0,Joint-Maintenance
BIKE,PNR-TRANSIT,0.0,School
BIKE,PNR-TRANSIT,0.0,University
BIKE,PNR-TRANSIT,0.0,Work
ESCOOTER,PNR-TRANSIT,0.0,Ind-Discretionary
ESCOOTER,PNR-TRANSIT,0.0,Ind-Maintenance
ESCOOTER,PNR-TRANSIT,0.0,Joint-Discretionary
ESCOOTER,PNR-TRANSIT,0.0,Joint-Maintenance
ESCOOTER,PNR-TRANSIT,0.0,School
ESCOOTER,PNR-TRANSIT,0.0,University
ESCOOTER,PNR-TRANSIT,0.0,Work
WALK,PNR-TRANSIT,0.0,Ind-Discretionary
WALK,PNR-TRANSIT,0.0,Ind-Maintenance
WALK,PNR-TRANSIT,0.0,Joint-Discretionary
WALK,PNR-TRANSIT,0.0,Joint-Maintenance
WALK,PNR-TRANSIT,0.0,School
WALK,PNR-TRANSIT,0.0,University
WALK,PNR-TRANSIT,0.0,Work
Walk_LOC,PNR-TRANSIT,0.0,Ind-Discretionary
Walk_LOC,PNR-TRANSIT,0.0,Ind-Maintenance
Walk_LOC,PNR-TRANSIT,0.0,Joint-Discretionary
Walk_LOC,PNR-TRANSIT,0.0,Joint-Maintenance
Walk_LOC,PNR-TRANSIT,0.0,School
Walk_LOC,PNR-TRANSIT,0.0,University
Walk_LOC,PNR-TRANSIT,0.0,Work
Walk_PRM,PNR-TRANSIT,0.0,Ind-Discretionary
Walk_PRM,PNR-TRANSIT,0.0,Ind-Maintenance
Walk_PRM,PNR-TRANSIT,0.0,Joint-Discretionary
Walk_PRM,PNR-TRANSIT,0.0,Joint-Maintenance
Walk_PRM,PNR-TRANSIT,0.0,School
Walk_PRM,PNR-TRANSIT,0.0,University
Walk_PRM,PNR-TRANSIT,0.0,Work
Walk_MIX,PNR-TRANSIT,0.0,Ind-Discretionary
Walk_MIX,PNR-TRANSIT,0.0,Ind-Maintenance
Walk_MIX,PNR-TRANSIT,0.0,Joint-Discretionary
Walk_MIX,PNR-TRANSIT,0.0,Joint-Maintenance
Walk_MIX,PNR-TRANSIT,0.0,School
Walk_MIX,PNR-TRANSIT,0.0,University
Walk_MIX,PNR-TRANSIT,0.0,Work
PNR_LOC,PNR-TRANSIT,92.06445892879418,Ind-Discretionary
PNR_LOC,PNR-TRANSIT,68.5708996835152,Ind-Maintenance
PNR_LOC,PNR-TRANSIT,21.99271363020583,Joint-Discretionary
PNR_LOC,PNR-TRANSIT,10.217408562484813,Joint-Maintenance
PNR_LOC,PNR-TRANSIT,6.324580367,School
PNR_LOC,PNR-TRANSIT,104.38948469,University
PNR_LOC,PNR-TRANSIT,470.57806017600006,Work
PNR_PRM,PNR-TRANSIT,1762.2908139020028,Ind-Discretionary
PNR_PRM,PNR-TRANSIT,1024.109422906229,Ind-Maintenance
PNR_PRM,PNR-TRANSIT,420.9828380489971,Joint-Discretionary
PNR_PRM,PNR-TRANSIT,152.59744927977115,Joint-Maintenance
PNR_PRM,PNR-TRANSIT,25.072103036,School
PNR_PRM,PNR-TRANSIT,1908.454894601,University
PNR_PRM,PNR-TRANSIT,4490.363608618,Work
PNR_MIX,PNR-TRANSIT,32.80267929123038,Ind-Discretionary
PNR_MIX,PNR-TRANSIT,12.909316162591997,Ind-Maintenance
PNR_MIX,PNR-TRANSIT,7.836030758769614,Joint-Discretionary
PNR_MIX,PNR-TRANSIT,1.9235529664080004,Joint-Maintenance
PNR_MIX,PNR-TRANSIT,5.361893153,School
PNR_MIX,PNR-TRANSIT,25.78535346,University
PNR_MIX,PNR-TRANSIT,126.084065771,Work
KNR_LOC,PNR-TRANSIT,0.0,Ind-Discretionary
KNR_LOC,PNR-TRANSIT,0.0,Ind-Maintenance
KNR_LOC,PNR-TRANSIT,0.0,Joint-Discretionary
KNR_LOC,PNR-TRANSIT,0.0,Joint-Maintenance
KNR_LOC,PNR-TRANSIT,0.0,School
KNR_LOC,PNR-TRANSIT,0.0,University
KNR_LOC,PNR-TRANSIT,0.0,Work
KNR_PRM,PNR-TRANSIT,0.0,Ind-Discretionary
KNR_PRM,PNR-TRANSIT,0.0,Ind-Maintenance
KNR_PRM,PNR-TRANSIT,0.0,Joint-Discretionary
KNR_PRM,PNR-TRANSIT,0.0,Joint-Maintenance
KNR_PRM,PNR-TRANSIT,0.0,School
KNR_PRM,PNR-TRANSIT,0.0,University
KNR_PRM,PNR-TRANSIT,0.0,Work
KNR_MIX,PNR-TRANSIT,0.0,Ind-Discretionary
KNR_MIX,PNR-TRANSIT,0.0,Ind-Maintenance
KNR_MIX,PNR-TRANSIT,0.0,Joint-Discretionary
KNR_MIX,PNR-TRANSIT,0.0,Joint-Maintenance
KNR_MIX,PNR-TRANSIT,0.0,School
KNR_MIX,PNR-TRANSIT,0.0,University
KNR_MIX,PNR-TRANSIT,0.0,Work
TNC_LOC,PNR-TRANSIT,0.0,Ind-Discretionary
TNC_LOC,PNR-TRANSIT,0.0,Ind-Maintenance
TNC_LOC,PNR-TRANSIT,0.0,Joint-Discretionary
TNC_LOC,PNR-TRANSIT,0.0,Joint-Maintenance
TNC_LOC,PNR-TRANSIT,0.0,School
TNC_LOC,PNR-TRANSIT,0.0,University
TNC_LOC,PNR-TRANSIT,0.0,Work
TNC_PRM,PNR-TRANSIT,0.0,Ind-Discretionary
TNC_PRM,PNR-TRANSIT,0.0,Ind-Maintenance
TNC_PRM,PNR-TRANSIT,0.0,Joint-Discretionary
TNC_PRM,PNR-TRANSIT,0.0,Joint-Maintenance
TNC_PRM,PNR-TRANSIT,0.0,School
TNC_PRM,PNR-TRANSIT,0.0,University
TNC_PRM,PNR-TRANSIT,0.0,Work
TNC_MIX,PNR-TRANSIT,0.0,Ind-Discretionary
TNC_MIX,PNR-TRANSIT,0.0,Ind-Maintenance
TNC_MIX,PNR-TRANSIT,0.0,Joint-Discretionary
TNC_MIX,PNR-TRANSIT,0.0,Joint-Maintenance
TNC_MIX,PNR-TRANSIT,0.0,School
TNC_MIX,PNR-TRANSIT,0.0,University
TNC_MIX,PNR-TRANSIT,0.0,Work
TNC-REG,PNR-TRANSIT,0.0,Ind-Discretionary
TNC-REG,PNR-TRANSIT,0.0,Ind-Maintenance
TNC-REG,PNR-TRANSIT,0.0,Joint-Discretionary
TNC-REG,PNR-TRANSIT,0.0,Joint-Maintenance
TNC-REG,PNR-TRANSIT,0.0,School
TNC-REG,PNR-TRANSIT,0.0,University
TNC-REG,PNR-TRANSIT,0.0,Work
TNC-SHARED,PNR-TRANSIT,0.0,Ind-Discretionary
TNC-SHARED,PNR-TRANSIT,0.0,Ind-Maintenance
TNC-SHARED,PNR-TRANSIT,0.0,Joint-Discretionary
TNC-SHARED,PNR-TRANSIT,0.0,Joint-Maintenance
TNC-SHARED,PNR-TRANSIT,0.0,School
TNC-SHARED,PNR-TRANSIT,0.0,University
TNC-SHARED,PNR-TRANSIT,0.0,Work
TAXI,PNR-TRANSIT,0.0,Ind-Discretionary
TAXI,PNR-TRANSIT,0.0,Ind-Maintenance
TAXI,PNR-TRANSIT,0.0,Joint-Discretionary
TAXI,PNR-TRANSIT,0.0,Joint-Maintenance
TAXI,PNR-TRANSIT,0.0,School
TAXI,PNR-TRANSIT,0.0,University
TAXI,PNR-TRANSIT,0.0,Work
DRIVEALONE,TNC-TRANSIT,0.0,Ind-Discretionary
DRIVEALONE,TNC-TRANSIT,0.0,Ind-Maintenance
DRIVEALONE,TNC-TRANSIT,0.0,Joint-Discretionary
DRIVEALONE,TNC-TRANSIT,0.0,Joint-Maintenance
DRIVEALONE,TNC-TRANSIT,0.0,School
DRIVEALONE,TNC-TRANSIT,0.0,University
DRIVEALONE,TNC-TRANSIT,0.0,Work
SHARED2,TNC-TRANSIT,0.0,Ind-Discretionary
SHARED2,TNC-TRANSIT,0.0,Ind-Maintenance
SHARED2,TNC-TRANSIT,0.0,Joint-Discretionary
SHARED2,TNC-TRANSIT,0.0,Joint-Maintenance
SHARED2,TNC-TRANSIT,0.0,School
SHARED2,TNC-TRANSIT,0.0,University
SHARED2,TNC-TRANSIT,0.0,Work
SHARED3,TNC-TRANSIT,0.0,Ind-Discretionary
SHARED3,TNC-TRANSIT,0.0,Ind-Maintenance
SHARED3,TNC-TRANSIT,0.0,Joint-Discretionary
SHARED3,TNC-TRANSIT,0.0,Joint-Maintenance
SHARED3,TNC-TRANSIT,0.0,School
SHARED3,TNC-TRANSIT,0.0,University
SHARED3,TNC-TRANSIT,0.0,Work
BIKE,TNC-TRANSIT,0.0,Ind-Discretionary
BIKE,TNC-TRANSIT,0.0,Ind-Maintenance
BIKE,TNC-TRANSIT,0.0,Joint-Discretionary
BIKE,TNC-TRANSIT,0.0,Joint-Maintenance
BIKE,TNC-TRANSIT,0.0,School
BIKE,TNC-TRANSIT,0.0,University
BIKE,TNC-TRANSIT,0.0,Work
ESCOOTER,TNC-TRANSIT,0.0,Ind-Discretionary
ESCOOTER,TNC-TRANSIT,0.0,Ind-Maintenance
ESCOOTER,TNC-TRANSIT,0.0,Joint-Discretionary
ESCOOTER,TNC-TRANSIT,0.0,Joint-Maintenance
ESCOOTER,TNC-TRANSIT,0.0,School
ESCOOTER,TNC-TRANSIT,0.0,University
ESCOOTER,TNC-TRANSIT,0.0,Work
WALK,TNC-TRANSIT,0.0,Ind-Discretionary
WALK,TNC-TRANSIT,0.0,Ind-Maintenance
WALK,TNC-TRANSIT,0.0,Joint-Discretionary
WALK,TNC-TRANSIT,0.0,Joint-Maintenance
WALK,TNC-TRANSIT,0.0,School
WALK,TNC-TRANSIT,0.0,University
WALK,TNC-TRANSIT,0.0,Work
Walk_LOC,TNC-TRANSIT,0.0,Ind-Discretionary
Walk_LOC,TNC-TRANSIT,0.0,Ind-Maintenance
Walk_LOC,TNC-TRANSIT,0.0,Joint-Discretionary
Walk_LOC,TNC-TRANSIT,0.0,Joint-Maintenance
Walk_LOC,TNC-TRANSIT,0.0,School
Walk_LOC,TNC-TRANSIT,0.0,University
Walk_LOC,TNC-TRANSIT,0.0,Work
Walk_PRM,TNC-TRANSIT,0.0,Ind-Discretionary
Walk_PRM,TNC-TRANSIT,0.0,Ind-Maintenance
Walk_PRM,TNC-TRANSIT,0.0,Joint-Discretionary
Walk_PRM,TNC-TRANSIT,0.0,Joint-Maintenance
Walk_PRM,TNC-TRANSIT,0.0,School
Walk_PRM,TNC-TRANSIT,0.0,University
Walk_PRM,TNC-TRANSIT,0.0,Work
Walk_MIX,TNC-TRANSIT,0.0,Ind-Discretionary
Walk_MIX,TNC-TRANSIT,0.0,Ind-Maintenance
Walk_MIX,TNC-TRANSIT,0.0,Joint-Discretionary
Walk_MIX,TNC-TRANSIT,0.0,Joint-Maintenance
Walk_MIX,TNC-TRANSIT,0.0,School
Walk_MIX,TNC-TRANSIT,0.0,University
Walk_MIX,TNC-TRANSIT,0.0,Work
PNR_LOC,TNC-TRANSIT,0.0,Ind-Discretionary
PNR_LOC,TNC-TRANSIT,0.0,Ind-Maintenance
PNR_LOC,TNC-TRANSIT,0.0,Joint-Discretionary
PNR_LOC,TNC-TRANSIT,0.0,Joint-Maintenance
PNR_LOC,TNC-TRANSIT,0.0,School
PNR_LOC,TNC-TRANSIT,0.0,University
PNR_LOC,TNC-TRANSIT,0.0,Work
PNR_PRM,TNC-TRANSIT,0.0,Ind-Discretionary
PNR_PRM,TNC-TRANSIT,0.0,Ind-Maintenance
PNR_PRM,TNC-TRANSIT,0.0,Joint-Discretionary
PNR_PRM,TNC-TRANSIT,0.0,Joint-Maintenance
PNR_PRM,TNC-TRANSIT,0.0,School
PNR_PRM,TNC-TRANSIT,0.0,University
PNR_PRM,TNC-TRANSIT,0.0,Work
PNR_MIX,TNC-TRANSIT,0.0,Ind-Discretionary
PNR_MIX,TNC-TRANSIT,0.0,Ind-Maintenance
PNR_MIX,TNC-TRANSIT,0.0,Joint-Discretionary
PNR_MIX,TNC-TRANSIT,0.0,Joint-Maintenance
PNR_MIX,TNC-TRANSIT,0.0,School
PNR_MIX,TNC-TRANSIT,0.0,University
PNR_MIX,TNC-TRANSIT,0.0,Work
KNR_LOC,TNC-TRANSIT,0.0,Ind-Discretionary
KNR_LOC,TNC-TRANSIT,0.0,Ind-Maintenance
KNR_LOC,TNC-TRANSIT,0.0,Joint-Discretionary
KNR_LOC,TNC-TRANSIT,0.0,Joint-Maintenance
KNR_LOC,TNC-TRANSIT,0.0,School
KNR_LOC,TNC-TRANSIT,0.0,University
KNR_LOC,TNC-TRANSIT,0.0,Work
KNR_PRM,TNC-TRANSIT,0.0,Ind-Discretionary
KNR_PRM,TNC-TRANSIT,0.0,Ind-Maintenance
KNR_PRM,TNC-TRANSIT,0.0,Joint-Discretionary
KNR_PRM,TNC-TRANSIT,0.0,Joint-Maintenance
KNR_PRM,TNC-TRANSIT,0.0,School
KNR_PRM,TNC-TRANSIT,0.0,University
KNR_PRM,TNC-TRANSIT,0.0,Work
KNR_MIX,TNC-TRANSIT,0.0,Ind-Discretionary
KNR_MIX,TNC-TRANSIT,0.0,Ind-Maintenance
KNR_MIX,TNC-TRANSIT,0.0,Joint-Discretionary
KNR_MIX,TNC-TRANSIT,0.0,Joint-Maintenance
KNR_MIX,TNC-TRANSIT,0.0,School
KNR_MIX,TNC-TRANSIT,0.0,University
KNR_MIX,TNC-TRANSIT,0.0,Work
TNC_LOC,TNC-TRANSIT,252.79548235212687,Ind-Discretionary
TNC_LOC,TNC-TRANSIT,125.52141442396152,Ind-Maintenance
TNC_LOC,TNC-TRANSIT,60.38876147287315,Joint-Discretionary
TNC_LOC,TNC-TRANSIT,18.703321386038485,Joint-Maintenance
TNC_LOC,TNC-TRANSIT,18.178040253,School
TNC_LOC,TNC-TRANSIT,17.625455618,University
TNC_LOC,TNC-TRANSIT,213.110479369,Work
TNC_PRM,TNC-TRANSIT,643.9772573275922,Ind-Discretionary
TNC_PRM,TNC-TRANSIT,254.45167069780052,Ind-Maintenance
TNC_PRM,TNC-TRANSIT,153.83577516840788,Joint-Discretionary
TNC_PRM,TNC-TRANSIT,37.91457733419951,Joint-Maintenance
TNC_PRM,TNC-TRANSIT,12.67522333,School
TNC_PRM,TNC-TRANSIT,143.90901604,University
TNC_PRM,TNC-TRANSIT,701.136417619,Work
TNC_MIX,TNC-TRANSIT,56.937424429553644,Ind-Discretionary
TNC_MIX,TNC-TRANSIT,31.459525936475416,Ind-Maintenance
TNC_MIX,TNC-TRANSIT,13.601431919446354,Joint-Discretionary
TNC_MIX,TNC-TRANSIT,4.687627421524581,Joint-Maintenance
TNC_MIX,TNC-TRANSIT,2.3376566,School
TNC_MIX,TNC-TRANSIT,3.3510051550000006,University
TNC_MIX,TNC-TRANSIT,73.138587538,Work
TNC-REG,TNC-TRANSIT,0.0,Ind-Discretionary
TNC-REG,TNC-TRANSIT,0.0,Ind-Maintenance
TNC-REG,TNC-TRANSIT,0.0,Joint-Discretionary
TNC-REG,TNC-TRANSIT,0.0,Joint-Maintenance
TNC-REG,TNC-TRANSIT,0.0,School
TNC-REG,TNC-TRANSIT,0.0,University
TNC-REG,TNC-TRANSIT,0.0,Work
TNC-SHARED,TNC-TRANSIT,0.0,Ind-Discretionary
TNC-SHARED,TNC-TRANSIT,0.0,Ind-Maintenance
TNC-SHARED,TNC-TRANSIT,0.0,Joint-Discretionary
TNC-SHARED,TNC-TRANSIT,0.0,Joint-Maintenance
TNC-SHARED,TNC-TRANSIT,0.0,School
TNC-SHARED,TNC-TRANSIT,0.0,University
TNC-SHARED,TNC-TRANSIT,0.0,Work
TAXI,TNC-TRANSIT,0.0,Ind-Discretionary
TAXI,TNC-TRANSIT,0.0,Ind-Maintenance
TAXI,TNC-TRANSIT,0.0,Joint-Discretionary
TAXI,TNC-TRANSIT,0.0,Joint-Maintenance
TAXI,TNC-TRANSIT,0.0,School
TAXI,TNC-TRANSIT,0.0,University
TAXI,TNC-TRANSIT,0.0,Work
DRIVEALONE,WALK-TRANSIT,3905.3628852702204,Ind-Discretionary
DRIVEALONE,WALK-TRANSIT,1505.3853584484461,Ind-Maintenance
DRIVEALONE,WALK-TRANSIT,932.9281739896204,Joint-Discretionary
DRIVEALONE,WALK-TRANSIT,224.30998167212513,Joint-Maintenance
DRIVEALONE,WALK-TRANSIT,0.0,School
DRIVEALONE,WALK-TRANSIT,253.05421827816127,University
DRIVEALONE,WALK-TRANSIT,1912.7133787439304,Work
SHARED2,WALK-TRANSIT,1464.5110819763327,Ind-Discretionary
SHARED2,WALK-TRANSIT,1505.3853584484461,Ind-Maintenance
SHARED2,WALK-TRANSIT,349.84806524610764,Joint-Discretionary
SHARED2,WALK-TRANSIT,224.30998167212513,Joint-Maintenance
SHARED2,WALK-TRANSIT,569.4800658595715,School
SHARED2,WALK-TRANSIT,1771.379527947129,University
SHARED2,WALK-TRANSIT,4303.605102173844,Work
SHARED3,WALK-TRANSIT,0.0,Ind-Discretionary
SHARED3,WALK-TRANSIT,0.0,Ind-Maintenance
SHARED3,WALK-TRANSIT,0.0,Joint-Discretionary
SHARED3,WALK-TRANSIT,0.0,Joint-Maintenance
SHARED3,WALK-TRANSIT,0.0,School
SHARED3,WALK-TRANSIT,0.0,University
SHARED3,WALK-TRANSIT,0.0,Work
BIKE,WALK-TRANSIT,0.0,Ind-Discretionary
BIKE,WALK-TRANSIT,602.1541433793784,Ind-Maintenance
BIKE,WALK-TRANSIT,0.0,Joint-Discretionary
BIKE,WALK-TRANSIT,89.72399266885006,Joint-Maintenance
BIKE,WALK-TRANSIT,0.0,School
BIKE,WALK-TRANSIT,506.10843655632254,University
BIKE,WALK-TRANSIT,478.1783446859826,Work
ESCOOTER,WALK-TRANSIT,0.0,Ind-Discretionary
ESCOOTER,WALK-TRANSIT,0.0,Ind-Maintenance
ESCOOTER,WALK-TRANSIT,0.0,Joint-Discretionary
ESCOOTER,WALK-TRANSIT,0.0,Joint-Maintenance
ESCOOTER,WALK-TRANSIT,0.0,School
ESCOOTER,WALK-TRANSIT,0.0,University
ESCOOTER,WALK-TRANSIT,0.0,Work
WALK,WALK-TRANSIT,6834.385049222886,Ind-Discretionary
WALK,WALK-TRANSIT,15656.007727863842,Ind-Maintenance
WALK,WALK-TRANSIT,1632.6243044818357,Joint-Discretionary
WALK,WALK-TRANSIT,2332.823809390102,Joint-Maintenance
WALK,WALK-TRANSIT,2847.4003292978578,School
WALK,WALK-TRANSIT,3795.813274172419,University
WALK,WALK-TRANSIT,8129.031859661704,Work
Walk_LOC,WALK-TRANSIT,14202.772455163906,Ind-Discretionary
Walk_LOC,WALK-TRANSIT,7936.254188747841,Ind-Maintenance
Walk_LOC,WALK-TRANSIT,3392.8131549981,Joint-Discretionary
Walk_LOC,WALK-TRANSIT,1182.5417469571591,Joint-Maintenance
Walk_LOC,WALK-TRANSIT,5445.761619253001,School
Walk_LOC,WALK-TRANSIT,5343.500434772,University
Walk_LOC,WALK-TRANSIT,19799.782711154,Work
Walk_PRM,WALK-TRANSIT,17757.029224799426,Ind-Discretionary
Walk_PRM,WALK-TRANSIT,9902.661425427825,Ind-Maintenance
Walk_PRM,WALK-TRANSIT,4241.867743623577,Joint-Discretionary
Walk_PRM,WALK-TRANSIT,1475.5463047231744,Joint-Maintenance
Walk_PRM,WALK-TRANSIT,1437.7337255790003,School
Walk_PRM,WALK-TRANSIT,15828.045179686,University
Walk_PRM,WALK-TRANSIT,25021.200008288,Work
Walk_MIX,WALK-TRANSIT,4652.975369444987,Ind-Discretionary
Walk_MIX,WALK-TRANSIT,3236.4794041025816,Ind-Maintenance
Walk_MIX,WALK-TRANSIT,1111.5207325310143,Joint-Discretionary
Walk_MIX,WALK-TRANSIT,482.2516917294187,Joint-Maintenance
Walk_MIX,WALK-TRANSIT,1089.2255772020003,School
Walk_MIX,WALK-TRANSIT,2362.496685411,University
Walk_MIX,WALK-TRANSIT,10169.526919446,Work
PNR_LOC,WALK-TRANSIT,0.0,Ind-Discretionary
PNR_LOC,WALK-TRANSIT,0.0,Ind-Maintenance
PNR_LOC,WALK-TRANSIT,0.0,Joint-Discretionary
PNR_LOC,WALK-TRANSIT,0.0,Joint-Maintenance
PNR_LOC,WALK-TRANSIT,0.0,School
PNR_LOC,WALK-TRANSIT,0.0,University
PNR_LOC,WALK-TRANSIT,0.0,Work
PNR_PRM,WALK-TRANSIT,0.0,Ind-Discretionary
PNR_PRM,WALK-TRANSIT,0.0,Ind-Maintenance
PNR_PRM,WALK-TRANSIT,0.0,Joint-Discretionary
PNR_PRM,WALK-TRANSIT,0.0,Joint-Maintenance
PNR_PRM,WALK-TRANSIT,0.0,School
PNR_PRM,WALK-TRANSIT,0.0,University
PNR_PRM,WALK-TRANSIT,0.0,Work
PNR_MIX,WALK-TRANSIT,0.0,Ind-Discretionary
PNR_MIX,WALK-TRANSIT,0.0,Ind-Maintenance
PNR_MIX,WALK-TRANSIT,0.0,Joint-Discretionary
PNR_MIX,WALK-TRANSIT,0.0,Joint-Maintenance
PNR_MIX,WALK-TRANSIT,0.0,School
PNR_MIX,WALK-TRANSIT,0.0,University
PNR_MIX,WALK-TRANSIT,0.0,Work
KNR_LOC,WALK-TRANSIT,0.0,Ind-Discretionary
KNR_LOC,WALK-TRANSIT,0.0,Ind-Maintenance
KNR_LOC,WALK-TRANSIT,0.0,Joint-Discretionary
KNR_LOC,WALK-TRANSIT,0.0,Joint-Maintenance
KNR_LOC,WALK-TRANSIT,0.0,School
KNR_LOC,WALK-TRANSIT,0.0,University
KNR_LOC,WALK-TRANSIT,0.0,Work
KNR_PRM,WALK-TRANSIT,0.0,Ind-Discretionary
KNR_PRM,WALK-TRANSIT,0.0,Ind-Maintenance
KNR_PRM,WALK-TRANSIT,0.0,Joint-Discretionary
KNR_PRM,WALK-TRANSIT,0.0,Joint-Maintenance
KNR_PRM,WALK-TRANSIT,0.0,School
KNR_PRM,WALK-TRANSIT,0.0,University
KNR_PRM,WALK-TRANSIT,0.0,Work
KNR_MIX,WALK-TRANSIT,0.0,Ind-Discretionary
KNR_MIX,WALK-TRANSIT,0.0,Ind-Maintenance
KNR_MIX,WALK-TRANSIT,0.0,Joint-Discretionary
KNR_MIX,WALK-TRANSIT,0.0,Joint-Maintenance
KNR_MIX,WALK-TRANSIT,0.0,School
KNR_MIX,WALK-TRANSIT,0.0,University
KNR_MIX,WALK-TRANSIT,0.0,Work
TNC_LOC,WALK-TRANSIT,0.0,Ind-Discretionary
TNC_LOC,WALK-TRANSIT,0.0,Ind-Maintenance
TNC_LOC,WALK-TRANSIT,0.0,Joint-Discretionary
TNC_LOC,WALK-TRANSIT,0.0,Joint-Maintenance
TNC_LOC,WALK-TRANSIT,0.0,School
TNC_LOC,WALK-TRANSIT,0.0,University
TNC_LOC,WALK-TRANSIT,0.0,Work
TNC_PRM,WALK-TRANSIT,0.0,Ind-Discretionary
TNC_PRM,WALK-TRANSIT,0.0,Ind-Maintenance
TNC_PRM,WALK-TRANSIT,0.0,Joint-Discretionary
TNC_PRM,WALK-TRANSIT,0.0,Joint-Maintenance
TNC_PRM,WALK-TRANSIT,0.0,School
TNC_PRM,WALK-TRANSIT,0.0,University
TNC_PRM,WALK-TRANSIT,0.0,Work
TNC_MIX,WALK-TRANSIT,0.0,Ind-Discretionary
TNC_MIX,WALK-TRANSIT,0.0,Ind-Maintenance
TNC_MIX,WALK-TRANSIT,0.0,Joint-Discretionary
TNC_MIX,WALK-TRANSIT,0.0,Joint-Maintenance
TNC_MIX,WALK-TRANSIT,0.0,School
TNC_MIX,WALK-TRANSIT,0.0,University
TNC_MIX,WALK-TRANSIT,0.0,Work
TNC-REG,WALK-TRANSIT,1952.6814426351102,Ind-Discretionary
TNC-REG,WALK-TRANSIT,903.2312150690676,Ind-Maintenance
TNC-REG,WALK-TRANSIT,466.4640869948102,Joint-Discretionary
TNC-REG,WALK-TRANSIT,134.58598900327507,Joint-Maintenance
TNC-REG,WALK-TRANSIT,0.0,School
TNC-REG,WALK-TRANSIT,506.10843655632254,University
TNC-REG,WALK-TRANSIT,2151.802551086922,Work
TNC-SHARED,WALK-TRANSIT,0.0,Ind-Discretionary
TNC-SHARED,WALK-TRANSIT,0.0,Ind-Maintenance
TNC-SHARED,WALK-TRANSIT,0.0,Joint-Discretionary
TNC-SHARED,WALK-TRANSIT,0.0,Joint-Maintenance
TNC-SHARED,WALK-TRANSIT,0.0,School
TNC-SHARED,WALK-TRANSIT,0.0,University
TNC-SHARED,WALK-TRANSIT,0.0,Work
TAXI,WALK-TRANSIT,0.0,Ind-Discretionary
TAXI,WALK-TRANSIT,0.0,Ind-Maintenance
TAXI,WALK-TRANSIT,0.0,Joint-Discretionary
TAXI,WALK-TRANSIT,0.0,Joint-Maintenance
TAXI,WALK-TRANSIT,0.0,School
TAXI,WALK-TRANSIT,0.0,University
TAXI,WALK-TRANSIT,0.0,Work
All,BIKE,27998.221843182957,Ind-Discretionary
All,BIKE,57401.85469013287,Ind-Maintenance
All,BIKE,1242.85666586099,Joint-Discretionary
All,BIKE,5143.71734512664,Joint-Maintenance
All,BIKE,55427.844539407655,School
All,BIKE,632.7280404680225,University
All,BIKE,21151.062268348,Work
All,BIKE,2794.2735844327412,Work sub-tour
All,DRIVEALONE,948929.8581734747,Ind-Discretionary
All,DRIVEALONE,1802690.0985658355,Ind-Maintenance
All,DRIVEALONE,0.0,Joint-Discretionary
All,DRIVEALONE,0.0,Joint-Maintenance
All,DRIVEALONE,93150.65378201654,School
All,DRIVEALONE,53749.91006781745,University
All,DRIVEALONE,1442772.3206452797,Work
All,DRIVEALONE,166335.01265527584,Work sub-tour
All,EBIKE,2165.81126340704,Ind-Discretionary
All,EBIKE,4569.61996463603,Ind-Maintenance
All,EBIKE,892.69774948352,Joint-Discretionary
All,EBIKE,299.603036345644,Joint-Maintenance
All,EBIKE,277.262891367173,School
All,EBIKE,0.0,University
All,EBIKE,499.424713052356,Work
All,EBIKE,442.843575567199,Work sub-tour
All,ESCOOTER,2971.08250955352,Ind-Discretionary
All,ESCOOTER,577.483918765172,Ind-Maintenance
All,ESCOOTER,0.0,Joint-Discretionary
All,ESCOOTER,0.0,Joint-Maintenance
All,ESCOOTER,0.0,School
All,ESCOOTER,0.0,University
All,ESCOOTER,0.0,Work
All,ESCOOTER,0.0,Work sub-tour
All,KNR-TRANSIT,5290.1368592833915,Ind-Discretionary
All,KNR-TRANSIT,2928.97810241318,Ind-Maintenance
All,KNR-TRANSIT,1263.7283308296085,Joint-Discretionary
All,KNR-TRANSIT,436.43245284882056,Joint-Maintenance
All,KNR-TRANSIT,838.73174019,School
All,KNR-TRANSIT,2489.310351963,University
All,KNR-TRANSIT,9072.328903931,Work
All,PNR-TRANSIT,1887.1579521220274,Ind-Discretionary
All,PNR-TRANSIT,1105.589638752336,Ind-Maintenance
All,PNR-TRANSIT,450.81158243797256,Joint-Discretionary
All,PNR-TRANSIT,164.73841080866399,Joint-Maintenance
All,PNR-TRANSIT,36.758576556,School
All,PNR-TRANSIT,2038.629732751,University
All,PNR-TRANSIT,5087.025734565,Work
All,SCHOOLBUS,0.0,Ind-Discretionary
All,SCHOOLBUS,0.0,Ind-Maintenance
All,SCHOOLBUS,0.0,Joint-Discretionary
All,SCHOOLBUS,0.0,Joint-Maintenance
All,SCHOOLBUS,13019.9328298986,School
All,SCHOOLBUS,0.0,University
All,SCHOOLBUS,0.0,Work
All,SCHOOLBUS,0.0,Work sub-tour
All,SHARED2,441292.5015890921,Ind-Discretionary
All,SHARED2,1083045.1255660842,Ind-Maintenance
All,SHARED2,566512.4177509932,Joint-Discretionary
All,SHARED2,548599.0463902731,Joint-Maintenance
All,SHARED2,239987.60448646476,School
All,SHARED2,32494.59385009309,University
All,SHARED2,300549.2357057859,Work
All,SHARED2,29922.99580372367,Work sub-tour
All,SHARED3,599290.8712972738,Ind-Discretionary
All,SHARED3,1405586.7693859602,Ind-Maintenance
All,SHARED3,331477.6360925957,Joint-Discretionary
All,SHARED3,313182.97004331317,Joint-Maintenance
All,SHARED3,495113.75587990554,School
All,SHARED3,41058.771688108,University
All,SHARED3,321313.02764936717,Work
All,SHARED3,14183.110358153554,Work sub-tour
All,TAXI,11019.796612141,Ind-Discretionary
All,TAXI,11337.7769961997,Ind-Maintenance
All,TAXI,0.0,Joint-Discretionary
All,TAXI,0.0,Joint-Maintenance
All,TAXI,0.0,School
All,TAXI,0.0,University
All,TAXI,0.0,Work
All,TAXI,0.0,Work sub-tour
All,TNC-REG,1908.04947003688,Ind-Discretionary
All,TNC-REG,12399.1400330666,Ind-Maintenance
All,TNC-REG,0.0,Joint-Discretionary
All,TNC-REG,0.0,Joint-Maintenance
All,TNC-REG,0.0,School
All,TNC-REG,958.904704155316,University
All,TNC-REG,1312.67220154742,Work
All,TNC-REG,0.0,Work sub-tour
All,TNC-SHARED,0.0,Ind-Discretionary
All,TNC-SHARED,0.0,Ind-Maintenance
All,TNC-SHARED,0.0,Joint-Discretionary
All,TNC-SHARED,0.0,Joint-Maintenance
All,TNC-SHARED,0.0,School
All,TNC-SHARED,0.0,University
All,TNC-SHARED,0.0,Work
All,TNC-SHARED,0.0,Work sub-tour
All,TNC-TRANSIT,953.7101641092727,Ind-Discretionary
All,TNC-TRANSIT,411.43261105823746,Ind-Maintenance
All,TNC-TRANSIT,227.82596856072738,Joint-Discretionary
All,TNC-TRANSIT,61.30552614176257,Joint-Maintenance
All,TNC-TRANSIT,33.190920182999996,School
All,TNC-TRANSIT,164.885476813,University
All,TNC-TRANSIT,987.385484526,Work
All,WALK,432672.61426228896,Ind-Discretionary
All,WALK,301048.3302746112,Ind-Maintenance
All,WALK,213847.648645464,Joint-Discretionary
All,WALK,6097.79292568895,Joint-Maintenance
All,WALK,129192.06806935598,School
All,WALK,12194.681404129136,University
All,WALK,18466.2865770529,Work
All,WALK,67424.2196809755,Work sub-tour
All,WALK-TRANSIT,50769.71750851287,Ind-Discretionary
All,WALK-TRANSIT,41247.55882148743,Ind-Maintenance
All,WALK-TRANSIT,12128.066261865064,Joint-Discretionary
All,WALK-TRANSIT,6146.0934978162295,Joint-Maintenance
All,WALK-TRANSIT,11389.601317191431,School
All,WALK-TRANSIT,30366.50619337935,University
All,WALK-TRANSIT,71965.84087524038,Work
BIKE,All,46252.19212573677,Ind-Discretionary
BIKE,All,49342.71849801173,Ind-Maintenance
BIKE,All,1242.85666586099,Joint-Discretionary
BIKE,All,5233.44133779549,Joint-Maintenance
BIKE,All,25805.32355581177,School
BIKE,All,1081.8796406173665,University
BIKE,All,22556.119753646588,Work
BIKE,All,2776.98958413532,Work sub-tour
DRIVEALONE,All,1033614.4273290576,Ind-Discretionary
DRIVEALONE,All,2351311.259751448,Ind-Maintenance
DRIVEALONE,All,932.9281739896204,Joint-Discretionary
DRIVEALONE,All,224.30998167212513,Joint-Maintenance
DRIVEALONE,All,343313.5119327388,School
DRIVEALONE,All,83075.4207629841,University
DRIVEALONE,All,1684179.871470183,Work
DRIVEALONE,All,179889.52171135528,Work sub-tour
EBIKE,All,2253.973447480964,Ind-Discretionary
EBIKE,All,6620.071613995751,Ind-Maintenance
EBIKE,All,892.69774948352,Joint-Discretionary
EBIKE,All,299.603036345644,Joint-Maintenance
EBIKE,All,277.262891367173,School
EBIKE,All,0.0,University
EBIKE,All,555.1836622604703,Work
EBIKE,All,442.843575567199,Work sub-tour
ESCOOTER,All,2981.06642295162,Ind-Discretionary
ESCOOTER,All,842.906906622836,Ind-Maintenance
ESCOOTER,All,0.0,Joint-Discretionary
ESCOOTER,All,0.0,Joint-Maintenance
ESCOOTER,All,0.0,School
ESCOOTER,All,5103.8020238707795,University
ESCOOTER,All,0.0,Work
ESCOOTER,All,0.0,Work sub-tour
KNR_LOC,All,1386.498018196771,Ind-Discretionary
KNR_LOC,All,546.1455190580656,Ind-Maintenance
KNR_LOC,All,331.2120031752288,Joint-Discretionary
KNR_LOC,All,81.37842624993442,Joint-Maintenance
KNR_LOC,All,326.508253111,School
KNR_LOC,All,415.273081339,University
KNR_LOC,All,2411.674839753,Work
KNR_MIX,All,265.04005593341446,Ind-Discretionary
KNR_MIX,All,139.68331695716594,Ind-Maintenance
KNR_MIX,All,63.31379251558553,Joint-Discretionary
KNR_MIX,All,20.81351601483412,Joint-Maintenance
KNR_MIX,All,68.168845411,School
KNR_MIX,All,117.055108704,University
KNR_MIX,All,552.30586178,Work
KNR_PRM,All,3638.598785153206,Ind-Discretionary
KNR_PRM,All,2243.1492663979484,Ind-Maintenance
KNR_PRM,All,869.2025351387941,Joint-Discretionary
KNR_PRM,All,334.240510584052,Joint-Maintenance
KNR_PRM,All,444.05464166800004,School
KNR_PRM,All,1956.98216192,University
KNR_PRM,All,6108.348202398,Work
PNR_LOC,All,92.06445892879418,Ind-Discretionary
PNR_LOC,All,68.5708996835152,Ind-Maintenance
PNR_LOC,All,21.99271363020583,Joint-Discretionary
PNR_LOC,All,10.217408562484813,Joint-Maintenance
PNR_LOC,All,6.324580367,School
PNR_LOC,All,104.38948469,University
PNR_LOC,All,470.57806017600006,Work
PNR_MIX,All,32.80267929123038,Ind-Discretionary
PNR_MIX,All,12.909316162591997,Ind-Maintenance
PNR_MIX,All,7.836030758769614,Joint-Discretionary
PNR_MIX,All,1.9235529664080004,Joint-Maintenance
PNR_MIX,All,5.361893153,School
PNR_MIX,All,25.78535346,University
PNR_MIX,All,126.084065771,Work
PNR_PRM,All,1762.2908139020028,Ind-Discretionary
PNR_PRM,All,1024.109422906229,Ind-Maintenance
PNR_PRM,All,420.9828380489971,Joint-Discretionary
PNR_PRM,All,152.59744927977115,Joint-Maintenance
PNR_PRM,All,25.072103036,School
PNR_PRM,All,1908.454894601,University
PNR_PRM,All,4490.363608618,Work
SCHOOLBUS,All,0.0,Ind-Discretionary
SCHOOLBUS,All,0.0,Ind-Maintenance
SCHOOLBUS,All,0.0,Joint-Discretionary
SCHOOLBUS,All,0.0,Joint-Maintenance
SCHOOLBUS,All,13019.9328298986,School
SCHOOLBUS,All,0.0,University
SCHOOLBUS,All,0.0,Work
SCHOOLBUS,All,0.0,Work sub-tour
SHARED2,All,331797.95266840747,Ind-Discretionary
SHARED2,All,887011.3383418884,Ind-Maintenance
SHARED2,All,554921.5307819975,Joint-Discretionary
SHARED2,All,535320.1647890828,Joint-Maintenance
SHARED2,All,178108.18795434968,School
SHARED2,All,26461.403585384767,University
SHARED2,All,186246.99829498824,Work
SHARED2,All,17566.332820587035,Work sub-tour
SHARED3,All,440764.96716123814,Ind-Discretionary
SHARED3,All,899610.7218509006,Ind-Maintenance
SHARED3,All,307487.732136806,Joint-Discretionary
SHARED3,All,306519.590934374,Joint-Maintenance
SHARED3,All,302091.3649097501,School
SHARED3,All,13300.7033157162,University
SHARED3,All,141577.81287813507,Work
SHARED3,All,11376.833426079,Work sub-tour
TAXI,All,11019.796612141,Ind-Discretionary
TAXI,All,11346.393960553061,Ind-Maintenance
TAXI,All,0.0,Joint-Discretionary
TAXI,All,0.0,Joint-Maintenance
TAXI,All,0.0,School
TAXI,All,0.0,University
TAXI,All,0.0,Work
TAXI,All,0.0,Work sub-tour
TNC-REG,All,5347.614799707953,Ind-Discretionary
TNC-REG,All,13855.22094983522,Ind-Maintenance
TNC-REG,All,466.4640869948102,Joint-Discretionary
TNC-REG,All,134.58598900327507,Joint-Maintenance
TNC-REG,All,0.0,School
TNC-REG,All,1628.5392552232036,University
TNC-REG,All,5309.907236775992,Work
TNC-REG,All,17.2677990272926,Work sub-tour
TNC-SHARED,All,0.0,Ind-Discretionary
TNC-SHARED,All,0.0,Ind-Maintenance
TNC-SHARED,All,0.0,Joint-Discretionary
TNC-SHARED,All,0.0,Joint-Maintenance
TNC-SHARED,All,0.0,School
TNC-SHARED,All,0.0,University
TNC-SHARED,All,0.0,Work
TNC-SHARED,All,0.0,Work sub-tour
TNC_LOC,All,252.79548235212687,Ind-Discretionary
TNC_LOC,All,125.52141442396152,Ind-Maintenance
TNC_LOC,All,60.38876147287315,Joint-Discretionary
TNC_LOC,All,18.703321386038485,Joint-Maintenance
TNC_LOC,All,18.178040253,School
TNC_LOC,All,17.625455618,University
TNC_LOC,All,213.110479369,Work
TNC_MIX,All,56.937424429553644,Ind-Discretionary
TNC_MIX,All,31.459525936475416,Ind-Maintenance
TNC_MIX,All,13.601431919446354,Joint-Discretionary
TNC_MIX,All,4.687627421524581,Joint-Maintenance
TNC_MIX,All,2.3376566,School
TNC_MIX,All,3.3510051550000006,University
TNC_MIX,All,73.138587538,Work
TNC_PRM,All,643.9772573275922,Ind-Discretionary
TNC_PRM,All,254.45167069780052,Ind-Maintenance
TNC_PRM,All,153.83577516840788,Joint-Discretionary
TNC_PRM,All,37.91457733419951,Joint-Maintenance
TNC_PRM,All,12.67522333,School
TNC_PRM,All,143.90901604,University
TNC_PRM,All,701.136417619,Work
WALK,All,608373.7569128339,Ind-Discretionary
WALK,All,478887.73132524505,Ind-Maintenance
WALK,All,251410.91193997735,Joint-Discretionary
WALK,All,28597.1874268807,Joint-Maintenance
WALK,All,166970.41879965764,School
WALK,All,17270.30506448496,University
WALK,All,82613.46770079667,Work
WALK,All,69032.6667413774,Work sub-tour
Walk_LOC,All,14202.772455163906,Ind-Discretionary
Walk_LOC,All,7936.254188747841,Ind-Maintenance
Walk_LOC,All,3392.8131549981,Joint-Discretionary
Walk_LOC,All,1182.5417469571591,Joint-Maintenance
Walk_LOC,All,5445.761619253001,School
Walk_LOC,All,5343.500434772,University
Walk_LOC,All,19799.782711154,Work
Walk_MIX,All,4652.975369444987,Ind-Discretionary
Walk_MIX,All,3236.4794041025816,Ind-Maintenance
Walk_MIX,All,1111.5207325310143,Joint-Discretionary
Walk_MIX,All,482.2516917294187,Joint-Maintenance
Walk_MIX,All,1089.2255772020003,School
Walk_MIX,All,2362.496685411,University
Walk_MIX,All,10169.526919446,Work
Walk_PRM,All,17757.029224799426,Ind-Discretionary
Walk_PRM,All,9902.661425427825,Ind-Maintenance
Walk_PRM,All,4241.867743623577,Joint-Discretionary
Walk_PRM,All,1475.5463047231744,Joint-Maintenance
Walk_PRM,All,1437.7337255790003,School
Walk_PRM,All,15828.045179686,University
Walk_PRM,All,25021.200008288,Work
All,All,2527149.5295044784,Ind-Discretionary
All,All,4724349.758569003,Ind-Maintenance
All,All,1128043.6890480907,Joint-Discretionary
All,All,880131.6996283631,Joint-Maintenance
All,All,1038467.4050325367,School
All,All,176148.92150967737,University
All,All,2193176.6107586958,Work
All,All,281102.45565812854,Work sub-tour
BIKE,BIKE,127687.9048913407,All
BIKE,DRIVEALONE,24057.007178104057,All
BIKE,EBIKE,0.0,All
BIKE,ESCOOTER,0.0,All
BIKE,KNR-TRANSIT,0.0,All
BIKE,PNR-TRANSIT,0.0,All
BIKE,SCHOOLBUS,0.0,All
BIKE,SHARED2,623.9050605332944,All
BIKE,SHARED3,246.5391143474557,All
BIKE,TAXI,0.0,All
BIKE,TNC-REG,0.0,All
BIKE,TNC-SHARED,0.0,All
BIKE,TNC-TRANSIT,0.0,All
BIKE,WALK,0.0,All
BIKE,WALK-TRANSIT,1676.1649172905336,All
DRIVEALONE,BIKE,0.0,All
DRIVEALONE,DRIVEALONE,4340990.674491175,All
DRIVEALONE,EBIKE,0.0,All
DRIVEALONE,ESCOOTER,0.0,All
DRIVEALONE,KNR-TRANSIT,0.0,All
DRIVEALONE,PNR-TRANSIT,0.0,All
DRIVEALONE,SCHOOLBUS,0.0,All
DRIVEALONE,SHARED2,745820.3390149088,All
DRIVEALONE,SHARED3,576501.1369627443,All
DRIVEALONE,TAXI,0.0,All
DRIVEALONE,TNC-REG,0.0,All
DRIVEALONE,TNC-SHARED,0.0,All
DRIVEALONE,TNC-TRANSIT,0.0,All
DRIVEALONE,WALK,4495.346648197389,All
DRIVEALONE,WALK-TRANSIT,8733.753996402504,All
EBIKE,BIKE,0.0,All
EBIKE,DRIVEALONE,1123.4291546930294,All
EBIKE,EBIKE,9147.263193858962,All
EBIKE,ESCOOTER,0.0,All
EBIKE,SCHOOLBUS,0.0,All
EBIKE,SHARED2,0.0,All
EBIKE,SHARED3,1070.94362794873,All
EBIKE,TAXI,0.0,All
EBIKE,TNC-REG,0.0,All
EBIKE,TNC-SHARED,0.0,All
EBIKE,WALK,0.0,All
ESCOOTER,BIKE,0.0,All
ESCOOTER,DRIVEALONE,265.422987857664,All
ESCOOTER,EBIKE,0.0,All
ESCOOTER,ESCOOTER,3548.566428318692,All
ESCOOTER,KNR-TRANSIT,0.0,All
ESCOOTER,PNR-TRANSIT,0.0,All
ESCOOTER,SCHOOLBUS,0.0,All
ESCOOTER,SHARED2,3412.51859597862,All
ESCOOTER,SHARED3,1701.26734129026,All
ESCOOTER,TAXI,0.0,All
ESCOOTER,TNC-REG,0.0,All
ESCOOTER,TNC-SHARED,0.0,All
ESCOOTER,TNC-TRANSIT,0.0,All
ESCOOTER,WALK,0.0,All
ESCOOTER,WALK-TRANSIT,0.0,All
KNR_LOC,KNR-TRANSIT,5498.690140883,All
KNR_LOC,PNR-TRANSIT,0.0,All
KNR_LOC,TNC-TRANSIT,0.0,All
KNR_LOC,WALK-TRANSIT,0.0,All
KNR_MIX,KNR-TRANSIT,1226.380497316,All
KNR_MIX,PNR-TRANSIT,0.0,All
KNR_MIX,TNC-TRANSIT,0.0,All
KNR_MIX,WALK-TRANSIT,0.0,All
KNR_PRM,KNR-TRANSIT,15594.57610326,All
KNR_PRM,PNR-TRANSIT,0.0,All
KNR_PRM,TNC-TRANSIT,0.0,All
KNR_PRM,WALK-TRANSIT,0.0,All
PNR_LOC,KNR-TRANSIT,0.0,All
PNR_LOC,PNR-TRANSIT,774.1376060380001,All
PNR_LOC,TNC-TRANSIT,0.0,All
PNR_LOC,WALK-TRANSIT,0.0,All
PNR_MIX,KNR-TRANSIT,0.0,All
PNR_MIX,PNR-TRANSIT,212.70289156299998,All
PNR_MIX,TNC-TRANSIT,0.0,All
PNR_MIX,WALK-TRANSIT,0.0,All
PNR_PRM,KNR-TRANSIT,0.0,All
PNR_PRM,PNR-TRANSIT,9783.871130392,All
PNR_PRM,TNC-TRANSIT,0.0,All
PNR_PRM,WALK-TRANSIT,0.0,All
SCHOOLBUS,BIKE,0.0,All
SCHOOLBUS,DRIVEALONE,0.0,All
SCHOOLBUS,EBIKE,0.0,All
SCHOOLBUS,ESCOOTER,0.0,All
SCHOOLBUS,SCHOOLBUS,13019.9328298986,All
SCHOOLBUS,SHARED2,0.0,All
SCHOOLBUS,SHARED3,0.0,All
SCHOOLBUS,TAXI,0.0,All
SCHOOLBUS,TNC-REG,0.0,All
SCHOOLBUS,TNC-SHARED,0.0,All
SCHOOLBUS,WALK,0.0,All
SHARED2,BIKE,41.7395962064835,All
SHARED2,DRIVEALONE,3861.39776338285,All
SHARED2,EBIKE,0.0,All
SHARED2,ESCOOTER,0.0,All
SHARED2,KNR-TRANSIT,0.0,All
SHARED2,PNR-TRANSIT,0.0,All
SHARED2,SCHOOLBUS,0.0,All
SHARED2,SHARED2,2371453.5693519283,All
SHARED2,SHARED3,331585.4395819447,All
SHARED2,TAXI,0.0,All
SHARED2,TNC-REG,0.0,All
SHARED2,TNC-SHARED,0.0,All
SHARED2,TNC-TRANSIT,0.0,All
SHARED2,WALK,303.243759899992,All
SHARED2,WALK-TRANSIT,10188.519183323555,All
SHARED3,BIKE,32195.979303624143,All
SHARED3,DRIVEALONE,4771.267329958026,All
SHARED3,EBIKE,0.0,All
SHARED3,ESCOOTER,0.0,All
SHARED3,KNR-TRANSIT,0.0,All
SHARED3,PNR-TRANSIT,0.0,All
SHARED3,SCHOOLBUS,0.0,All
SHARED3,SHARED2,3480.220539180109,All
SHARED3,SHARED3,2382252.4749503382,All
SHARED3,TAXI,0.0,All
SHARED3,TNC-REG,0.0,All
SHARED3,TNC-SHARED,0.0,All
SHARED3,TNC-TRANSIT,0.0,All
SHARED3,WALK,29.7844898987277,All
SHARED3,WALK-TRANSIT,0.0,All
TAXI,BIKE,0.0,All
TAXI,DRIVEALONE,0.0,All
TAXI,EBIKE,0.0,All
TAXI,ESCOOTER,0.0,All
TAXI,KNR-TRANSIT,0.0,All
TAXI,PNR-TRANSIT,0.0,All
TAXI,SCHOOLBUS,0.0,All
TAXI,SHARED2,8.61696435336093,All
TAXI,SHARED3,0.0,All
TAXI,TAXI,22357.573608340703,All
TAXI,TNC-REG,0.0,All
TAXI,TNC-SHARED,0.0,All
TAXI,TNC-TRANSIT,0.0,All
TAXI,WALK,0.0,All
TAXI,WALK-TRANSIT,0.0,All
TNC-REG,BIKE,0.0,All
TNC-REG,DRIVEALONE,525.6523208568176,All
TNC-REG,EBIKE,0.0,All
TNC-REG,ESCOOTER,0.0,All
TNC-REG,KNR-TRANSIT,0.0,All
TNC-REG,PNR-TRANSIT,0.0,All
TNC-REG,SCHOOLBUS,0.0,All
TNC-REG,SHARED2,2096.851576928192,All
TNC-REG,SHARED3,1443.4560886310142,All
TNC-REG,TAXI,0.0,All
TNC-REG,TNC-REG,16578.766408806216,All
TNC-REG,TNC-SHARED,0.0,All
TNC-REG,TNC-TRANSIT,0.0,All
TNC-REG,WALK,0.0,All
TNC-REG,WALK-TRANSIT,6114.873721345508,All
TNC-SHARED,BIKE,0.0,All
TNC-SHARED,DRIVEALONE,0.0,All
TNC-SHARED,EBIKE,0.0,All
TNC-SHARED,ESCOOTER,0.0,All
TNC-SHARED,KNR-TRANSIT,0.0,All
TNC-SHARED,PNR-TRANSIT,0.0,All
TNC-SHARED,SCHOOLBUS,0.0,All
TNC-SHARED,SHARED2,0.0,All
TNC-SHARED,SHARED3,0.0,All
TNC-SHARED,TAXI,0.0,All
TNC-SHARED,TNC-REG,0.0,All
TNC-SHARED,TNC-SHARED,0.0,All
TNC-SHARED,TNC-TRANSIT,0.0,All
TNC-SHARED,WALK,0.0,All
TNC-SHARED,WALK-TRANSIT,0.0,All
TNC_LOC,KNR-TRANSIT,0.0,All
TNC_LOC,PNR-TRANSIT,0.0,All
TNC_LOC,TNC-TRANSIT,706.322954875,All
TNC_LOC,WALK-TRANSIT,0.0,All
TNC_MIX,KNR-TRANSIT,0.0,All
TNC_MIX,PNR-TRANSIT,0.0,All
TNC_MIX,TNC-TRANSIT,185.513259,All
TNC_MIX,WALK-TRANSIT,0.0,All
TNC_PRM,KNR-TRANSIT,0.0,All
TNC_PRM,PNR-TRANSIT,0.0,All
TNC_PRM,TNC-TRANSIT,1947.8999375170001,All
TNC_PRM,WALK-TRANSIT,0.0,All
WALK,BIKE,11866.935185788541,All
WALK,DRIVEALONE,132033.00266367206,All
WALK,EBIKE,0.0,All
WALK,ESCOOTER,0.0,All
WALK,KNR-TRANSIT,0.0,All
WALK,PNR-TRANSIT,0.0,All
WALK,SCHOOLBUS,0.0,All
WALK,SHARED2,115507.50003869936,All
WALK,SHARED3,226405.65472743247,All
WALK,TAXI,0.0,All
WALK,TNC-REG,0.0,All
WALK,TNC-SHARED,0.0,All
WALK,TNC-TRANSIT,0.0,All
WALK,WALK,1176115.2669415704,All
WALK,WALK-TRANSIT,41228.08635409064,All
Walk_LOC,KNR-TRANSIT,0.0,All
Walk_LOC,PNR-TRANSIT,0.0,All
Walk_LOC,TNC-TRANSIT,0.0,All
Walk_LOC,WALK-TRANSIT,57303.426311046,All
Walk_MIX,KNR-TRANSIT,0.0,All
Walk_MIX,PNR-TRANSIT,0.0,All
Walk_MIX,TNC-TRANSIT,0.0,All
Walk_MIX,WALK-TRANSIT,23104.476379867003,All
Walk_PRM,KNR-TRANSIT,0.0,All
Walk_PRM,PNR-TRANSIT,0.0,All
Walk_PRM,TNC-TRANSIT,0.0,All
Walk_PRM,WALK-TRANSIT,75664.083612127,All
All,BIKE,171792.55897695987,All
All,DRIVEALONE,4507627.8538897,All
All,EBIKE,9147.263193858962,All
All,ESCOOTER,3548.566428318692,All
All,KNR-TRANSIT,22319.646741459,All
All,PNR-TRANSIT,10770.711627993001,All
All,SCHOOLBUS,13019.9328298986,All
All,SHARED2,3242403.5211425098,All
All,SHARED3,3521206.9123946773,All
All,TAXI,22357.573608340703,All
All,TNC-REG,16578.766408806216,All
All,TNC-SHARED,0.0,All
All,TNC-TRANSIT,2839.736151392,All
All,WALK,1180943.6418395666,All
All,WALK-TRANSIT,224013.38447549276,All
BIKE,All,154291.52116161602,All
DRIVEALONE,All,5676541.251113428,All
EBIKE,All,11341.635976500722,All
ESCOOTER,All,8927.775353445235,All
KNR_LOC,All,5498.690140883,All
KNR_MIX,All,1226.380497316,All
KNR_PRM,All,15594.57610326,All
PNR_LOC,All,774.1376060380001,All
PNR_MIX,All,212.70289156299998,All
PNR_PRM,All,9783.871130392,All
SCHOOLBUS,All,13019.9328298986,All
SHARED2,All,2717433.909236686,All
SHARED3,All,2422729.726612999,All
TAXI,All,22366.19057269406,All
TNC-REG,All,26759.600116567748,All
TNC-SHARED,All,0.0,All
TNC_LOC,All,706.322954875,All
TNC_MIX,All,185.513259,All
TNC_PRM,All,1947.8999375170001,All
WALK,All,1703156.4459112536,All
Walk_LOC,All,57303.426311046,All
Walk_MIX,All,23104.476379867003,All
Walk_PRM,All,75664.083612127,All
All,All,12948570.069708975,All
