original_mode,intermediate_mode,final_mode
CURB_LOC1,drop_off,Pickup Dropoff
KNR_LOC,public_transit,Transit
KNR_MIX,public_transit,Transit
KNR_PRM,public_transit,Transit
PARK_LOC1,parked_on_site,Drive and Park
PARK_LOC4,parked_off_site,Drive and Park
RENTAL,rental_car,Rental Car
TAXI_LOC1,taxi,Taxi
RIDEHAIL_LOC1,tnc,Ridehail
SHUTTLEVAN,hotel_shuttle,Shuttle Van
TNC_LOC,public_transit,Transit
TNC_MIX,public_transit,Transit
TNC_PRM,public_transit,Transit
WALK_LOC,public_transit,Transit
WALK_MIX,public_transit,Transit
WALK_PRM,public_transit,Transit
x,parked_unknown,Drive and Park
x,hotel_shuttle,Shuttle Van