taz,longitude,latitude,name
46,-117.161,32.715,Downtown San Diego
42,-117.123,32.734,Balboa Park
52,-117.087,32.823,La Jolla
75,-117.235,32.714,Point Loma
35,-117.143,32.892,Del Mar
43,-117.089,32.712,East Village
48,-117.194,32.731,Old Town
29,-117.168,32.736,Hillcrest
33,-117.201,32.709,Ocean Beach
16,-117.251,32.899,Torrey Pines
20,-117.171,32.845,La Jolla Village
140,-117.001,32.621,Chula Vista
2714,-117.011,32.789,UCSD
408,-117.134,32.856,Mira Mesa
262,-117.189,32.812,Clairemont
2093,-116.972,32.814,Rancho Bernardo
2090,-117.156,32.967,Escondido
1524,-117.067,32.734,El Cajon
2245,-116.913,32.791,Poway
1098,-117.278,32.821,Carlsbad
408,-117.134,32.856,Scripps Ranch
8690,-117.089,32.967,San Marcos
8271,-117.223,32.889,Solana Beach
14287,-117.178,32.834,Kearny Mesa
5111,-117.098,32.678,National City
5805,-117.256,32.767,Mission Bay
11193,-117.067,32.623,Imperial Beach
16270,-117.112,32.912,Carmel Valley
23866,-117.189,32.678,Barrio Logan
9901,-117.234,32.823,Pacific Beach
7004,-117.145,32.689,Logan Heights
3145,-117.123,32.767,North Park
18563,-117.201,32.845,University City
4962,-117.089,32.889,Sorrento Valley
3538,-117.156,32.812,Linda Vista
20386,-117.278,32.734,Mission Valley
2574,-117.161,32.723,Little Italy
2723,-117.134,32.712,Gaslamp Quarter
229,-117.178,32.756,Normal Heights
251,-117.201,32.767,City Heights
822,-117.089,32.734,College Area
8790,-117.112,32.845,Miramar
13127,-117.234,32.889,Del Mar Heights
13235,-117.256,32.823,Encinitas
12998,-117.178,32.912,Rancho Santa Fe
8539,-117.145,32.867,Scripps Poway Parkway
14282,-117.201,32.889,Poway North
17406,-117.089,32.934,Rancho Penasquitos
8471,-117.223,32.756,Mission Hills
23883,-117.167,32.689,Spring Valley
5244,-117.134,32.945,4S Ranch
