household_id,home_zone_id,income,hhsize,HHT,auto_ownership,num_workers,building_category,unittype,poverty,sample_rate,income_in_thousands,income_segment,num_non_workers,num_drivers,num_adults,num_children,num_nonworker_adults,ebike_owner,av_ownership,workplace_location_accessibility,shopping_accessibility,othdiscr_accessibility,numAVowned,transponder_ownership,has_joint_tour,num_under16_not_at_school,num_travel_active,num_travel_active_adults,num_travel_active_preschoolers,num_travel_active_children,num_travel_active_non_preschoolers,participates_in_jtf_model,school_escorting_outbound,school_escorting_inbound,school_escorting_outbound_cond,auPkRetail,auPkTotal,auOpRetail,auOpTotal,trPkRetail,trPkTotal,trPkHH,trOpRetail,trOpTotal,nmRetail,nmTotal,mgra,microtransit,nev,TAZ,micro_dist_local_bus,micro_dist_premium_transit,joint_tour_frequency_composition,num_hh_joint_tours
1,57,98696.0,3.0,3,2,2,6,0,4.544014732965009,1.0,98.696,3,1.0,3,3,0,1,False,False,11.992313564389212,11.209342693325846,15.814808238243195,0.0,False,0,0,2,2,0,0,2,False,1,1,1,8.56841157712275,11.045443265258749,9.242161094873849,11.79057022359649,11.035206552622052,13.726246608616703,12.952229761610662,1.4687759956418731,4.161791243846675,5.100044628799747,7.814928339606143,57,0.0,10.0,46,0.137,0.656,0.0,0
2,57,231224.0,1.0,4,1,1,2,0,18.12100313479624,1.0,231.224,4,0.0,1,1,0,0,False,False,11.943748151545682,11.241295514971046,15.46536649901243,0.0,True,0,0,1,1,0,0,1,False,1,1,1,8.56841157712275,11.045443265258749,9.242161094873849,11.79057022359649,11.035206552622052,13.726246608616703,12.952229761610662,1.4687759956418731,4.161791243846675,5.100044628799747,7.814928339606143,57,0.0,10.0,46,0.137,0.656,0.0,0
3,57,145427.0,3.0,1,2,1,2,0,6.695534069981584,1.0,145.427,4,2.0,3,3,0,1,False,False,11.818854196025734,11.226030539018366,15.98688561450188,0.0,False,0,0,2,2,0,0,2,False,1,1,1,8.56841157712275,11.045443265258749,9.242161094873849,11.79057022359649,11.035206552622052,13.726246608616703,12.952229761610662,1.4687759956418731,4.161791243846675,5.100044628799747,7.814928339606143,57,0.0,10.0,46,0.137,0.656,0.0,0
4,57,35292.0,1.0,4,1,0,2,0,2.7658307210031348,1.0,35.292,2,1.0,1,1,0,1,False,False,11.7643862238838,11.375080398103377,15.784987229688484,0.0,False,0,0,1,1,0,0,1,False,1,1,1,8.56841157712275,11.045443265258749,9.242161094873849,11.79057022359649,11.035206552622052,13.726246608616703,12.952229761610662,1.4687759956418731,4.161791243846675,5.100044628799747,7.814928339606143,57,0.0,10.0,46,0.137,0.656,0.0,0
5,57,122670.0,7.0,1,4,1,2,0,3.0946014127144297,1.0,122.67,4,6.0,3,3,4,2,False,False,11.818854196025736,11.226030539018366,15.986885614501878,0.0,False,0,1,6,3,2,3,4,False,122,91,120,8.56841157712275,11.045443265258749,9.242161094873849,11.79057022359649,11.035206552622052,13.726246608616703,12.952229761610662,1.4687759956418731,4.161791243846675,5.100044628799747,7.814928339606143,57,0.0,10.0,46,0.137,0.656,0.0,0
6,57,165872.0,2.0,1,2,0,2,0,9.621345707656612,1.0,165.872,4,2.0,2,2,0,2,False,False,11.818854196025736,11.226030539018366,15.98688561450188,0.0,True,0,0,2,2,0,0,2,False,1,1,1,8.56841157712275,11.045443265258749,9.242161094873849,11.79057022359649,11.035206552622052,13.726246608616703,12.952229761610662,1.4687759956418731,4.161791243846675,5.100044628799747,7.814928339606143,57,0.0,10.0,46,0.137,0.656,0.0,0
7,57,121697.0,3.0,2,3,1,2,0,5.602992633517496,1.0,121.697,4,2.0,3,3,0,1,False,False,11.818854196025734,11.226030539018366,15.98688561450188,0.0,True,0,0,2,2,0,0,2,False,1,1,1,8.56841157712275,11.045443265258749,9.242161094873849,11.79057022359649,11.035206552622052,13.726246608616703,12.952229761610662,1.4687759956418731,4.161791243846675,5.100044628799747,7.814928339606143,57,0.0,10.0,46,0.137,0.656,0.0,0
8,57,51213.0,8.0,1,2,2,7,0,1.160766092475068,1.0,51.213,2,6.0,3,3,5,1,False,False,11.740002968581155,11.120674628550008,15.62184495421959,0.0,False,0,2,5,2,0,3,5,False,1,143,1,8.56841157712275,11.045443265258749,9.242161094873849,11.79057022359649,11.035206552622052,13.726246608616703,12.952229761610662,1.4687759956418731,4.161791243846675,5.100044628799747,7.814928339606143,57,0.0,10.0,46,0.137,0.656,0.0,0
9,57,223687.0,2.0,1,2,1,2,0,12.974883990719258,1.0,223.687,4,1.0,2,2,0,1,False,False,11.818854196025736,11.226030539018366,15.98688561450188,0.0,False,0,0,2,2,0,0,2,False,1,1,1,8.56841157712275,11.045443265258749,9.242161094873849,11.79057022359649,11.035206552622052,13.726246608616703,12.952229761610662,1.4687759956418731,4.161791243846675,5.100044628799747,7.814928339606143,57,0.0,10.0,46,0.137,0.656,0.0,0
10,57,298458.0,3.0,1,2,1,2,0,13.741160220994477,1.0,298.458,4,2.0,3,3,0,2,False,False,11.818854196025734,11.226030539018366,15.98688561450188,0.0,False,0,0,2,2,0,0,2,False,1,1,1,8.56841157712275,11.045443265258749,9.242161094873849,11.79057022359649,11.035206552622052,13.726246608616703,12.952229761610662,1.4687759956418731,4.161791243846675,5.100044628799747,7.814928339606143,57,0.0,10.0,46,0.137,0.656,0.0,0
11,57,38851.0,3.0,1,3,1,3,0,1.788720073664825,1.0,38.851,2,2.0,3,3,0,2,False,False,11.740002968581155,11.120674628550008,15.62184495421959,0.0,False,1,0,3,3,0,0,3,True,1,1,1,8.56841157712275,11.045443265258749,9.242161094873849,11.79057022359649,11.035206552622052,13.726246608616703,12.952229761610662,1.4687759956418731,4.161791243846675,5.100044628799747,7.814928339606143,57,0.0,10.0,46,0.137,0.656,7.0,1
12,57,270303.0,2.0,1,2,1,6,0,15.6788283062645,1.0,270.303,4,1.0,2,2,0,1,False,False,11.818854196025736,11.226030539018366,15.98688561450188,0.0,False,1,0,2,2,0,0,2,True,1,1,1,8.56841157712275,11.045443265258749,9.242161094873849,11.79057022359649,11.035206552622052,13.726246608616703,12.952229761610662,1.4687759956418731,4.161791243846675,5.100044628799747,7.814928339606143,57,0.0,10.0,46,0.137,0.656,4.0,1
13,57,59812.0,1.0,6,1,0,3,0,4.687460815047022,1.0,59.812,2,1.0,1,1,0,1,False,False,11.7643862238838,11.375080398103377,15.784987229688484,0.0,False,0,0,1,1,0,0,1,False,1,1,1,8.56841157712275,11.045443265258749,9.242161094873849,11.79057022359649,11.035206552622052,13.726246608616703,12.952229761610662,1.4687759956418731,4.161791243846675,5.100044628799747,7.814928339606143,57,0.0,10.0,46,0.137,0.656,0.0,0
14,57,53487.0,1.0,6,1,0,7,0,4.191771159874608,1.0,53.487,2,1.0,1,1,0,1,False,False,11.7643862238838,11.375080398103377,15.784987229688484,0.0,False,0,0,0,0,0,0,0,False,1,1,1,8.56841157712275,11.045443265258749,9.242161094873849,11.79057022359649,11.035206552622052,13.726246608616703,12.952229761610662,1.4687759956418731,4.161791243846675,5.100044628799747,7.814928339606143,57,0.0,10.0,46,0.137,0.656,0.0,0
15,57,39095.0,1.0,4,1,0,1,0,3.063871473354232,1.0,39.095,2,1.0,1,1,0,1,False,False,11.7643862238838,11.375080398103377,15.784987229688484,0.0,True,0,0,0,0,0,0,0,False,1,1,1,8.56841157712275,11.045443265258749,9.242161094873849,11.79057022359649,11.035206552622052,13.726246608616703,12.952229761610662,1.4687759956418731,4.161791243846675,5.100044628799747,7.814928339606143,57,0.0,10.0,46,0.137,0.656,0.0,0
16,100,316655.0,4.0,1,2,2,2,0,12.086068702290076,1.0,316.655,4,2.0,4,4,0,1,False,False,11.92971821977269,11.103290969431653,15.88875476565268,0.0,True,1,0,4,4,0,0,4,True,1,1,1,8.615804546228038,11.081165210936366,9.352390354416496,11.89752592824341,10.954667306992226,13.620271656339623,12.868626718007462,1.4819612424561703,4.2141491477031785,5.080097576450973,7.724100292801189,100,0.0,10.0,48,0.081,0.689,7.0,1
17,100,316655.0,4.0,1,3,2,2,0,12.086068702290076,1.0,316.655,4,2.0,4,4,0,1,False,False,11.92971821977269,11.103290969431653,15.88875476565268,0.0,False,0,0,4,4,0,0,4,False,1,1,1,8.615804546228038,11.081165210936366,9.352390354416496,11.89752592824341,10.954667306992226,13.620271656339623,12.868626718007462,1.4819612424561703,4.2141491477031785,5.080097576450973,7.724100292801189,100,0.0,10.0,48,0.081,0.689,0.0,0
18,100,180111.0,3.0,1,1,2,2,0,8.292403314917127,1.0,180.111,4,1.0,3,3,0,1,False,False,11.932846900893573,11.17659602054752,16.015138358958378,0.0,False,0,0,1,1,0,0,1,False,1,1,1,8.615804546228038,11.081165210936366,9.352390354416496,11.89752592824341,10.954667306992226,13.620271656339623,12.868626718007462,1.4819612424561703,4.2141491477031785,5.080097576450973,7.724100292801189,100,0.0,10.0,48,0.081,0.689,0.0,0
19,100,109892.0,4.0,1,3,4,2,0,4.194351145038168,1.0,109.892,4,0.0,4,4,0,0,False,False,11.92971821977269,11.103290969431653,15.88875476565268,0.0,False,0,0,4,4,0,0,4,False,1,1,1,8.615804546228038,11.081165210936366,9.352390354416496,11.89752592824341,10.954667306992226,13.620271656339623,12.868626718007462,1.4819612424561703,4.2141491477031785,5.080097576450973,7.724100292801189,100,0.0,10.0,48,0.081,0.689,0.0,0
20,100,33540.0,1.0,6,1,0,2,0,2.628526645768025,1.0,33.54,2,1.0,1,1,0,0,False,False,11.850872264677353,10.93169114543449,15.644259462595068,0.0,False,0,0,1,1,0,0,1,False,1,1,1,8.615804546228038,11.081165210936366,9.352390354416496,11.89752592824341,10.954667306992226,13.620271656339623,12.868626718007462,1.4819612424561703,4.2141491477031785,5.080097576450973,7.724100292801189,100,0.0,10.0,48,0.081,0.689,0.0,0
21,100,145427.0,3.0,1,4,1,2,0,6.695534069981584,1.0,145.427,4,2.0,3,3,0,1,False,False,11.92971821977269,11.103290969431653,15.888754765652685,0.0,True,0,0,3,3,0,0,3,False,1,1,1,8.615804546228038,11.081165210936366,9.352390354416496,11.89752592824341,10.954667306992226,13.620271656339623,12.868626718007462,1.4819612424561703,4.2141491477031785,5.080097576450973,7.724100292801189,100,0.0,10.0,48,0.081,0.689,0.0,0
22,100,88839.0,6.0,3,2,1,2,0,2.5267064846416383,1.0,88.839,3,5.0,2,1,5,0,False,False,12.01518833391241,11.064765562589123,15.908204389877891,0.0,False,0,1,5,1,0,4,5,False,133,1,19,8.615804546228038,11.081165210936366,9.352390354416496,11.89752592824341,10.954667306992226,13.620271656339623,12.868626718007462,1.4819612424561703,4.2141491477031785,5.080097576450973,7.724100292801189,100,0.0,10.0,48,0.081,0.689,0.0,0
23,100,88839.0,6.0,3,3,1,2,0,2.5267064846416383,1.0,88.839,3,5.0,2,1,5,0,False,False,12.01518833391241,11.064765562589123,15.908204389877891,0.0,False,0,0,6,1,0,5,6,False,6,2,10,8.615804546228038,11.081165210936366,9.352390354416496,11.89752592824341,10.954667306992226,13.620271656339623,12.868626718007462,1.4819612424561703,4.2141491477031785,5.080097576450973,7.724100292801189,100,0.0,10.0,48,0.081,0.689,0.0,0
24,100,88839.0,6.0,3,2,1,2,0,2.5267064846416383,1.0,88.839,3,5.0,2,1,5,0,False,False,12.01518833391241,11.064765562589123,15.908204389877891,0.0,False,0,0,6,1,0,5,6,False,69,148,69,8.615804546228038,11.081165210936366,9.352390354416496,11.89752592824341,10.954667306992226,13.620271656339623,12.868626718007462,1.4819612424561703,4.2141491477031785,5.080097576450973,7.724100292801189,100,0.0,10.0,48,0.081,0.689,0.0,0
25,100,35292.0,1.0,4,1,0,2,0,2.7658307210031348,1.0,35.292,2,1.0,1,1,0,1,False,False,11.850872264677353,10.93169114543449,15.644259462595068,0.0,False,0,0,0,0,0,0,0,False,1,1,1,8.615804546228038,11.081165210936366,9.352390354416496,11.89752592824341,10.954667306992226,13.620271656339623,12.868626718007462,1.4819612424561703,4.2141491477031785,5.080097576450973,7.724100292801189,100,0.0,10.0,48,0.081,0.689,0.0,0
26,100,17038.0,1.0,4,1,0,3,0,1.3352664576802509,1.0,17.038,1,1.0,1,1,0,1,True,False,11.20720759419711,10.969668398194193,15.686573697410658,0.0,False,0,0,1,1,0,0,1,False,1,1,1,8.615804546228038,11.081165210936366,9.352390354416496,11.89752592824341,10.954667306992226,13.620271656339623,12.868626718007462,1.4819612424561703,4.2141491477031785,5.080097576450973,7.724100292801189,100,0.0,10.0,48,0.081,0.689,0.0,0
27,100,304242.0,5.0,1,4,1,2,0,9.916623207301171,1.0,304.242,4,4.0,2,2,3,1,True,False,11.92971821977269,11.103290969431653,15.88875476565268,0.0,False,0,1,4,2,2,2,2,False,30,30,30,8.615804546228038,11.081165210936366,9.352390354416496,11.89752592824341,10.954667306992226,13.620271656339623,12.868626718007462,1.4819612424561703,4.2141491477031785,5.080097576450973,7.724100292801189,100,0.0,10.0,48,0.081,0.689,0.0,0
28,100,108310.0,3.0,1,2,2,2,0,4.986648250460405,1.0,108.31,4,1.0,3,3,0,1,False,False,11.92971821977269,11.103290969431653,15.888754765652685,0.0,False,0,0,1,1,0,0,1,False,1,1,1,8.615804546228038,11.081165210936366,9.352390354416496,11.89752592824341,10.954667306992226,13.620271656339623,12.868626718007462,1.4819612424561703,4.2141491477031785,5.080097576450973,7.724100292801189,100,0.0,10.0,48,0.081,0.689,0.0,0
29,100,165872.0,2.0,1,4,0,2,0,9.621345707656612,1.0,165.872,4,2.0,2,2,0,2,True,False,11.92971821977269,11.103290969431653,15.88875476565268,0.0,False,0,0,1,1,0,0,1,False,1,1,1,8.615804546228038,11.081165210936366,9.352390354416496,11.89752592824341,10.954667306992226,13.620271656339623,12.868626718007462,1.4819612424561703,4.2141491477031785,5.080097576450973,7.724100292801189,100,0.0,10.0,48,0.081,0.689,0.0,0
30,100,109527.0,2.0,1,2,1,4,0,6.353074245939675,1.0,109.527,4,1.0,2,2,0,0,False,False,11.92971821977269,11.103290969431653,15.88875476565268,0.0,False,0,0,2,2,0,0,2,False,1,1,1,8.615804546228038,11.081165210936366,9.352390354416496,11.89752592824341,10.954667306992226,13.620271656339623,12.868626718007462,1.4819612424561703,4.2141491477031785,5.080097576450973,7.724100292801189,100,0.0,10.0,48,0.081,0.689,0.0,0
31,100,64499.0,1.0,4,1,0,5,0,5.054780564263323,1.0,64.499,3,1.0,1,1,0,1,False,False,12.000478573490804,11.04701305607602,16.06032251547365,0.0,True,0,0,0,0,0,0,0,False,1,1,1,8.615804546228038,11.081165210936366,9.352390354416496,11.89752592824341,10.954667306992226,13.620271656339623,12.868626718007462,1.4819612424561703,4.2141491477031785,5.080097576450973,7.724100292801189,100,0.0,10.0,48,0.081,0.689,0.0,0
32,100,102967.0,2.0,1,2,0,2,0,5.972563805104408,1.0,102.967,4,2.0,2,2,0,2,False,False,11.92971821977269,11.103290969431653,15.88875476565268,0.0,False,1,0,2,2,0,0,2,True,1,1,1,8.615804546228038,11.081165210936366,9.352390354416496,11.89752592824341,10.954667306992226,13.620271656339623,12.868626718007462,1.4819612424561703,4.2141491477031785,5.080097576450973,7.724100292801189,100,0.0,10.0,48,0.081,0.689,7.0,1
33,100,95597.0,1.0,4,1,0,2,0,7.49192789968652,1.0,95.597,3,1.0,1,1,0,1,False,False,12.000478573490804,11.04701305607602,16.06032251547365,0.0,True,0,0,0,0,0,0,0,False,1,1,1,8.615804546228038,11.081165210936366,9.352390354416496,11.89752592824341,10.954667306992226,13.620271656339623,12.868626718007462,1.4819612424561703,4.2141491477031785,5.080097576450973,7.724100292801189,100,0.0,10.0,48,0.081,0.689,0.0,0
34,100,156581.0,2.0,5,2,1,8,0,9.082424593967517,1.0,156.581,4,1.0,2,2,0,1,False,False,11.92971821977269,11.103290969431653,15.88875476565268,0.0,False,0,0,2,2,0,0,2,False,1,1,1,8.615804546228038,11.081165210936366,9.352390354416496,11.89752592824341,10.954667306992226,13.620271656339623,12.868626718007462,1.4819612424561703,4.2141491477031785,5.080097576450973,7.724100292801189,100,0.0,10.0,48,0.081,0.689,0.0,0
35,100,0.0,4.0,3,0,0,2,0,0.0,1.0,0.0,1,4.0,1,1,3,1,False,False,12.122177391907952,12.331133106728863,16.168233323394322,0.0,False,0,0,3,0,1,3,2,False,1,1,1,8.615804546228038,11.081165210936366,9.352390354416496,11.89752592824341,10.954667306992226,13.620271656339623,12.868626718007462,1.4819612424561703,4.2141491477031785,5.080097576450973,7.724100292801189,100,0.0,10.0,48,0.081,0.689,0.0,0
36,100,0.0,4.0,3,0,0,2,0,0.0,1.0,0.0,1,4.0,1,1,3,1,False,False,12.122177391907952,12.331133106728863,16.168233323394322,0.0,False,0,0,4,1,1,3,3,False,23,84,23,8.615804546228038,11.081165210936366,9.352390354416496,11.89752592824341,10.954667306992226,13.620271656339623,12.868626718007462,1.4819612424561703,4.2141491477031785,5.080097576450973,7.724100292801189,100,0.0,10.0,48,0.081,0.689,0.0,0
37,100,86178.0,2.0,1,2,0,2,0,4.998723897911833,1.0,86.178,3,2.0,2,2,0,2,False,False,12.01518833391241,11.064765562589123,15.908204389877891,0.0,False,1,0,2,2,0,0,2,True,1,1,1,8.615804546228038,11.081165210936366,9.352390354416496,11.89752592824341,10.954667306992226,13.620271656339623,12.868626718007462,1.4819612424561703,4.2141491477031785,5.080097576450973,7.724100292801189,100,0.0,10.0,48,0.081,0.689,10.0,1
38,100,30021.0,3.0,1,2,0,7,0,1.382182320441989,1.0,30.021,2,3.0,3,3,0,2,False,False,11.858033965482058,11.01271145323968,15.813041154649554,0.0,False,1,0,3,3,0,0,3,True,1,1,1,8.615804546228038,11.081165210936366,9.352390354416496,11.89752592824341,10.954667306992226,13.620271656339623,12.868626718007462,1.4819612424561703,4.2141491477031785,5.080097576450973,7.724100292801189,100,0.0,10.0,48,0.081,0.689,1.0,1
39,100,235460.0,2.0,5,1,1,2,0,13.657772621809745,1.0,235.46,4,1.0,2,2,0,1,False,False,11.932846900893573,11.17659602054752,16.015138358958378,0.0,True,1,0,2,2,0,0,2,True,1,1,1,8.615804546228038,11.081165210936366,9.352390354416496,11.89752592824341,10.954667306992226,13.620271656339623,12.868626718007462,1.4819612424561703,4.2141491477031785,5.080097576450973,7.724100292801189,100,0.0,10.0,48,0.081,0.689,1.0,1
40,100,38851.0,3.0,1,1,1,3,0,1.788720073664825,1.0,38.851,2,2.0,3,3,0,2,False,False,11.850872264677356,10.93169114543449,15.644259462595068,0.0,False,1,0,2,2,0,0,2,True,1,1,1,8.615804546228038,11.081165210936366,9.352390354416496,11.89752592824341,10.954667306992226,13.620271656339623,12.868626718007462,1.4819612424561703,4.2141491477031785,5.080097576450973,7.724100292801189,100,0.0,10.0,48,0.081,0.689,7.0,1
41,100,38851.0,3.0,1,1,1,3,0,1.788720073664825,1.0,38.851,2,2.0,3,3,0,2,False,False,11.850872264677356,10.93169114543449,15.644259462595068,0.0,False,0,0,2,2,0,0,2,False,1,1,1,8.615804546228038,11.081165210936366,9.352390354416496,11.89752592824341,10.954667306992226,13.620271656339623,12.868626718007462,1.4819612424561703,4.2141491477031785,5.080097576450973,7.724100292801189,100,0.0,10.0,48,0.081,0.689,0.0,0
42,100,38851.0,3.0,1,2,1,3,0,1.788720073664825,1.0,38.851,2,2.0,3,3,0,2,False,False,11.858033965482058,11.01271145323968,15.813041154649554,0.0,False,0,0,1,1,0,0,1,False,1,1,1,8.615804546228038,11.081165210936366,9.352390354416496,11.89752592824341,10.954667306992226,13.620271656339623,12.868626718007462,1.4819612424561703,4.2141491477031785,5.080097576450973,7.724100292801189,100,0.0,10.0,48,0.081,0.689,0.0,0
43,100,38851.0,3.0,1,1,1,3,0,1.788720073664825,1.0,38.851,2,2.0,3,3,0,2,False,False,11.850872264677356,10.93169114543449,15.644259462595068,0.0,False,0,0,2,2,0,0,2,False,1,1,1,8.615804546228038,11.081165210936366,9.352390354416496,11.89752592824341,10.954667306992226,13.620271656339623,12.868626718007462,1.4819612424561703,4.2141491477031785,5.080097576450973,7.724100292801189,100,0.0,10.0,48,0.081,0.689,0.0,0
44,100,131858.0,2.0,2,1,0,2,0,7.648375870069605,1.0,131.858,4,2.0,2,2,0,2,False,False,11.932846900893573,11.17659602054752,16.015138358958378,0.0,True,0,0,0,0,0,0,0,False,1,1,1,8.615804546228038,11.081165210936366,9.352390354416496,11.89752592824341,10.954667306992226,13.620271656339623,12.868626718007462,1.4819612424561703,4.2141491477031785,5.080097576450973,7.724100292801189,100,0.0,10.0,48,0.081,0.689,0.0,0
45,100,47092.0,2.0,1,2,1,2,0,2.731554524361949,1.0,47.092,2,1.0,2,2,0,1,False,False,11.858033965482058,11.01271145323968,15.813041154649554,0.0,False,0,0,0,0,0,0,0,False,1,1,1,8.615804546228038,11.081165210936366,9.352390354416496,11.89752592824341,10.954667306992226,13.620271656339623,12.868626718007462,1.4819612424561703,4.2141491477031785,5.080097576450973,7.724100292801189,100,0.0,10.0,48,0.081,0.689,0.0,0
46,100,23546.0,2.0,2,2,1,2,0,1.3657772621809745,1.0,23.546,1,1.0,2,2,0,1,False,False,11.365884745996611,11.115004675643553,16.12266732694243,0.0,False,0,0,2,2,0,0,2,False,1,1,1,8.615804546228038,11.081165210936366,9.352390354416496,11.89752592824341,10.954667306992226,13.620271656339623,12.868626718007462,1.4819612424561703,4.2141491477031785,5.080097576450973,7.724100292801189,100,0.0,10.0,48,0.081,0.689,0.0,0
47,100,110422.0,1.0,4,1,1,5,0,8.653761755485894,1.0,110.422,4,0.0,1,1,0,0,True,False,11.932846900893573,11.17659602054752,16.015138358958378,0.0,True,0,0,1,1,0,0,1,False,1,1,1,8.615804546228038,11.081165210936366,9.352390354416496,11.89752592824341,10.954667306992226,13.620271656339623,12.868626718007462,1.4819612424561703,4.2141491477031785,5.080097576450973,7.724100292801189,100,0.0,10.0,48,0.081,0.689,0.0,0
48,100,54061.0,2.0,1,2,1,6,0,3.135788863109049,1.0,54.061,2,1.0,2,2,0,1,False,False,11.858033965482058,11.01271145323968,15.813041154649554,0.0,True,0,0,2,2,0,0,2,False,1,1,1,8.615804546228038,11.081165210936366,9.352390354416496,11.89752592824341,10.954667306992226,13.620271656339623,12.868626718007462,1.4819612424561703,4.2141491477031785,5.080097576450973,7.724100292801189,100,0.0,10.0,48,0.081,0.689,0.0,0
49,100,58201.0,6.0,1,1,2,3,0,1.6553185437997724,1.0,58.201,2,4.0,2,2,4,0,False,False,11.850872264677356,10.93169114543449,15.644259462595068,0.0,False,0,2,5,2,1,3,4,False,17,39,17,8.615804546228038,11.081165210936366,9.352390354416496,11.89752592824341,10.954667306992226,13.620271656339623,12.868626718007462,1.4819612424561703,4.2141491477031785,5.080097576450973,7.724100292801189,100,0.0,10.0,48,0.081,0.689,0.0,0
50,100,58201.0,6.0,1,2,2,3,0,1.6553185437997724,1.0,58.201,2,4.0,2,2,4,0,False,False,11.858033965482058,11.01271145323968,15.813041154649554,0.0,True,0,2,6,2,2,4,4,False,15,37,37,8.615804546228038,11.081165210936366,9.352390354416496,11.89752592824341,10.954667306992226,13.620271656339623,12.868626718007462,1.4819612424561703,4.2141491477031785,5.080097576450973,7.724100292801189,100,0.0,10.0,48,0.081,0.689,0.0,0
51,100,58201.0,6.0,1,2,2,3,0,1.6553185437997724,1.0,58.201,2,4.0,2,2,4,0,True,False,11.858033965482058,11.01271145323968,15.813041154649554,0.0,False,0,1,4,0,2,4,2,False,1,1,1,8.615804546228038,11.081165210936366,9.352390354416496,11.89752592824341,10.954667306992226,13.620271656339623,12.868626718007462,1.4819612424561703,4.2141491477031785,5.080097576450973,7.724100292801189,100,0.0,10.0,48,0.081,0.689,0.0,0
52,100,58201.0,6.0,1,2,2,3,0,1.6553185437997724,1.0,58.201,2,4.0,2,2,4,0,False,False,11.858033965482058,11.01271145323968,15.813041154649554,0.0,False,0,2,4,2,0,2,4,False,15,30,15,8.615804546228038,11.081165210936366,9.352390354416496,11.89752592824341,10.954667306992226,13.620271656339623,12.868626718007462,1.4819612424561703,4.2141491477031785,5.080097576450973,7.724100292801189,100,0.0,10.0,48,0.081,0.689,0.0,0
53,100,129976.0,3.0,5,2,2,6,0,5.984162062615101,1.0,129.976,4,1.0,3,3,0,1,False,False,11.92971821977269,11.103290969431653,15.888754765652685,0.0,False,0,0,3,3,0,0,3,False,1,1,1,8.615804546228038,11.081165210936366,9.352390354416496,11.89752592824341,10.954667306992226,13.620271656339623,12.868626718007462,1.4819612424561703,4.2141491477031785,5.080097576450973,7.724100292801189,100,0.0,10.0,48,0.081,0.689,0.0,0
54,100,129976.0,3.0,5,4,2,6,0,5.984162062615101,1.0,129.976,4,1.0,3,3,0,1,False,False,11.92971821977269,11.103290969431653,15.888754765652685,0.0,True,0,0,3,3,0,0,3,False,1,1,1,8.615804546228038,11.081165210936366,9.352390354416496,11.89752592824341,10.954667306992226,13.620271656339623,12.868626718007462,1.4819612424561703,4.2141491477031785,5.080097576450973,7.724100292801189,100,0.0,10.0,48,0.081,0.689,0.0,0
55,100,75915.0,3.0,5,2,2,5,0,3.4951657458563536,1.0,75.915,3,1.0,3,3,0,0,False,False,12.01518833391241,11.064765562589123,15.908204389877891,0.0,True,0,0,2,2,0,0,2,False,1,1,1,8.615804546228038,11.081165210936366,9.352390354416496,11.89752592824341,10.954667306992226,13.620271656339623,12.868626718007462,1.4819612424561703,4.2141491477031785,5.080097576450973,7.724100292801189,100,0.0,10.0,48,0.081,0.689,0.0,0
56,100,86267.0,3.0,1,2,2,7,0,3.971777163904236,1.0,86.267,3,1.0,3,3,0,0,False,False,12.01518833391241,11.064765562589123,15.908204389877891,0.0,False,0,0,2,2,0,0,2,False,1,1,1,8.615804546228038,11.081165210936366,9.352390354416496,11.89752592824341,10.954667306992226,13.620271656339623,12.868626718007462,1.4819612424561703,4.2141491477031785,5.080097576450973,7.724100292801189,100,0.0,10.0,48,0.081,0.689,0.0,0
57,100,207041.0,4.0,3,3,4,6,0,7.902328244274809,1.0,207.041,4,0.0,4,4,0,0,False,False,11.92971821977269,11.103290969431653,15.88875476565268,0.0,False,1,0,4,4,0,0,4,True,1,1,1,8.615804546228038,11.081165210936366,9.352390354416496,11.89752592824341,10.954667306992226,13.620271656339623,12.868626718007462,1.4819612424561703,4.2141491477031785,5.080097576450973,7.724100292801189,100,0.0,10.0,48,0.081,0.689,1.0,1
58,100,328390.0,4.0,1,4,2,2,0,12.533969465648855,1.0,328.39,4,2.0,4,4,0,1,False,False,11.92971821977269,11.103290969431653,15.88875476565268,0.0,False,0,0,4,4,0,0,4,False,1,1,1,8.615804546228038,11.081165210936366,9.352390354416496,11.89752592824341,10.954667306992226,13.620271656339623,12.868626718007462,1.4819612424561703,4.2141491477031785,5.080097576450973,7.724100292801189,100,0.0,10.0,48,0.081,0.689,0.0,0
59,100,204395.0,2.0,1,2,0,2,0,11.855858468677496,1.0,204.395,4,2.0,2,2,0,2,False,False,11.92971821977269,11.103290969431653,15.88875476565268,0.0,False,0,0,2,2,0,0,2,False,1,1,1,8.615804546228038,11.081165210936366,9.352390354416496,11.89752592824341,10.954667306992226,13.620271656339623,12.868626718007462,1.4819612424561703,4.2141491477031785,5.080097576450973,7.724100292801189,100,0.0,10.0,48,0.081,0.689,0.0,0
60,100,112607.0,2.0,1,3,2,6,0,6.531728538283063,1.0,112.607,4,0.0,2,2,0,0,False,False,11.92971821977269,11.103290969431653,15.88875476565268,0.0,False,0,0,2,2,0,0,2,False,1,1,1,8.615804546228038,11.081165210936366,9.352390354416496,11.89752592824341,10.954667306992226,13.620271656339623,12.868626718007462,1.4819612424561703,4.2141491477031785,5.080097576450973,7.724100292801189,100,0.0,10.0,48,0.081,0.689,0.0,0
61,100,59812.0,1.0,6,1,0,3,0,4.687460815047022,1.0,59.812,2,1.0,1,1,0,1,False,False,11.850872264677353,10.93169114543449,15.644259462595068,0.0,True,0,0,0,0,0,0,0,False,1,1,1,8.615804546228038,11.081165210936366,9.352390354416496,11.89752592824341,10.954667306992226,13.620271656339623,12.868626718007462,1.4819612424561703,4.2141491477031785,5.080097576450973,7.724100292801189,100,0.0,10.0,48,0.081,0.689,0.0,0
62,100,59812.0,1.0,6,3,0,3,0,4.687460815047022,1.0,59.812,2,1.0,1,1,0,1,False,False,11.858033965482058,11.01271145323968,15.813041154649554,0.0,False,0,0,1,1,0,0,1,False,1,1,1,8.615804546228038,11.081165210936366,9.352390354416496,11.89752592824341,10.954667306992226,13.620271656339623,12.868626718007462,1.4819612424561703,4.2141491477031785,5.080097576450973,7.724100292801189,100,0.0,10.0,48,0.081,0.689,0.0,0
63,100,57511.0,2.0,1,2,1,6,0,3.335904872389792,1.0,57.511,2,1.0,2,2,0,0,False,False,11.858033965482058,11.01271145323968,15.813041154649554,0.0,False,0,0,1,1,0,0,1,False,1,1,1,8.615804546228038,11.081165210936366,9.352390354416496,11.89752592824341,10.954667306992226,13.620271656339623,12.868626718007462,1.4819612424561703,4.2141491477031785,5.080097576450973,7.724100292801189,100,0.0,10.0,48,0.081,0.689,0.0,0
64,100,48310.0,4.0,3,2,0,2,0,1.8438931297709924,1.0,48.31,2,4.0,1,1,3,1,False,False,11.858033965482058,11.01271145323968,15.813041154649554,0.0,True,1,1,4,1,1,3,3,True,30,15,30,8.615804546228038,11.081165210936366,9.352390354416496,11.89752592824341,10.954667306992226,13.620271656339623,12.868626718007462,1.4819612424561703,4.2141491477031785,5.080097576450973,7.724100292801189,100,0.0,10.0,48,0.081,0.689,9.0,1
65,100,30366.0,1.0,6,1,0,3,0,2.379780564263323,1.0,30.366,2,1.0,1,1,0,0,False,False,11.850872264677353,10.93169114543449,15.644259462595068,0.0,False,0,0,1,1,0,0,1,False,1,1,1,8.615804546228038,11.081165210936366,9.352390354416496,11.89752592824341,10.954667306992226,13.620271656339623,12.868626718007462,1.4819612424561703,4.2141491477031785,5.080097576450973,7.724100292801189,100,0.0,10.0,48,0.081,0.689,0.0,0
66,100,58020.0,2.0,5,2,2,6,0,3.365429234338748,1.0,58.02,2,0.0,2,2,0,0,False,False,11.858033965482058,11.01271145323968,15.813041154649554,0.0,False,0,0,2,2,0,0,2,False,1,1,1,8.615804546228038,11.081165210936366,9.352390354416496,11.89752592824341,10.954667306992226,13.620271656339623,12.868626718007462,1.4819612424561703,4.2141491477031785,5.080097576450973,7.724100292801189,100,0.0,10.0,48,0.081,0.689,0.0,0
67,100,266982.0,2.0,1,2,1,2,0,15.486194895591648,1.0,266.982,4,1.0,2,2,0,1,False,False,11.92971821977269,11.103290969431653,15.88875476565268,0.0,True,0,0,2,2,0,0,2,False,1,1,1,8.615804546228038,11.081165210936366,9.352390354416496,11.89752592824341,10.954667306992226,13.620271656339623,12.868626718007462,1.4819612424561703,4.2141491477031785,5.080097576450973,7.724100292801189,100,0.0,10.0,48,0.081,0.689,0.0,0
68,100,266982.0,2.0,1,2,1,2,0,15.486194895591648,1.0,266.982,4,1.0,2,2,0,1,False,False,11.92971821977269,11.103290969431653,15.88875476565268,0.0,False,0,0,2,2,0,0,2,False,1,1,1,8.615804546228038,11.081165210936366,9.352390354416496,11.89752592824341,10.954667306992226,13.620271656339623,12.868626718007462,1.4819612424561703,4.2141491477031785,5.080097576450973,7.724100292801189,100,0.0,10.0,48,0.081,0.689,0.0,0
69,100,266982.0,2.0,1,2,1,2,0,15.486194895591648,1.0,266.982,4,1.0,2,2,0,1,False,False,11.92971821977269,11.103290969431653,15.88875476565268,0.0,False,0,0,1,1,0,0,1,False,1,1,1,8.615804546228038,11.081165210936366,9.352390354416496,11.89752592824341,10.954667306992226,13.620271656339623,12.868626718007462,1.4819612424561703,4.2141491477031785,5.080097576450973,7.724100292801189,100,0.0,10.0,48,0.081,0.689,0.0,0
70,100,266982.0,2.0,1,1,1,2,0,15.486194895591648,1.0,266.982,4,1.0,2,2,0,1,False,False,11.932846900893573,11.17659602054752,16.015138358958378,0.0,True,0,0,2,2,0,0,2,False,1,1,1,8.615804546228038,11.081165210936366,9.352390354416496,11.89752592824341,10.954667306992226,13.620271656339623,12.868626718007462,1.4819612424561703,4.2141491477031785,5.080097576450973,7.724100292801189,100,0.0,10.0,48,0.081,0.689,0.0,0
71,100,53487.0,1.0,6,1,0,7,0,4.191771159874608,1.0,53.487,2,1.0,1,1,0,1,False,False,11.850872264677353,10.93169114543449,15.644259462595068,0.0,False,0,0,1,1,0,0,1,False,1,1,1,8.615804546228038,11.081165210936366,9.352390354416496,11.89752592824341,10.954667306992226,13.620271656339623,12.868626718007462,1.4819612424561703,4.2141491477031785,5.080097576450973,7.724100292801189,100,0.0,10.0,48,0.081,0.689,0.0,0
72,100,173266.0,2.0,1,2,1,2,0,10.050232018561484,1.0,173.266,4,1.0,2,2,0,1,False,False,11.92971821977269,11.103290969431653,15.88875476565268,0.0,False,0,0,1,1,0,0,1,False,1,1,1,8.615804546228038,11.081165210936366,9.352390354416496,11.89752592824341,10.954667306992226,13.620271656339623,12.868626718007462,1.4819612424561703,4.2141491477031785,5.080097576450973,7.724100292801189,100,0.0,10.0,48,0.081,0.689,0.0,0
73,100,46461.0,1.0,6,2,1,7,0,3.641144200626959,1.0,46.461,2,0.0,1,1,0,0,True,False,11.858033965482058,11.01271145323968,15.813041154649554,0.0,False,0,0,1,1,0,0,1,False,1,1,1,8.615804546228038,11.081165210936366,9.352390354416496,11.89752592824341,10.954667306992226,13.620271656339623,12.868626718007462,1.4819612424561703,4.2141491477031785,5.080097576450973,7.724100292801189,100,0.0,10.0,48,0.081,0.689,0.0,0
74,100,169074.0,3.0,1,2,2,7,0,7.784254143646409,1.0,169.074,4,1.0,3,3,0,1,True,False,11.92971821977269,11.103290969431653,15.888754765652685,0.0,False,0,0,1,1,0,0,1,False,1,1,1,8.615804546228038,11.081165210936366,9.352390354416496,11.89752592824341,10.954667306992226,13.620271656339623,12.868626718007462,1.4819612424561703,4.2141491477031785,5.080097576450973,7.724100292801189,100,0.0,10.0,48,0.081,0.689,0.0,0
75,100,31730.0,2.0,3,2,0,4,0,1.8404872389791185,1.0,31.73,2,2.0,2,2,0,1,False,False,11.858033965482058,11.01271145323968,15.813041154649554,0.0,False,0,0,2,2,0,0,2,False,1,1,1,8.615804546228038,11.081165210936366,9.352390354416496,11.89752592824341,10.954667306992226,13.620271656339623,12.868626718007462,1.4819612424561703,4.2141491477031785,5.080097576450973,7.724100292801189,100,0.0,10.0,48,0.081,0.689,0.0,0
76,100,124652.0,2.0,1,2,2,2,0,7.230394431554524,1.0,124.652,4,0.0,2,2,0,0,False,False,11.92971821977269,11.103290969431653,15.88875476565268,0.0,False,0,0,2,2,0,0,2,False,1,1,1,8.615804546228038,11.081165210936366,9.352390354416496,11.89752592824341,10.954667306992226,13.620271656339623,12.868626718007462,1.4819612424561703,4.2141491477031785,5.080097576450973,7.724100292801189,100,0.0,10.0,48,0.081,0.689,0.0,0
77,100,158308.0,3.0,3,2,1,1,0,7.288581952117863,1.0,158.308,4,2.0,3,3,0,0,False,False,11.92971821977269,11.103290969431653,15.888754765652685,0.0,False,0,0,2,2,0,0,2,False,1,1,1,8.615804546228038,11.081165210936366,9.352390354416496,11.89752592824341,10.954667306992226,13.620271656339623,12.868626718007462,1.4819612424561703,4.2141491477031785,5.080097576450973,7.724100292801189,100,0.0,10.0,48,0.081,0.689,0.0,0
78,100,210322.0,4.0,5,4,2,2,0,8.027557251908396,1.0,210.322,4,2.0,4,4,0,1,False,False,11.92971821977269,11.103290969431653,15.88875476565268,0.0,True,0,0,3,3,0,0,3,False,1,1,1,8.615804546228038,11.081165210936366,9.352390354416496,11.89752592824341,10.954667306992226,13.620271656339623,12.868626718007462,1.4819612424561703,4.2141491477031785,5.080097576450973,7.724100292801189,100,0.0,10.0,48,0.081,0.689,0.0,0
79,100,12805.0,1.0,4,1,0,8,0,1.003526645768025,1.0,12.805,1,1.0,1,1,0,1,False,False,11.20720759419711,10.969668398194193,15.686573697410658,0.0,False,0,0,0,0,0,0,0,False,1,1,1,8.615804546228038,11.081165210936366,9.352390354416496,11.89752592824341,10.954667306992226,13.620271656339623,12.868626718007462,1.4819612424561703,4.2141491477031785,5.080097576450973,7.724100292801189,100,0.0,10.0,48,0.081,0.689,0.0,0
80,100,82384.0,6.0,1,2,1,2,0,2.34311717861206,1.0,82.384,3,5.0,2,2,4,1,False,False,12.01518833391241,11.064765562589123,15.908204389877891,0.0,False,0,0,6,2,2,4,4,False,148,134,86,8.615804546228038,11.081165210936366,9.352390354416496,11.89752592824341,10.954667306992226,13.620271656339623,12.868626718007462,1.4819612424561703,4.2141491477031785,5.080097576450973,7.724100292801189,100,0.0,10.0,48,0.081,0.689,0.0,0
81,100,82384.0,6.0,1,1,1,2,0,2.34311717861206,1.0,82.384,3,5.0,2,2,4,1,False,False,12.000478573490804,11.04701305607602,16.06032251547365,0.0,True,0,1,5,2,1,3,4,False,23,108,134,8.615804546228038,11.081165210936366,9.352390354416496,11.89752592824341,10.954667306992226,13.620271656339623,12.868626718007462,1.4819612424561703,4.2141491477031785,5.080097576450973,7.724100292801189,100,0.0,10.0,48,0.081,0.689,0.0,0
82,100,39095.0,1.0,4,1,0,1,0,3.063871473354232,1.0,39.095,2,1.0,1,1,0,1,False,False,11.850872264677353,10.93169114543449,15.644259462595068,0.0,False,0,0,1,1,0,0,1,False,1,1,1,8.615804546228038,11.081165210936366,9.352390354416496,11.89752592824341,10.954667306992226,13.620271656339623,12.868626718007462,1.4819612424561703,4.2141491477031785,5.080097576450973,7.724100292801189,100,0.0,10.0,48,0.081,0.689,0.0,0
83,100,39095.0,1.0,4,1,0,1,0,3.063871473354232,1.0,39.095,2,1.0,1,1,0,1,False,False,11.850872264677353,10.93169114543449,15.644259462595068,0.0,False,0,0,1,1,0,0,1,False,1,1,1,8.615804546228038,11.081165210936366,9.352390354416496,11.89752592824341,10.954667306992226,13.620271656339623,12.868626718007462,1.4819612424561703,4.2141491477031785,5.080097576450973,7.724100292801189,100,0.0,10.0,48,0.081,0.689,0.0,0
84,100,39095.0,1.0,4,1,0,1,0,3.063871473354232,1.0,39.095,2,1.0,1,1,0,1,False,False,11.850872264677353,10.93169114543449,15.644259462595068,0.0,False,0,0,1,1,0,0,1,False,1,1,1,8.615804546228038,11.081165210936366,9.352390354416496,11.89752592824341,10.954667306992226,13.620271656339623,12.868626718007462,1.4819612424561703,4.2141491477031785,5.080097576450973,7.724100292801189,100,0.0,10.0,48,0.081,0.689,0.0,0
85,100,90656.0,2.0,1,2,1,2,0,5.258468677494199,1.0,90.656,3,1.0,2,2,0,0,False,False,12.01518833391241,11.064765562589123,15.908204389877891,0.0,False,0,0,2,2,0,0,2,False,1,1,1,8.615804546228038,11.081165210936366,9.352390354416496,11.89752592824341,10.954667306992226,13.620271656339623,12.868626718007462,1.4819612424561703,4.2141491477031785,5.080097576450973,7.724100292801189,100,0.0,10.0,48,0.081,0.689,0.0,0
86,100,363191.0,3.0,5,2,2,8,0,16.721500920810314,1.0,363.191,4,1.0,3,3,0,0,False,False,11.92971821977269,11.103290969431653,15.888754765652685,0.0,False,0,0,1,1,0,0,1,False,1,1,1,8.615804546228038,11.081165210936366,9.352390354416496,11.89752592824341,10.954667306992226,13.620271656339623,12.868626718007462,1.4819612424561703,4.2141491477031785,5.080097576450973,7.724100292801189,100,0.0,10.0,48,0.081,0.689,0.0,0
87,100,151979.0,2.0,1,2,1,2,0,8.815487238979118,1.0,151.979,4,1.0,2,2,0,1,False,False,11.92971821977269,11.103290969431653,15.88875476565268,0.0,False,0,0,1,1,0,0,1,False,1,1,1,8.615804546228038,11.081165210936366,9.352390354416496,11.89752592824341,10.954667306992226,13.620271656339623,12.868626718007462,1.4819612424561703,4.2141491477031785,5.080097576450973,7.724100292801189,100,0.0,10.0,48,0.081,0.689,0.0,0
88,100,45023.0,1.0,4,1,0,2,0,3.5284482758620688,1.0,45.023,2,1.0,1,1,0,1,False,False,11.850872264677353,10.93169114543449,15.644259462595068,0.0,False,0,0,1,1,0,0,1,False,1,1,1,8.615804546228038,11.081165210936366,9.352390354416496,11.89752592824341,10.954667306992226,13.620271656339623,12.868626718007462,1.4819612424561703,4.2141491477031785,5.080097576450973,7.724100292801189,100,0.0,10.0,48,0.081,0.689,0.0,0
89,100,38560.0,2.0,5,2,1,5,0,2.2366589327146174,1.0,38.56,2,1.0,2,2,0,1,False,False,11.858033965482058,11.01271145323968,15.813041154649554,0.0,False,0,0,2,2,0,0,2,False,1,1,1,8.615804546228038,11.081165210936366,9.352390354416496,11.89752592824341,10.954667306992226,13.620271656339623,12.868626718007462,1.4819612424561703,4.2141491477031785,5.080097576450973,7.724100292801189,100,0.0,10.0,48,0.081,0.689,0.0,0
90,100,116866.0,3.0,2,2,1,3,0,5.380570902394107,1.0,116.866,4,2.0,3,3,0,0,False,False,11.92971821977269,11.103290969431653,15.888754765652685,0.0,True,0,0,3,3,0,0,3,False,1,1,1,8.615804546228038,11.081165210936366,9.352390354416496,11.89752592824341,10.954667306992226,13.620271656339623,12.868626718007462,1.4819612424561703,4.2141491477031785,5.080097576450973,7.724100292801189,100,0.0,10.0,48,0.081,0.689,0.0,0
91,100,116866.0,3.0,2,3,1,3,0,5.380570902394107,1.0,116.866,4,2.0,3,3,0,0,False,False,11.92971821977269,11.103290969431653,15.888754765652685,0.0,False,0,0,2,2,0,0,2,False,1,1,1,8.615804546228038,11.081165210936366,9.352390354416496,11.89752592824341,10.954667306992226,13.620271656339623,12.868626718007462,1.4819612424561703,4.2141491477031785,5.080097576450973,7.724100292801189,100,0.0,10.0,48,0.081,0.689,0.0,0
92,100,118481.0,2.0,1,2,1,2,0,6.872447795823666,1.0,118.481,4,1.0,2,2,0,1,False,False,11.92971821977269,11.103290969431653,15.88875476565268,0.0,True,0,0,1,1,0,0,1,False,1,1,1,8.615804546228038,11.081165210936366,9.352390354416496,11.89752592824341,10.954667306992226,13.620271656339623,12.868626718007462,1.4819612424561703,4.2141491477031785,5.080097576450973,7.724100292801189,100,0.0,10.0,48,0.081,0.689,0.0,0
93,100,127098.0,4.0,5,4,4,2,0,4.8510687022900765,1.0,127.098,4,0.0,4,4,0,0,False,False,11.92971821977269,11.103290969431653,15.88875476565268,0.0,False,0,0,4,4,0,0,4,False,1,1,1,8.615804546228038,11.081165210936366,9.352390354416496,11.89752592824341,10.954667306992226,13.620271656339623,12.868626718007462,1.4819612424561703,4.2141491477031785,5.080097576450973,7.724100292801189,100,0.0,10.0,48,0.081,0.689,0.0,0
94,100,109218.0,2.0,7,2,1,5,0,6.335150812064965,1.0,109.218,4,1.0,2,2,0,1,False,False,11.92971821977269,11.103290969431653,15.88875476565268,0.0,False,0,0,1,1,0,0,1,False,1,1,1,8.615804546228038,11.081165210936366,9.352390354416496,11.89752592824341,10.954667306992226,13.620271656339623,12.868626718007462,1.4819612424561703,4.2141491477031785,5.080097576450973,7.724100292801189,100,0.0,10.0,48,0.081,0.689,0.0,0
95,100,80783.0,2.0,1,2,1,2,0,4.685788863109049,1.0,80.783,3,1.0,2,2,0,1,False,False,12.01518833391241,11.064765562589123,15.908204389877891,0.0,False,0,0,1,1,0,0,1,False,1,1,1,8.615804546228038,11.081165210936366,9.352390354416496,11.89752592824341,10.954667306992226,13.620271656339623,12.868626718007462,1.4819612424561703,4.2141491477031785,5.080097576450973,7.724100292801189,100,0.0,10.0,48,0.081,0.689,0.0,0
96,100,59887.0,3.0,7,3,2,3,0,2.757228360957643,1.0,59.887,2,1.0,3,3,0,1,False,False,11.858033965482058,11.01271145323968,15.813041154649554,0.0,False,0,0,3,3,0,0,3,False,1,1,1,8.615804546228038,11.081165210936366,9.352390354416496,11.89752592824341,10.954667306992226,13.620271656339623,12.868626718007462,1.4819612424561703,4.2141491477031785,5.080097576450973,7.724100292801189,100,0.0,10.0,48,0.081,0.689,0.0,0
97,100,19388.0,1.0,6,1,0,1,0,1.519435736677116,1.0,19.388,1,1.0,1,1,0,1,False,False,11.20720759419711,10.969668398194193,15.686573697410658,0.0,False,0,0,1,1,0,0,1,False,1,1,1,8.615804546228038,11.081165210936366,9.352390354416496,11.89752592824341,10.954667306992226,13.620271656339623,12.868626718007462,1.4819612424561703,4.2141491477031785,5.080097576450973,7.724100292801189,100,0.0,10.0,48,0.081,0.689,0.0,0
98,100,0.0,4.0,3,0,0,9,0,0.0,1.0,0.0,1,4.0,1,1,3,1,False,False,12.122177391907952,12.331133106728863,16.168233323394322,0.0,False,1,2,4,1,3,3,1,True,1,1,1,8.615804546228038,11.081165210936366,9.352390354416496,11.89752592824341,10.954667306992226,13.620271656339623,12.868626718007462,1.4819612424561703,4.2141491477031785,5.080097576450973,7.724100292801189,100,0.0,10.0,48,0.081,0.689,6.0,1
99,100,234809.0,2.0,1,2,2,9,0,13.620011600928072,1.0,234.809,4,0.0,2,2,0,0,False,False,11.92971821977269,11.103290969431653,15.88875476565268,0.0,True,0,0,2,2,0,0,2,False,1,1,1,8.615804546228038,11.081165210936366,9.352390354416496,11.89752592824341,10.954667306992226,13.620271656339623,12.868626718007462,1.4819612424561703,4.2141491477031785,5.080097576450973,7.724100292801189,100,0.0,10.0,48,0.081,0.689,0.0,0
100,100,46746.0,6.0,1,2,2,4,0,1.3295221843003413,1.0,46.746,2,4.0,2,2,4,0,False,False,11.858033965482058,11.01271145323968,15.813041154649554,0.0,True,0,3,2,1,0,1,2,False,3,3,3,8.615804546228038,11.081165210936366,9.352390354416496,11.89752592824341,10.954667306992226,13.620271656339623,12.868626718007462,1.4819612424561703,4.2141491477031785,5.080097576450973,7.724100292801189,100,0.0,10.0,48,0.081,0.689,0.0,0
