trip_id,person_id,household_id,primary_purpose,trip_num,outbound,trip_count,destination,origin,tour_id,escort_participants,school_escort_direction,purpose,destination_logsum,depart,trip_mode,mode_choice_logsum,vot_da,vot_s2,vot_s3,owns_transponder,ebike_owner,auto_op_cost,autoCPMFactor,autoParkingCostFactor,autoTermTimeFactor,costFactorS2,costFactorS3,transitSubsidyPassDiscount,origTaxiWaitTime,origSingleTNCWaitTime,destSingleTNCWaitTime,origSharedTNCWaitTime,ebike_time,escooter_time,microtransit_orig,microtransit_dest,microtransit_operating,microtransit_available,microtransit_time,nev_orig,nev_dest,nev_operating,nev_available,nev_time,microtransit_local_access_available_out,microtransit_prm_access_available_out,microtransit_access_available_out,nev_local_access_available_out,nev_prm_access_available_out,nev_access_available_out,microtransit_local_egress_available_out,microtransit_prm_egress_available_out,microtransit_egress_available_out,nev_local_egress_available_out,nev_prm_egress_available_out,nev_egress_available_out,microtransit_local_access_available_in,microtransit_prm_access_available_in,microtransit_access_available_in,nev_local_access_available_in,nev_prm_access_available_in,nev_access_available_in,microtransit_local_egress_available_in,microtransit_prm_egress_available_in,microtransit_egress_available_in,nev_local_egress_available_in,nev_prm_egress_available_in,nev_egress_available_in,microtransit_local_access_time_out,microtransit_prm_access_time_out,microtransit_mix_access_time_out,nev_local_access_time_out,nev_prm_access_time_out,nev_mix_access_time_out,microtransit_local_egress_time_out,microtransit_prm_egress_time_out,microtransit_mix_egress_time_out,nev_local_egress_time_out,nev_prm_egress_time_out,nev_mix_egress_time_out,microtransit_local_access_time_in,microtransit_prm_access_time_in,microtransit_mix_access_time_in,nev_local_access_time_in,nev_prm_access_time_in,nev_mix_access_time_in,microtransit_local_egress_time_in,microtransit_prm_egress_time_in,microtransit_mix_egress_time_in,nev_local_egress_time_in,nev_prm_egress_time_in,nev_mix_egress_time_in,time_drive_terminal,cost_parking,cost_operating_drive,cost_fare_drive,time_transit_drive,time_sch_bus_in_vehicle,time_nev_in_vehicle,time_microtransit_in_vehicle,time_nev_mt_wait,time_walk,distance_walk,time_mm,distance_mm,cost_fare_mm,distance_bike,time_wait_drive,parking_zone,trip_period,tour_participants,distance_total,weight_trip,weight_person_trip,inbound,time_drive,distance_drive,cost_toll_drive,time_transit_in_vehicle,time_rapid_transit_in_vehicle,time_express_bus_transit_in_vehicle,time_local_bus_transit_in_vehicle,time_light_rail_transit_in_vehicle,time_commuter_rail_transit_in_vehicle,cost_fare_transit,transfers_transit,time_bike,time_transit_wait,time_total,cost_total,value_of_time_category_id,trip_veh_body,trip_veh_age,trip_veh_fueltype,origin_purpose,sample_rate,origin_parking_zone,otaz,dtaz
449,1,1,eatout,1,True,1,20386,57,56,,,eatout,-9.0,18,SHARED2,-0.2655432591960555,7.002779450397907,12.285577983154225,18.92643094702137,False,False,40.20886508638724,1.0,1.0,1.0,0.57,0.37,1,5.500551029264214,9.106885120761298,1.399417288798739,9.77461932723858,128.50656,191.80086,0.0,0.0,True,False,52.674927,10.0,0.0,True,False,92.95575,False,False,False,True,True,True,False,False,False,False,False,False,False,False,False,False,False,False,False,False,False,False,False,False,6.339394,8.398404,6.0,6.5989304,10.232478,6.0,6.524,8.318,6.524,6.924705882352941,10.090588235294115,6.924705882352941,6.274,7.312,6.274,6.483529411764706,8.31529411764706,6.483529411764706,8.828283,12.70005,6.0,10.991088,17.823616,6.0,0.0,0.0,418.1050757765943,0.0,0.0,0.0,0.0,0.0,0,0.0,0.0,0.0,0.0,0.0,0.0,0.0,-1,MD,1,20.457008,0.5,1.0,False,23.745805740356445,20.796661376953125,0.0,0.0,0.0,0.0,0.0,0.0,0.0,0.0,0.0,0.0,0.0,23.745805740356445,418.1050757765943,2,Pickup,20,Gas,home,1.0,-1.0,46,2714
453,1,1,eatout,1,False,1,57,20386,56,,,home,-9.0,26,SHARED2,-0.481143194735038,7.002779450397907,12.285577983154225,18.92643094702137,False,False,40.20886508638724,1.0,1.0,1.0,0.57,0.37,1,4.380159329165373,5.072026526758746,6.951275627489375,10.290811895476008,130.28653,194.4575,0.0,0.0,True,False,52.138786,0.0,10.0,True,False,92.00962,False,False,False,False,False,False,False,False,False,False,False,False,False,False,False,False,False,False,False,False,False,True,False,True,9.91776,7.783658,6.0,12.913694,9.147632,6.0,6.274,7.312,6.274,6.483529411764706,8.31529411764706,6.483529411764706,6.524,8.318,6.524,6.924705882352941,10.090588235294115,6.924705882352941,8.82615,20.863817,6.0,10.987324,32.787834,6.0,0.0,0.0,415.5479236224816,0.0,0.0,0.0,0.0,0.0,0,0.0,0.0,0.0,0.0,0.0,0.0,0.0,-1,PM,1,20.855515,0.5,1.0,True,35.1953010559082,20.66946792602539,0.0,0.0,0.0,0.0,0.0,0.0,0.0,0.0,0.0,0.0,0.0,35.1953010559082,415.5479236224816,2,Pickup,20,Gas,home,1.0,-1.0,2714,46
785,1,1,work,1,True,1,8690,57,98,,,work,-9.0,8,DRIVEALONE,-0.8723381058129481,6.207998240320052,10.891224983017636,16.778373622486626,False,False,40.20886508638724,1.0,1.0,1.0,0.57,0.37,1,6.963158762553609,4.75221451713828,13.827718844306755,2.3136895140147624,32.604,48.66269,0.0,0.0,True,False,33.21091,10.0,0.0,True,False,45.242504,False,False,False,True,True,True,False,False,False,False,False,False,False,False,False,False,False,False,False,False,False,False,False,False,6.0,6.0,6.0,6.0,6.0,6.0,11.078,2499997.5000000005,11.078,14.961176470588237,4411760.294117647,14.961176470588237,6.274,7.312,6.274,6.483529411764706,8.31529411764706,6.483529411764706,13.3565,6.0,6.0,18.982058,6.0,6.0,0.0,0.0,412.34061229293513,0.0,0.0,0.0,0.0,0.0,0,0.0,0.0,0.0,0.0,0.0,0.0,0.0,-1,AM,1,10.254968,1.0,1.0,False,26.568727493286133,10.25496768951416,0.0,0.0,0.0,0.0,0.0,0.0,0.0,0.0,0.0,0.0,0.0,26.568727493286133,412.34061229293513,1,Pickup,20,Gas,home,1.0,-1.0,46,42
789,1,1,work,1,False,1,57,8690,98,,,home,-9.0,11,DRIVEALONE,-1.0259701923257447,6.207998240320052,10.891224983017636,16.778373622486626,False,False,40.20886508638724,1.0,1.0,1.0,0.57,0.37,1,26.066868673284752,13.728778532695872,2.7613859622864334,14.38338021411476,33.28416,49.677853,0.0,0.0,True,False,48.765656,0.0,10.0,True,False,48.765656,False,False,False,False,False,False,False,False,False,False,False,False,False,False,False,False,False,False,False,False,False,True,True,True,7.96175,6.0,6.0,9.461912,6.0,6.0,6.274,7.312,6.274,6.483529411764706,8.31529411764706,6.483529411764706,11.078,2499997.5000000005,11.078,14.961176470588237,4411760.294117647,14.961176470588237,6.0,6.0,6.0,6.0,6.0,6.0,0.0,0.0,405.93377390471295,0.0,0.0,0.0,0.0,0.0,0,0.0,0.0,0.0,0.0,0.0,0.0,0.0,-1,AM,1,10.095629,1.0,1.0,True,39.01252365112305,10.09562873840332,0.0,0.0,0.0,0.0,0.0,0.0,0.0,0.0,0.0,0.0,0.0,39.01252365112305,405.93377390471295,1,Pickup,20,Gas,home,1.0,-1.0,42,46
1001,2,1,othdiscr,1,True,1,5111,57,125,,,othdiscr,-9.0,14,DRIVEALONE,-0.383201559253826,6.611595918001412,11.599291084213004,17.869178156760572,False,False,40.20886508638724,1.0,1.0,1.0,0.57,0.37,1,9.798533845946883,3.8514166332327866,5.80460096317831,4.2454925914423525,22.00614,32.844986,0.0,0.0,True,False,14.417423,10.0,0.0,True,False,19.351196,False,False,False,True,True,True,False,False,False,False,False,False,False,False,False,False,False,False,False,False,False,False,False,False,6.339394,6.0,6.0,6.5989304,6.0,6.0,6.182,9.064,6.182,6.321176470588235,11.407058823529413,6.321176470588235,6.274,7.312,6.274,6.483529411764706,8.31529411764706,6.483529411764706,8.828283,12.70005,6.0,10.991088,17.823616,6.0,0.0,0.0,138.44651685952755,0.0,0.0,0.0,0.0,0.0,0,0.0,0.0,0.0,0.0,0.0,0.0,0.0,-1,MD,1,3.443184,1.0,1.0,False,9.42225742340088,3.443183898925781,0.0,0.0,0.0,0.0,0.0,0.0,0.0,0.0,0.0,0.0,0.0,9.42225742340088,138.44651685952755,1,Pickup,20,Gas,home,1.0,-1.0,46,140
1005,2,1,othdiscr,1,False,2,5805,5111,125,,,eatout,11.808216273618305,19,DRIVEALONE,-0.4135016108918095,6.611595918001412,11.599291084213004,17.869178156760572,False,False,40.20886508638724,1.0,1.0,1.0,0.57,0.37,1,8.44879550894936,4.110253218558792,3.058908493460404,6.587749422600245,35.06178,52.331017,0.0,0.0,True,False,14.945746,0.0,10.0,True,False,21.786612,False,False,False,False,False,False,False,False,False,False,False,False,False,False,False,False,False,False,False,False,False,False,True,True,6.281556,8.82712,6.0,6.4968634,10.989035,6.0,6.212,8.198,6.212,6.374117647058823,9.878823529411765,6.374117647058823,6.182,9.064,6.182,6.321176470588235,11.407058823529413,6.321176470588235,12.894434,6.0,6.0,18.166649,6.0,6.0,0.0,0.0,179.84915548587458,0.0,0.0,0.0,0.0,0.0,0,0.0,0.0,0.0,0.0,0.0,0.0,0.0,-1,MD,1,4.472873,1.0,1.0,True,7.718901634216309,4.472873210906982,0.0,0.0,0.0,0.0,0.0,0.0,0.0,0.0,0.0,0.0,0.0,7.718901634216309,179.84915548587458,1,Pickup,20,Gas,othdiscr,1.0,-1.0,140,20
1006,2,1,othdiscr,2,False,2,57,5805,125,,,home,-9.0,42,DRIVEALONE,-0.1630087142737749,6.611595918001412,11.599291084213004,17.869178156760572,False,False,40.20886508638724,1.0,1.0,1.0,0.57,0.37,1,4.272255198476611,11.550399152256864,6.574081237067201,17.76752982050515,9.56904,14.282149,0.0,0.0,True,False,10.4526005,10.0,10.0,True,True,10.608488,False,False,False,False,False,False,False,False,False,False,False,False,False,False,False,False,True,False,False,False,False,False,False,True,7.457152,10.052284,6.0,8.5714445,13.151089,6.0,6.274,7.312,6.274,6.483529411764706,8.31529411764706,6.483529411764706,6.212,8.198,6.212,6.374117647058823,9.878823529411765,6.374117647058823,18.142933,19.663849,6.0,27.428703,30.140842,6.0,0.0,0.0,52.50225634456667,0.0,0.0,0.0,0.0,0.0,0,0.0,0.0,0.0,0.0,0.0,0.0,0.0,-1,EV,1,1.3057383,1.0,1.0,True,4.452600479125977,1.30573832988739,0.0,0.0,0.0,0.0,0.0,0.0,0.0,0.0,0.0,0.0,0.0,4.452600479125977,52.50225634456667,1,Pickup,20,Gas,eatout,1.0,-1.0,20,46
1633,4,2,atwork,1,True,1,8271,14287,204,,,atwork,-9.0,19,DRIVEALONE,-0.0941223884180192,11.150381516769531,19.56207283643778,30.13616626153928,True,False,30.30863321749784,1.0,1.0,1.0,0.57,0.37,1,4.63107142596299,9.036330169883392,2.5418121517521817,7.037529781806923,5.38434,8.036328,0.0,0.0,True,False,7.4902925,0.0,0.0,True,False,7.718329,False,False,False,False,False,False,False,False,False,False,False,False,False,False,False,False,False,False,False,False,False,False,False,False,6.598742,6.0,6.0,7.0566034,6.0,6.0,7.33,10.612,7.33,8.347058823529412,14.138823529411766,8.347058823529412,6.72,11.046,6.72,7.270588235294118,14.90470588235294,7.270588235294118,10.989517,6.0,6.0,14.80503,6.0,6.0,0.0,0.0,14.756055962269786,0.0,0.0,0.0,0.0,0.0,0,0.0,0.0,0.0,0.0,0.0,0.0,0.0,-1,MD,1,0.48685983,1.0,1.0,False,1.4902923107147217,0.4868598282337188,0.0,0.0,0.0,0.0,0.0,0.0,0.0,0.0,0.0,0.0,0.0,1.4902923107147217,14.756055962269786,2,Car,9,Gas,work,1.0,-1.0,2090,2093
1637,4,2,atwork,1,False,2,14282,8271,204,,,work,10.00860124638123,21,DRIVEALONE,-0.1211936270465555,11.150381516769531,19.56207283643778,30.13616626153928,True,False,30.30863321749784,1.0,1.0,1.0,0.57,0.37,1,2.478915972858202,5.914239737164907,4.290192453430389,5.617561095596334,8.80542,13.142418,0.0,0.0,True,False,8.690876,0.0,0.0,True,False,9.170388,False,False,False,False,False,False,False,False,False,False,False,False,False,False,False,False,False,False,False,False,False,False,False,False,10.55614,10.5521,6.0,14.040247,14.033117,6.0,7.176,8.352,7.176,8.075294117647058,10.150588235294116,8.075294117647058,7.33,10.612,7.33,8.347058823529412,14.138823529411766,8.347058823529412,12.883516,6.0,6.0,18.14738,6.0,6.0,0.0,0.0,27.225536817526333,0.0,0.0,0.0,0.0,0.0,0,0.0,0.0,0.0,0.0,0.0,0.0,0.0,-1,MD,1,0.8982766,1.0,1.0,True,2.690875768661499,0.8982766270637512,0.0,0.0,0.0,0.0,0.0,0.0,0.0,0.0,0.0,0.0,0.0,2.690875768661499,27.225536817526333,2,Car,9,Gas,atwork,1.0,-1.0,2093,2245
1638,4,2,atwork,2,False,2,14287,14282,204,,,work,-9.0,21,DRIVEALONE,-0.1294919462765099,11.150381516769531,19.56207283643778,30.13616626153928,True,False,30.30863321749784,1.0,1.0,1.0,0.57,0.37,1,5.57768566526878,4.487829934319552,5.527653147383044,10.195357470912825,10.7601,16.059853,0.0,0.0,True,False,8.858629,0.0,0.0,True,False,9.665633,False,False,False,False,False,False,False,False,False,False,False,False,False,False,False,False,False,False,False,False,False,False,False,False,6.5878277,6.0,6.0,7.0373435,6.0,6.0,6.72,11.046,6.72,7.270588235294118,14.90470588235294,7.270588235294118,7.176,8.352,7.176,8.075294117647058,10.150588235294116,8.075294117647058,10.898566,24.900833,6.0,14.644529,41.69301,6.0,0.0,0.0,31.47842625716898,0.0,0.0,0.0,0.0,0.0,0,0.0,0.0,0.0,0.0,0.0,0.0,0.0,-1,MD,1,1.038596,1.0,1.0,True,2.8586297035217285,1.0385960340499878,0.0,0.0,0.0,0.0,0.0,0.0,0.0,0.0,0.0,0.0,0.0,2.8586297035217285,31.47842625716898,2,Car,9,Gas,work,1.0,-1.0,2245,2090
1985,4,2,work,1,True,2,4859,57,248,,,work,12.491444885797032,4,DRIVEALONE,-1.3287400312740911,19.282061097724,33.82817736442806,52.11367864249728,True,False,30.30863321749784,1.0,1.0,1.0,0.57,0.37,1,4.138115788722354,1.598829466779926,7.608693408583834,5.598474140460287,0.0,0.0,0.0,0.0,True,False,67.26532,10.0,0.0,True,False,118.7035,False,False,False,True,True,True,False,False,False,False,False,False,False,False,False,False,False,False,False,False,False,False,False,False,6.339394,6.0,6.821054,6.5989304,6.0,7.448919,6.546,8.16,6.546,6.963529411764706,9.811764705882354,6.963529411764706,6.274,7.312,6.274,6.483529411764706,8.31529411764706,6.483529411764706,8.828283,12.842116,6.0,10.991088,18.074324,6.0,0.0,0.0,815.487962723973,0.0,0.0,0.0,0.0,0.0,0,0.0,0.0,0.0,0.0,0.0,0.0,0.0,-1,EA,1,26.632818,1.0,1.0,False,28.88456153869629,26.9061279296875,0.0,0.0,0.0,0.0,0.0,0.0,0.0,0.0,0.0,0.0,0.0,28.88456153869629,815.487962723973,3,Car,9,Gas,home,1.0,-1.0,46,1524
1986,4,2,work,2,True,2,14287,4859,248,,,work,-9.0,5,DRIVEALONE,-0.2552980449291298,19.282061097724,33.82817736442806,52.11367864249728,True,False,30.30863321749784,1.0,1.0,1.0,0.57,0.37,1,9.0322264308381,5.962250275695495,4.115362991818549,11.835633230099017,16.2864,24.30806,0.0,0.0,True,False,12.362936,0.0,0.0,True,False,16.126373,False,False,False,False,False,False,False,False,False,False,False,False,False,False,False,False,False,False,False,False,False,False,False,False,6.0,6.0,6.0,6.0,6.0,6.0,6.72,11.046,6.72,7.270588235294118,14.90470588235294,7.270588235294118,6.546,8.16,6.546,6.963529411764706,9.811764705882354,6.963529411764706,13.89805,6.0,13.89805,19.937737,6.0,19.937737,0.0,0.0,86.95968749569992,0.0,0.0,0.0,0.0,0.0,0,0.0,0.0,0.0,0.0,0.0,0.0,0.0,-1,EA,1,2.8691392,1.0,1.0,False,6.362936496734619,2.8691391944885254,0.0,0.0,0.0,0.0,0.0,0.0,0.0,0.0,0.0,0.0,0.0,6.362936496734619,86.95968749569992,3,Car,9,Gas,work,1.0,-1.0,1524,2090
1989,4,2,work,1,False,1,57,14287,248,,,home,-9.0,27,DRIVEALONE,-2.075057481773922,19.282061097724,33.82817736442806,52.11367864249728,True,False,30.30863321749784,1.0,1.0,1.0,0.57,0.37,1,9.765184517806514,1.9573763897524687,2.374702171649436,9.405856370551668,0.0,0.0,0.0,0.0,True,False,71.138824,0.0,10.0,True,False,125.53909,False,False,False,False,False,False,False,False,False,False,False,False,False,False,False,False,False,False,False,False,False,True,True,True,6.432706,10.80332,6.0,6.763599,14.476446,6.0,6.274,7.312,6.274,6.483529411764706,8.31529411764706,6.483529411764706,6.72,11.046,6.72,7.270588235294118,14.90470588235294,7.270588235294118,9.605883,6.0,9.605883,12.363323,6.0,12.363323,0.0,0.0,882.6143059750648,0.0,0.0,0.0,0.0,0.0,0,0.0,0.0,0.0,0.0,0.0,0.0,0.0,-1,PM,1,29.120888,1.0,1.0,True,57.53067779541016,29.120887756347656,0.0,0.0,0.0,0.0,0.0,0.0,0.0,0.0,0.0,0.0,0.0,57.53067779541016,882.6143059750648,3,Car,9,Gas,home,1.0,-1.0,2090,46
2761,6,3,social,1,True,1,251,57,345,,,social,-9.0,37,BIKE,-2.8370662375880165,6.657613358339748,11.680023435683768,17.993549617134452,False,False,32.6,1.0,1.0,1.0,0.57,0.37,1,12.369125744921824,3.4479178287634737,3.2509697068857086,12.170395791369964,1.93986,2.8953135,0.0,0.0,True,False,6.375744,10.0,10.0,True,True,6.442082,False,False,False,True,True,True,False,False,False,False,False,False,False,False,False,False,False,False,False,False,False,False,False,False,6.0,6.0,6.0,6.0,6.0,6.0,6.526,7.476,6.526,6.928235294117647,8.604705882352942,6.928235294117647,6.274,7.312,6.274,6.483529411764706,8.31529411764706,6.483529411764706,6.0,6.0,6.0,6.0,6.0,6.0,0.0,0.0,0.0,0.0,0.0,0.0,0.0,0.0,0,0.0,0.0,0.0,0.0,0.0,0.3233100175857544,0.0,-1,EV,1,0.12525651,1.0,1.0,False,0.0,0.0,0.0,0.0,0.0,0.0,0.0,0.0,0.0,0.0,0.0,2.487,0.0,2.486999988555908,0.0,3,,-9,,home,1.0,-1.0,46,46
2765,6,3,social,1,False,1,57,251,345,,,home,-9.0,40,BIKE,-2.5556239320528817,6.657613358339748,11.680023435683768,17.993549617134452,False,False,32.6,1.0,1.0,1.0,0.57,0.37,1,18.94497437342293,5.84852309449948,19.1804575273624,8.807920763828356,1.21212,1.8091345,0.0,0.0,True,False,6.375744,10.0,10.0,True,True,6.442082,False,False,False,False,False,False,False,False,False,False,False,False,False,False,False,False,False,False,False,False,False,True,True,True,6.0,6.0,6.0,6.0,6.0,6.0,6.274,7.312,6.274,6.483529411764706,8.31529411764706,6.483529411764706,6.526,7.476,6.526,6.928235294117647,8.604705882352942,6.928235294117647,6.0,6.0,6.0,6.0,6.0,6.0,0.0,0.0,0.0,0.0,0.0,0.0,0.0,0.0,0,0.0,0.0,0.0,0.0,0.0,0.2020200043916702,0.0,-1,EV,1,0.12525651,1.0,1.0,True,0.0,0.0,0.0,0.0,0.0,0.0,0.0,0.0,0.0,0.0,0.0,1.554,0.0,1.5540000200271606,0.0,3,,-9,,home,1.0,-1.0,46,46
2873,7,3,escort,1,True,1,229,57,359,,,escort,-9.0,9,SHARED2,0.4236164874070865,37.54426810213816,65.86713702129501,101.47099487064366,False,False,28.00522137691947,1.0,1.0,1.0,0.57,0.37,1,3.9862735566284537,20.572496745169424,3.277794417406381,8.49806640152895,5.33208,7.9583287,0.0,0.0,True,False,9.235722,10.0,10.0,True,True,9.448593,False,False,False,True,True,True,False,False,False,False,False,False,False,False,False,False,False,False,False,False,False,False,False,False,6.88278,8.398404,6.0,7.557847,10.232478,6.0,6.254,6.974,6.254,6.448235294117647,7.718823529411765,6.448235294117647,6.274,7.312,6.274,6.483529411764706,8.31529411764706,6.483529411764706,8.787066,12.70005,6.0,10.918352,17.823616,6.0,0.0,0.0,13.681969470998524,0.0,0.0,0.0,0.0,0.0,0,0.0,0.0,0.0,0.0,0.0,0.0,0.0,-1,AM,1,0.9771013,0.5,1.0,False,3.2357211112976074,0.9771013259887696,0.0,0.0,0.0,0.0,0.0,0.0,0.0,0.0,0.0,0.0,0.0,3.2357211112976074,13.681969470998524,3,Car,1,Gas,home,1.0,-1.0,46,29
2877,7,3,escort,1,False,1,57,229,359,,,home,-9.0,9,SHARED2,0.3986374175795,37.54426810213816,65.86713702129501,101.47099487064366,False,False,28.00522137691947,1.0,1.0,1.0,0.57,0.37,1,4.178151703424144,1.2331620751401058,3.2122055255645825,8.131291961871941,5.14332,7.6765976,0.0,0.0,True,False,9.347605,10.0,10.0,True,True,9.347605,False,False,False,False,False,False,False,False,False,False,False,False,False,False,False,False,False,False,False,False,False,True,False,True,6.8378563,9.195765,6.0,7.4785695,11.639584,6.0,6.274,7.312,6.274,6.483529411764706,8.31529411764706,6.483529411764706,6.254,6.974,6.254,6.448235294117647,7.718823529411765,6.448235294117647,9.205533,14.656983,6.0,11.656824,21.277029,6.0,0.0,0.0,13.086193891634114,0.0,0.0,0.0,0.0,0.0,0,0.0,0.0,0.0,0.0,0.0,0.0,0.0,-1,AM,1,0.93455386,0.5,1.0,True,3.3476052284240723,0.934553861618042,0.0,0.0,0.0,0.0,0.0,0.0,0.0,0.0,0.0,0.0,0.0,3.3476052284240723,13.086193891634114,3,Car,1,Gas,home,1.0,-1.0,29,46
3249,8,4,eatout,1,True,1,2574,57,406,,,eatout,-9.0,30,WALK,1.8862688265262588,5.2752364537418925,9.254800796038408,14.257395820924032,False,False,32.6,1.0,1.0,1.0,0.57,0.37,1,1.5906634355206597,4.331942261710671,0.7068645619136585,5.618868732498036,1.6138201,2.4086866,0.0,0.0,True,False,6.375744,10.0,10.0,True,True,6.442082,False,False,False,True,True,True,False,False,False,False,False,False,False,False,False,False,False,False,False,False,False,False,False,False,6.0,6.0,6.0,6.0,6.0,6.0,6.346,7.026,6.346,6.610588235294117,7.810588235294118,6.610588235294117,6.274,7.312,6.274,6.483529411764706,8.31529411764706,6.483529411764706,6.0,6.0,6.0,6.0,6.0,6.0,0.0,0.0,0.0,0.0,0.0,0.0,0.0,0.0,0,2.880000114440918,0.1439999938011169,0.0,0.0,0.0,0.0,0.0,-1,PM,1,0.12525651,1.0,1.0,False,0.0,0.0,0.0,0.0,0.0,0.0,0.0,0.0,0.0,0.0,0.0,0.0,0.0,2.880000114440918,0.0,3,,-9,,home,1.0,-1.0,46,46
3253,8,4,eatout,1,False,1,57,2574,406,,,home,-9.0,34,WALK,2.000182334471093,5.2752364537418925,9.254800796038408,14.257395820924032,False,False,32.6,1.0,1.0,1.0,0.57,0.37,1,1.7852065613329078,0.6549970103195867,2.3254692494519404,2.791156526245433,1.4289601,2.1327763,0.0,0.0,True,False,6.375744,10.0,10.0,True,True,6.442082,False,False,False,False,False,False,False,False,False,False,False,False,False,False,False,False,False,False,False,False,False,True,True,True,6.0,6.0,6.0,6.0,6.0,6.0,6.274,7.312,6.274,6.483529411764706,8.31529411764706,6.483529411764706,6.346,7.026,6.346,6.610588235294117,7.810588235294118,6.610588235294117,6.0,6.0,6.0,6.0,6.0,6.0,0.0,0.0,0.0,0.0,0.0,0.0,0.0,0.0,0,2.880000114440918,0.1439999938011169,0.0,0.0,0.0,0.0,0.0,-1,EV,1,0.12525651,1.0,1.0,True,0.0,0.0,0.0,0.0,0.0,0.0,0.0,0.0,0.0,0.0,0.0,0.0,0.0,2.880000114440918,0.0,3,,-9,,home,1.0,-1.0,46,46
3433,8,4,othmaint,1,True,1,2723,57,429,,,othmaint,-9.0,25,WALK,1.761515865309332,5.978601314240811,10.488774235510196,16.15838193038057,False,False,32.6,1.0,1.0,1.0,0.57,0.37,1,18.27838810747617,9.018303030095598,4.944793407064565,2.100602950081641,5.03022,7.5077915,0.0,0.0,True,False,8.593269,10.0,10.0,True,True,8.593269,False,False,False,True,True,True,False,False,False,False,False,False,False,False,False,False,False,False,False,False,False,False,False,False,6.88278,8.398404,6.0,7.557847,10.232478,6.0,6.264,6.782,6.264,6.465882352941176,7.38,6.465882352941176,6.274,7.312,6.274,6.483529411764706,8.31529411764706,6.483529411764706,8.787066,12.70005,6.0,10.918352,17.823616,6.0,0.0,0.0,0.0,0.0,0.0,0.0,0.0,0.0,0,14.399999618530272,0.7199999690055847,0.0,0.0,0.0,0.0,0.0,-1,MD,1,0.6841131,1.0,1.0,False,0.0,0.0,0.0,0.0,0.0,0.0,0.0,0.0,0.0,0.0,0.0,0.0,0.0,14.399999618530272,0.0,3,,-9,,home,1.0,-1.0,46,33
3437,8,4,othmaint,1,False,1,57,2723,429,,,home,-9.0,26,WALK,1.27396335374767,5.978601314240811,10.488774235510196,16.15838193038057,False,False,32.6,1.0,1.0,1.0,0.57,0.37,1,10.0874072535603,1.2539274299737004,5.505251242964728,3.030518742086059,4.93116,7.3599405,0.0,0.0,True,False,8.330892,10.0,10.0,True,True,9.351116,False,False,False,False,False,False,False,False,False,False,False,False,False,False,False,False,False,False,False,False,False,True,True,True,6.54595,8.855624,6.0,6.9634414,11.039337,6.0,6.274,7.312,6.274,6.483529411764706,8.31529411764706,6.483529411764706,6.264,6.782,6.264,6.465882352941176,7.38,6.465882352941176,10.34945,11.967267,6.0,13.675501,16.530472,6.0,0.0,0.0,0.0,0.0,0.0,0.0,0.0,0.0,0,14.399999618530272,0.7199999690055847,0.0,0.0,0.0,0.0,0.0,-1,PM,1,0.94948286,1.0,1.0,True,0.0,0.0,0.0,0.0,0.0,0.0,0.0,0.0,0.0,0.0,0.0,0.0,0.0,14.399999618530272,0.0,3,,-9,,home,1.0,-1.0,33,46
3801,9,5,othdiscr,1,True,1,3145,57,475,,,othdiscr,-9.0,29,SHARED2,1.4353569245779014,20.37178772426965,35.73997846363097,55.05888574126933,False,False,31.78582193456217,1.0,1.0,1.0,0.57,0.37,1,5.188926306309552,3.9263739667897566,6.565460960388023,14.34493430716186,2.16528,3.2317615,0.0,0.0,True,False,7.0024147,10.0,10.0,True,True,7.0024147,False,False,False,True,True,True,False,False,False,False,False,False,False,False,False,False,False,False,False,False,False,False,False,False,6.334448,6.804006,6.0,6.5902023,7.4188337,6.0,6.556,7.168,6.556,6.981176470588236,8.061176470588235,6.981176470588236,6.274,7.312,6.274,6.483529411764706,8.31529411764706,6.483529411764706,8.787066,12.70005,6.0,10.918352,17.823616,6.0,0.0,45.71,4.402118146434235,0.0,0.0,0.0,0.0,0.0,0,0.0,0.0,0.0,0.0,0.0,0.0,0.0,-1,PM,1,0.27698627,0.5,1.0,False,1.0024149417877195,0.2769862711429596,0.0,0.0,0.0,0.0,0.0,0.0,0.0,0.0,0.0,0.0,0.0,1.0024149417877195,50.11211814643423,3,SUV,4,Gas,home,1.0,-1.0,46,52
3805,9,5,othdiscr,1,False,1,57,3145,475,,,home,-9.0,36,WALK,1.4192316349273626,20.37178772426965,35.73997846363097,55.05888574126933,False,False,31.78582193456217,1.0,1.0,1.0,0.57,0.37,1,10.876456637866696,13.196714780793622,5.624599014590589,7.617932277315553,2.10756,3.145612,0.0,0.0,True,False,7.0011554,10.0,10.0,True,True,7.0011554,False,False,False,False,False,False,False,False,False,False,False,False,False,False,False,False,False,False,False,False,False,True,False,True,6.341108,6.955426,6.0,6.6019554,7.686046,6.0,6.274,7.312,6.274,6.483529411764706,8.31529411764706,6.483529411764706,6.556,7.168,6.556,6.981176470588236,8.061176470588235,6.981176470588236,8.544583,13.961884,6.0,10.490442,20.050383,6.0,0.0,0.0,0.0,0.0,0.0,0.0,0.0,0.0,0,5.860000133514404,0.2929999828338623,0.0,0.0,0.0,0.0,0.0,-1,EV,1,0.27698627,1.0,1.0,True,0.0,0.0,0.0,0.0,0.0,0.0,0.0,0.0,0.0,0.0,0.0,0.0,0.0,5.860000133514404,0.0,3,SUV,4,Gas,home,1.0,-1.0,52,46
3881,9,5,escort,1,True,1,18563,57,485,,,escort,-9.0,23,DRIVEALONE,-0.0965786589689355,23.08802608750561,40.505308925448446,62.400070506771925,False,False,32.34134964415424,1.0,1.0,1.0,0.57,0.37,1,5.431395864000565,11.357644074142009,2.6125719575180577,4.161746136798151,44.56842,66.520035,0.0,0.0,True,False,21.2513,10.0,0.0,True,False,33.642574,False,False,False,True,True,True,False,False,False,False,False,False,False,False,False,False,False,False,False,False,False,False,False,False,6.339394,8.398404,6.0,6.5989304,10.232478,6.0,6.466,9.378,6.466,6.822352941176471,11.961176470588237,6.822352941176471,6.274,7.312,6.274,6.483529411764706,8.31529411764706,6.483529411764706,8.828283,12.70005,6.0,10.991088,17.823616,6.0,0.0,0.0,246.62381061921707,0.0,0.0,0.0,0.0,0.0,0,0.0,0.0,0.0,0.0,0.0,0.0,0.0,-1,MD,1,7.0126896,1.0,1.0,False,10.979812622070312,7.625649929046631,0.0,0.0,0.0,0.0,0.0,0.0,0.0,0.0,0.0,0.0,0.0,10.979812622070312,246.62381061921707,3,Car,14,Gas,home,1.0,-1.0,46,408
3885,9,5,escort,1,False,1,57,18563,485,_13,inbound,home,-9.0,25,SHARED2,-0.0703596581145816,23.08802608750561,40.505308925448446,62.400070506771925,False,False,32.34134964415424,1.0,1.0,1.0,0.57,0.37,1,7.9834261197351,7.429879169178593,4.288140990899988,6.706374443904527,44.7447,66.78314,0.0,0.0,True,False,20.310402,0.0,10.0,True,False,31.56706,False,False,False,False,False,False,False,False,False,False,False,False,False,False,False,False,False,False,False,False,False,True,False,True,10.609907,8.202681,6.0,14.13513,9.887082,6.0,6.274,7.312,6.274,6.483529411764706,8.31529411764706,6.483529411764706,6.466,9.378,6.466,6.822352941176471,11.961176470588237,6.822352941176471,8.325633,24.355669,6.0,10.104059,40.490448,6.0,0.0,0.0,115.70442027172832,0.0,0.0,0.0,0.0,0.0,0,0.0,0.0,0.0,0.0,0.0,0.0,0.0,-1,MD,1,7.1552005,0.5,1.0,True,11.00572395324707,7.155200481414795,0.0,0.0,0.0,0.0,0.0,0.0,0.0,0.0,0.0,0.0,0.0,11.00572395324707,115.70442027172832,3,Car,14,Gas,home,1.0,-1.0,408,46
3929,9,5,shopping,1,True,1,9901,57,491,,,shopping,-9.0,21,BIKE,-10.483063874616576,23.08802608750561,40.505308925448446,62.400070506771925,False,False,32.6,1.0,1.0,1.0,0.57,0.37,1,19.98187380517672,7.399485956350666,10.561602068667614,4.853855989903876,7.6689596,11.446209,0.0,0.0,True,False,10.270367,10.0,0.0,True,False,11.804754,False,False,False,True,True,True,False,False,False,False,False,False,False,False,False,False,False,False,False,False,False,False,False,False,8.2829,6.804006,6.0,10.028646,7.4188337,6.0,6.0,6.862,6.0,6.0,7.521176470588236,6.0,6.274,7.312,6.274,6.483529411764706,8.31529411764706,6.483529411764706,8.787066,12.70005,6.0,10.918352,17.823616,6.0,0.0,0.0,0.0,0.0,0.0,0.0,0.0,0.0,0,0.0,0.0,0.0,0.0,0.0,1.2781600952148438,0.0,-1,MD,1,1.3713752,1.0,1.0,False,0.0,0.0,0.0,0.0,0.0,0.0,0.0,0.0,0.0,0.0,0.0,9.832,0.0,9.83199977874756,0.0,3,,-9,,home,1.0,-1.0,46,75
3933,9,5,shopping,1,False,2,11193,9901,491,,,othdiscr,-7.849626592143487,21,BIKE,-10.628419757911974,23.08802608750561,40.505308925448446,62.400070506771925,False,False,32.6,1.0,1.0,1.0,0.57,0.37,1,6.570919933280231,14.374228249244403,7.264692244799298,11.36867159898916,11.080681,16.53833,0.0,0.0,True,False,10.913879,0.0,10.0,True,False,12.257755,False,False,False,False,False,False,False,False,False,False,False,False,False,False,False,False,False,False,False,False,False,True,True,True,8.480061,6.506694,6.0,10.376576,6.894166,6.0,6.444,6.328,6.328,6.783529411764706,6.578823529411765,6.578823529411765,6.0,6.862,6.0,6.0,7.521176470588236,6.0,8.030617,10.22245,6.0,9.583441,13.451383,6.0,0.0,0.0,0.0,0.0,0.0,0.0,0.0,0.0,0,0.0,0.0,0.0,0.0,0.0,1.846780061721801,0.0,-1,MD,1,1.7730309,1.0,1.0,True,0.0,0.0,0.0,0.0,0.0,0.0,0.0,0.0,0.0,0.0,0.0,14.206,0.0,14.206000328063965,0.0,3,,-9,,shopping,1.0,-1.0,75,35
3934,9,5,shopping,2,False,2,57,11193,491,,,home,-9.0,22,BIKE,-10.47742159429836,23.08802608750561,40.505308925448446,62.400070506771925,False,False,32.6,1.0,1.0,1.0,0.57,0.37,1,2.66070744817182,19.18685953398954,6.10742242777821,0.6303018441426924,3.82434,5.7079706,0.0,0.0,True,False,7.1272,10.0,10.0,True,True,7.135069,False,False,False,False,False,False,False,False,False,False,False,False,False,False,False,False,False,False,False,False,False,True,True,True,6.261758,8.961464,6.0,6.461926,11.226112,6.0,6.274,7.312,6.274,6.483529411764706,8.31529411764706,6.483529411764706,6.444,6.328,6.328,6.783529411764706,6.578823529411765,6.578823529411765,8.033283,7.8661,6.0,9.588147,9.293118,6.0,0.0,0.0,0.0,0.0,0.0,0.0,0.0,0.0,0,0.0,0.0,0.0,0.0,0.0,0.6373900175094604,0.0,-1,MD,1,0.35931066,1.0,1.0,True,0.0,0.0,0.0,0.0,0.0,0.0,0.0,0.0,0.0,0.0,0.0,4.903,0.0,4.902999877929688,0.0,3,,-9,,othdiscr,1.0,-1.0,35,46
4201,10,5,othdiscr,1,True,1,16270,57,525,,,othdiscr,-9.0,21,SHARED3,1.0409886323095716,5.405215824964481,9.482834780639442,14.608691418822922,False,False,31.78582193456217,1.0,1.0,1.0,0.57,0.37,1,10.748072176485612,3.3567358918633747,3.690721027578287,4.042288274636385,37.752785,56.34744,0.0,0.0,True,False,18.849606,10.0,0.0,True,False,25.086418,False,False,False,True,True,True,False,False,False,False,False,False,False,False,False,False,False,False,False,False,False,False,False,False,8.2829,8.398404,6.0,10.028646,10.232478,6.0,6.494,8.186,6.494,6.871764705882353,9.85764705882353,6.871764705882353,6.274,7.312,6.274,6.483529411764706,8.31529411764706,6.483529411764706,8.828283,12.70005,6.0,10.991088,17.823616,6.0,0.0,0.0,51.619208783310725,0.0,0.0,0.0,0.0,0.0,0,0.0,0.0,0.0,0.0,0.0,0.0,0.0,-1,MD,1,5.407819,0.3003003003003003,1.0,False,12.84960651397705,5.407818794250488,0.0,0.0,0.0,0.0,0.0,0.0,0.0,0.0,0.0,0.0,0.0,12.84960651397705,51.619208783310725,2,SUV,4,Gas,home,1.0,-1.0,46,262
4205,10,5,othdiscr,1,False,1,57,16270,525,,,home,-9.0,25,SHARED3,1.038452217272931,5.405215824964481,9.482834780639442,14.608691418822922,False,False,31.78582193456217,1.0,1.0,1.0,0.57,0.37,1,14.099149416481753,3.615272905866804,10.500970540174396,12.56727589096779,34.03998,50.805943,0.0,0.0,True,False,19.036327,0.0,10.0,True,False,25.086418,False,False,False,False,False,False,False,False,False,False,False,False,False,False,False,False,False,False,False,False,False,True,False,True,8.477905,8.23732,6.0,10.372775,9.948212,6.0,6.274,7.312,6.274,6.483529411764706,8.31529411764706,6.483529411764706,6.494,8.186,6.494,6.871764705882353,9.85764705882353,6.871764705882353,11.4347,19.435349,6.0,15.590646,29.709438,6.0,0.0,0.0,51.619208783310725,0.0,0.0,0.0,0.0,0.0,0,0.0,0.0,0.0,0.0,0.0,0.0,0.0,-1,MD,1,5.4658666,0.3003003003003003,1.0,True,13.036328315734863,5.407818794250488,0.0,0.0,0.0,0.0,0.0,0.0,0.0,0.0,0.0,0.0,0.0,13.036328315734863,51.619208783310725,2,SUV,4,Gas,home,1.0,-1.0,262,46
4209,10,5,othdiscr,1,True,1,23866,57,526,,,othdiscr,-9.0,19,WALK,0.4076119442043748,5.405215824964481,9.482834780639442,14.608691418822922,False,False,32.6,1.0,1.0,1.0,0.57,0.37,1,7.655432453538848,7.105858596892389,8.214496494766186,6.898224135659343,15.752879,23.51176,0.0,0.0,True,False,12.997509,10.0,10.0,True,True,13.79776,False,False,False,True,True,True,False,False,False,False,True,False,False,False,False,False,False,False,False,False,False,False,False,False,6.88278,6.0,6.0,7.557847,6.0,6.0,6.68,9.444,6.68,7.2,12.07764705882353,7.2,6.274,7.312,6.274,6.483529411764706,8.31529411764706,6.483529411764706,8.787066,12.70005,6.0,10.918352,17.823616,6.0,0.0,0.0,0.0,0.0,0.0,0.0,0.0,0.0,0,46.63999938964844,2.3320000171661377,0.0,0.0,0.0,0.0,0.0,-1,MD,1,2.2093654,1.0,1.0,False,0.0,0.0,0.0,0.0,0.0,0.0,0.0,0.0,0.0,0.0,0.0,0.0,0.0,46.63999938964844,0.0,3,,-9,,home,1.0,-1.0,46,16
4213,10,5,othdiscr,1,False,1,57,23866,526,,,home,-9.0,21,WALK,-0.2742912473481938,5.405215824964481,9.482834780639442,14.608691418822922,False,False,32.6,1.0,1.0,1.0,0.57,0.37,1,7.003490792108188,9.420434745593536,10.185394385305605,10.323384822095647,16.32774,24.369762,0.0,0.0,True,False,12.518719,10.0,10.0,True,True,13.79776,False,False,False,False,False,False,False,False,False,False,False,False,False,False,False,False,True,False,False,False,False,True,True,True,8.74358,11.2975235,6.0,10.841612,15.348572,6.0,6.274,7.312,6.274,6.483529411764706,8.31529411764706,6.483529411764706,6.68,9.444,6.68,7.2,12.07764705882353,7.2,10.971534,6.0,6.0,14.773294,6.0,6.0,0.0,0.0,0.0,0.0,0.0,0.0,0.0,0.0,0,46.63999938964844,2.3320000171661377,0.0,0.0,0.0,0.0,0.0,-1,MD,1,2.2093654,1.0,1.0,True,0.0,0.0,0.0,0.0,0.0,0.0,0.0,0.0,0.0,0.0,0.0,0.0,0.0,46.63999938964844,0.0,3,,-9,,home,1.0,-1.0,16,46
4217,10,5,othdiscr,1,True,1,7004,57,527,,,othdiscr,-9.0,33,WALK,1.5455418703255115,5.405215824964481,9.482834780639442,14.608691418822922,False,False,32.6,1.0,1.0,1.0,0.57,0.37,1,11.43798701899386,3.908266630268233,3.301136185924536,10.781804576471435,5.3547,7.9920897,0.0,0.0,True,False,7.4642057,10.0,10.0,True,True,7.552168,False,False,False,True,True,True,False,False,False,False,False,False,False,False,False,False,False,False,False,False,False,False,False,False,6.334448,8.398404,6.0,6.5902023,10.232478,6.0,6.282,7.284,6.282,6.49764705882353,8.265882352941176,6.49764705882353,6.274,7.312,6.274,6.483529411764706,8.31529411764706,6.483529411764706,8.787066,12.70005,6.0,10.918352,17.823616,6.0,0.0,0.0,0.0,0.0,0.0,0.0,0.0,0.0,0,14.779999732971191,0.7389999628067017,0.0,0.0,0.0,0.0,0.0,-1,EV,1,0.43978083,1.0,1.0,False,0.0,0.0,0.0,0.0,0.0,0.0,0.0,0.0,0.0,0.0,0.0,0.0,0.0,14.779999732971191,0.0,3,,-9,,home,1.0,-1.0,46,48
4221,10,5,othdiscr,1,False,1,57,7004,527,,,home,-9.0,34,WALK,1.8369527786844573,5.405215824964481,9.482834780639442,14.608691418822922,False,False,32.6,1.0,1.0,1.0,0.57,0.37,1,13.393794545576164,2.866147039562322,6.020268600504198,0.9426120605691104,5.2884,7.893135,0.0,0.0,True,False,7.4643106,10.0,10.0,True,True,7.552168,False,False,False,False,False,False,False,False,False,False,False,False,False,False,False,False,False,False,False,False,False,False,False,True,7.13105,8.09963,6.0,7.9959707,9.705229,6.0,6.274,7.312,6.274,6.483529411764706,8.31529411764706,6.483529411764706,6.282,7.284,6.282,6.49764705882353,8.265882352941176,6.49764705882353,15.425417,16.034483,6.0,22.633087,23.707912,6.0,0.0,0.0,0.0,0.0,0.0,0.0,0.0,0.0,0,14.779999732971191,0.7389999628067017,0.0,0.0,0.0,0.0,0.0,-1,EV,1,0.43978083,1.0,1.0,True,0.0,0.0,0.0,0.0,0.0,0.0,0.0,0.0,0.0,0.0,0.0,0.0,0.0,14.779999732971191,0.0,3,,-9,,home,1.0,-1.0,48,46
4281,10,5,escort,1,True,1,4962,57,535,_11,outbound,escort,-9.0,8,WALK,0.9904206806720528,6.12591126829308,10.747212751391368,16.55651694133265,False,False,32.6,1.0,1.0,1.0,0.57,0.37,1,7.455860191268436,8.93116162756054,2.341869128374896,10.35535273154354,0.78546,1.1723284,0.0,0.0,True,False,7.002768,10.0,10.0,True,True,7.002768,False,False,False,True,True,True,False,False,False,False,False,False,False,False,False,False,False,False,False,False,False,False,False,False,6.334448,6.804006,6.0,6.5902023,7.4188337,6.0,6.302,7.34,6.302,6.5329411764705885,8.364705882352942,6.5329411764705885,6.274,7.312,6.274,6.483529411764706,8.31529411764706,6.483529411764706,8.787066,12.70005,6.0,10.918352,17.823616,6.0,0.0,0.0,0.0,0.0,0.0,0.0,0.0,0.0,0,1.1200000047683716,0.0559999980032444,0.0,0.0,0.0,0.0,0.0,-1,AM,1,0.27698627,1.0,1.0,False,0.0,0.0,0.0,0.0,0.0,0.0,0.0,0.0,0.0,0.0,0.0,0.0,0.0,1.1200000047683716,0.0,3,,-9,,home,1.0,-1.0,46,52
4285,10,5,escort,1,False,1,57,4962,535,,,home,-9.0,9,WALK,1.0192227813550567,6.12591126829308,10.747212751391368,16.55651694133265,False,False,32.6,1.0,1.0,1.0,0.57,0.37,1,7.125728706175834,14.81493777525963,4.174115683421313,4.045559302671475,0.78546,1.1723284,0.0,0.0,True,False,7.011123,10.0,10.0,True,True,7.011123,False,False,False,False,False,False,False,False,False,False,False,False,False,False,False,False,False,False,False,False,False,True,False,True,6.341108,6.955426,6.0,6.6019554,7.686046,6.0,6.274,7.312,6.274,6.483529411764706,8.31529411764706,6.483529411764706,6.302,7.34,6.302,6.5329411764705885,8.364705882352942,6.5329411764705885,8.544583,13.961884,6.0,10.490442,20.050383,6.0,0.0,0.0,0.0,0.0,0.0,0.0,0.0,0.0,0,1.1200000047683716,0.0559999980032444,0.0,0.0,0.0,0.0,0.0,-1,AM,1,0.27698627,1.0,1.0,True,0.0,0.0,0.0,0.0,0.0,0.0,0.0,0.0,0.0,0.0,0.0,0.0,0.0,1.1200000047683716,0.0,3,,-9,,home,1.0,-1.0,52,46
4289,10,5,escort,1,True,2,3538,57,536,_12_13,outbound,escort,-9.0,11,SHARED2,1.2933366722020554,6.12591126829308,10.747212751391368,16.55651694133265,False,False,31.78582193456217,1.0,1.0,1.0,0.57,0.37,1,10.015465862446831,4.836255258875809,6.4885172047158886,5.896964268209149,1.86654,2.7858806,0.0,0.0,True,False,6.751488,10.0,10.0,True,True,6.884164,False,False,False,True,True,True,False,False,False,False,False,False,False,False,False,False,False,False,False,False,False,False,False,False,6.334448,8.398404,6.0,6.5902023,10.232478,6.0,6.276,6.956,6.276,6.487058823529412,7.687058823529412,6.487058823529412,6.274,7.312,6.274,6.483529411764706,8.31529411764706,6.483529411764706,8.787066,12.70005,6.0,10.918352,17.823616,6.0,0.0,0.0,3.9813810781482646,0.0,0.0,0.0,0.0,0.0,0,0.0,0.0,0.0,0.0,0.0,0.0,0.0,-1,AM,1,0.25051302,0.5,1.0,False,0.751488208770752,0.2505130171775818,0.0,0.0,0.0,0.0,0.0,0.0,0.0,0.0,0.0,0.0,0.0,0.751488208770752,3.9813810781482646,2,SUV,4,Gas,home,1.0,-1.0,46,43
4290,10,5,escort,2,True,2,18563,3538,536,_13,outbound,escort,-9.0,11,SHARED2,0.6717149368252177,6.12591126829308,10.747212751391368,16.55651694133265,False,False,31.78582193456217,1.0,1.0,1.0,0.57,0.37,1,9.226544285121983,7.611311230917357,3.1078033159410725,3.5171992352057004,45.12222,67.346596,0.0,0.0,True,False,21.177483,10.0,0.0,True,False,31.719751,False,False,False,True,True,True,False,False,False,False,False,False,False,False,False,False,False,False,False,False,False,False,False,False,6.33615,8.541504,6.0,6.593206,10.485007,6.0,6.466,9.378,6.466,6.822352941176471,11.961176470588237,6.822352941176471,6.276,6.956,6.276,6.487058823529412,7.687058823529412,6.487058823529412,8.940967,11.0875,6.0,11.189941,14.97794,6.0,0.0,0.0,114.26700701028068,0.0,0.0,0.0,0.0,0.0,0,0.0,0.0,0.0,0.0,0.0,0.0,0.0,-1,AM,1,7.4139132,0.5,1.0,False,15.177482604980469,7.189809799194336,0.0,0.0,0.0,0.0,0.0,0.0,0.0,0.0,0.0,0.0,0.0,15.177482604980469,114.26700701028068,2,SUV,4,Gas,escort,1.0,-1.0,43,408
4293,10,5,escort,1,False,1,57,18563,536,,,home,-9.0,13,SHARED3,0.7413542769019231,6.12591126829308,10.747212751391368,16.55651694133265,False,False,31.78582193456217,1.0,1.0,1.0,0.57,0.37,1,3.602880103348077,2.0973952878021387,6.384086088352805,16.31120965002683,44.7447,66.78314,0.0,0.0,True,False,20.194305,0.0,10.0,True,False,31.31097,False,False,False,False,False,False,False,False,False,False,False,False,False,False,False,False,False,False,False,False,False,True,False,True,10.609907,8.202681,6.0,14.13513,9.887082,6.0,6.274,7.312,6.274,6.483529411764706,8.31529411764706,6.483529411764706,6.466,9.378,6.466,6.822352941176471,11.961176470588237,6.822352941176471,8.325633,24.355669,6.0,10.104059,40.490448,6.0,0.0,0.0,67.74439862999242,0.0,0.0,0.0,0.0,0.0,0,0.0,0.0,0.0,0.0,0.0,0.0,0.0,-1,MD,1,7.1552005,0.3003003003003003,1.0,True,11.06463623046875,7.097153186798096,0.0,0.0,0.0,0.0,0.0,0.0,0.0,0.0,0.0,0.0,0.0,11.06463623046875,67.74439862999242,2,SUV,4,Gas,home,1.0,-1.0,408,46
4297,10,5,escort,1,True,1,3538,57,537,,,escort,-9.0,17,SHARED3,1.2933366722020554,6.12591126829308,10.747212751391368,16.55651694133265,False,False,31.78582193456217,1.0,1.0,1.0,0.57,0.37,1,16.900078592644405,5.210064354983055,7.585554985759848,7.287030637314277,1.86654,2.7858806,0.0,0.0,True,False,6.751488,10.0,10.0,True,True,6.884164,False,False,False,True,True,True,False,False,False,False,False,False,False,False,False,False,False,False,False,False,False,False,False,False,6.334448,8.398404,6.0,6.5902023,10.232478,6.0,6.276,6.956,6.276,6.487058823529412,7.687058823529412,6.487058823529412,6.274,7.312,6.274,6.483529411764706,8.31529411764706,6.483529411764706,8.787066,12.70005,6.0,10.918352,17.823616,6.0,0.0,0.0,2.3912198667557143,0.0,0.0,0.0,0.0,0.0,0,0.0,0.0,0.0,0.0,0.0,0.0,0.0,-1,MD,1,0.25051302,0.3003003003003003,1.0,False,0.751488208770752,0.2505130171775818,0.0,0.0,0.0,0.0,0.0,0.0,0.0,0.0,0.0,0.0,0.0,0.751488208770752,2.3912198667557143,2,SUV,4,Gas,home,1.0,-1.0,46,43
4301,10,5,escort,1,False,1,57,3538,537,_12,inbound,home,-9.0,17,SHARED3,1.2810813346946812,6.12591126829308,10.747212751391368,16.55651694133265,False,False,31.78582193456217,1.0,1.0,1.0,0.57,0.37,1,18.974853252675388,4.21624880376986,2.429913542655796,8.748900993572743,1.6411202,2.449433,0.0,0.0,True,False,6.751051,10.0,10.0,True,True,6.884164,False,False,False,False,False,False,False,False,False,False,False,False,False,False,False,False,False,False,False,False,False,True,True,True,6.33615,8.541504,6.0,6.593206,10.485007,6.0,6.274,7.312,6.274,6.483529411764706,8.31529411764706,6.483529411764706,6.276,6.956,6.276,6.487058823529412,7.687058823529412,6.487058823529412,8.8012495,11.0875,6.0,10.943382,14.97794,6.0,0.0,0.0,2.3912198667557143,0.0,0.0,0.0,0.0,0.0,0,0.0,0.0,0.0,0.0,0.0,0.0,0.0,-1,MD,1,0.25051302,0.3003003003003003,1.0,True,0.7510508298873901,0.2505130171775818,0.0,0.0,0.0,0.0,0.0,0.0,0.0,0.0,0.0,0.0,0.0,0.7510508298873901,2.3912198667557143,2,SUV,4,Gas,home,1.0,-1.0,43,46
4305,10,5,escort,1,True,1,4962,57,538,,,escort,-9.0,30,SHARED2,1.1892368875077903,6.12591126829308,10.747212751391368,16.55651694133265,False,False,31.78582193456217,1.0,1.0,1.0,0.57,0.37,1,5.5453439193237966,11.197031964664529,3.983305010263335,5.107808595238019,0.78546,1.1723284,0.0,0.0,True,False,7.0024147,10.0,10.0,True,True,7.0024147,False,False,False,True,True,True,False,False,False,False,False,False,False,False,False,False,False,False,False,False,False,False,False,False,6.334448,6.804006,6.0,6.5902023,7.4188337,6.0,6.302,7.34,6.302,6.5329411764705885,8.364705882352942,6.5329411764705885,6.274,7.312,6.274,6.483529411764706,8.31529411764706,6.483529411764706,8.787066,12.70005,6.0,10.918352,17.823616,6.0,0.0,26.48,4.402118146434235,0.0,0.0,0.0,0.0,0.0,0,0.0,0.0,0.0,0.0,0.0,0.0,0.0,-1,PM,1,0.27698627,0.5,1.0,False,1.0024149417877195,0.2769862711429596,0.0,0.0,0.0,0.0,0.0,0.0,0.0,0.0,0.0,0.0,0.0,1.0024149417877195,30.88211814643424,2,SUV,4,Gas,home,1.0,-1.0,46,52
4309,10,5,escort,1,False,1,57,4962,538,_11,inbound,home,-9.0,32,WALK,1.190637282510001,6.12591126829308,10.747212751391368,16.55651694133265,False,False,31.78582193456217,1.0,1.0,1.0,0.57,0.37,1,9.115745447923276,6.504292359274315,9.119675396377838,4.495171135087996,0.78546,1.1723284,0.0,0.0,True,False,7.008354,10.0,10.0,True,True,7.008354,False,False,False,False,False,False,False,False,False,False,False,False,False,False,False,False,False,False,False,False,False,True,False,True,6.341108,6.955426,6.0,6.6019554,7.686046,6.0,6.274,7.312,6.274,6.483529411764706,8.31529411764706,6.483529411764706,6.302,7.34,6.302,6.5329411764705885,8.364705882352942,6.5329411764705885,8.544583,13.961884,6.0,10.490442,20.050383,6.0,0.0,0.0,0.0,0.0,0.0,0.0,0.0,0.0,0,1.1200000047683716,0.0559999980032444,0.0,0.0,0.0,0.0,0.0,-1,PM,1,0.27698627,1.0,1.0,True,0.0,0.0,0.0,0.0,0.0,0.0,0.0,0.0,0.0,0.0,0.0,0.0,0.0,1.1200000047683716,0.0,3,SUV,4,Gas,home,1.0,-1.0,52,46
4665,11,5,school,1,True,1,4962,57,583,_11,outbound,school,-9.0,8,WALK,-2.47046932264563,4.653973237886575,8.16486532962557,12.578306048342094,False,False,31.78582193456217,1.0,1.0,1.0,0.57,0.37,1,6.154073795995247,9.32442893478186,7.6094707779037885,7.194342550273241,0.78546,1.1723284,0.0,0.0,True,False,7.002768,10.0,10.0,True,True,7.002768,False,False,False,True,True,True,False,False,False,False,False,False,False,False,False,False,False,False,False,False,False,False,False,False,6.334448,6.804006,6.0,6.5902023,7.4188337,6.0,6.302,7.34,6.302,6.5329411764705885,8.364705882352942,6.5329411764705885,6.274,7.312,6.274,6.483529411764706,8.31529411764706,6.483529411764706,8.787066,12.70005,6.0,10.918352,17.823616,6.0,0.0,0.0,0.0,0.0,0.0,0.0,0.0,0.0,0,1.1200000047683716,0.0559999980032444,0.0,0.0,0.0,0.0,0.0,-1,AM,1,0.27698627,1.0,1.0,False,0.0,0.0,0.0,0.0,0.0,0.0,0.0,0.0,0.0,0.0,0.0,0.0,0.0,1.1200000047683716,0.0,3,SUV,4,Gas,home,1.0,-1.0,46,52
4669,11,5,school,1,False,1,57,4962,583,_11,inbound,home,-9.0,32,WALK,-2.4705105078359937,4.653973237886575,8.16486532962557,12.578306048342094,False,False,31.78582193456217,1.0,1.0,1.0,0.57,0.37,1,5.481708517662969,3.5140750627889297,3.584564198974064,3.852155614238747,0.78546,1.1723284,0.0,0.0,True,False,7.008354,10.0,10.0,True,True,7.008354,False,False,False,False,False,False,False,False,False,False,False,False,False,False,False,False,False,False,False,False,False,True,False,True,6.341108,6.955426,6.0,6.6019554,7.686046,6.0,6.274,7.312,6.274,6.483529411764706,8.31529411764706,6.483529411764706,6.302,7.34,6.302,6.5329411764705885,8.364705882352942,6.5329411764705885,8.544583,13.961884,6.0,10.490442,20.050383,6.0,0.0,0.0,0.0,0.0,0.0,0.0,0.0,0.0,0,1.1200000047683716,0.0559999980032444,0.0,0.0,0.0,0.0,0.0,-1,PM,1,0.27698627,1.0,1.0,True,0.0,0.0,0.0,0.0,0.0,0.0,0.0,0.0,0.0,0.0,0.0,0.0,0.0,1.1200000047683716,0.0,3,SUV,4,Gas,home,1.0,-1.0,52,46
5065,12,5,school,1,True,1,3538,57,633,_12_13,outbound,school,-9.0,11,SHARED3,-2.6964881686512987,11.108749093863995,19.48903349800701,30.023646199632424,False,False,32.34134964415424,1.0,1.0,1.0,0.57,0.37,1,4.707681268432249,6.532879560134016,4.815436817367826,9.401553153311282,1.86654,2.7858806,0.0,0.0,True,False,6.751488,10.0,10.0,True,True,6.884164,False,False,False,True,True,True,False,False,False,False,False,False,False,False,False,False,False,False,False,False,False,False,False,False,6.334448,8.398404,6.0,6.5902023,10.232478,6.0,6.276,6.956,6.276,6.487058823529412,7.687058823529412,6.487058823529412,6.274,7.312,6.274,6.483529411764706,8.31529411764706,6.483529411764706,8.787066,12.70005,6.0,10.918352,17.823616,6.0,0.0,54.41441441441441,2.4330117354210783,0.0,0.0,0.0,0.0,0.0,0,0.0,0.0,0.0,0.0,0.0,0.0,0.0,-1,AM,1,0.25051302,0.3003003003003003,1.0,False,0.751488208770752,0.2505130171775818,0.0,0.0,0.0,0.0,0.0,0.0,0.0,0.0,0.0,0.0,0.0,0.751488208770752,56.847426149835485,3,Car,14,Gas,home,1.0,-1.0,46,43
5069,12,5,school,1,False,1,57,3538,633,_12,inbound,home,-9.0,17,SHARED3,-2.6964777548044534,11.108749093863995,19.48903349800701,30.023646199632424,False,False,32.34134964415424,1.0,1.0,1.0,0.57,0.37,1,9.976155710530652,3.7901273462185,11.444385063123413,3.891263626094864,1.6411202,2.449433,0.0,0.0,True,False,6.751051,10.0,10.0,True,True,6.884164,False,False,False,False,False,False,False,False,False,False,False,False,False,False,False,False,False,False,False,False,False,True,True,True,6.33615,8.541504,6.0,6.593206,10.485007,6.0,6.274,7.312,6.274,6.483529411764706,8.31529411764706,6.483529411764706,6.276,6.956,6.276,6.487058823529412,7.687058823529412,6.487058823529412,8.8012495,11.0875,6.0,10.943382,14.97794,6.0,0.0,54.41441441441441,2.4330117354210783,0.0,0.0,0.0,0.0,0.0,0,0.0,0.0,0.0,0.0,0.0,0.0,0.0,-1,MD,1,0.25051302,0.3003003003003003,1.0,True,0.7510508298873901,0.2505130171775818,0.0,0.0,0.0,0.0,0.0,0.0,0.0,0.0,0.0,0.0,0.0,0.7510508298873901,56.847426149835485,3,Car,14,Gas,home,1.0,-1.0,43,46
5465,13,5,school,1,True,2,3538,57,683,_12_13,outbound,escort,-9.0,11,SHARED2,-5.457680721291729,3.503540070168094,6.146561526610692,9.469027216670524,False,False,31.78582193456217,1.0,1.0,1.0,0.57,0.37,1,9.834240724237873,3.820182134270596,12.443695613104088,6.553494050299197,1.86654,2.7858806,0.0,0.0,True,False,6.751488,10.0,10.0,True,True,6.884164,False,False,False,True,True,True,False,False,False,False,False,False,False,False,False,False,False,False,False,False,False,False,False,False,6.334448,8.398404,6.0,6.5902023,10.232478,6.0,6.276,6.956,6.276,6.487058823529412,7.687058823529412,6.487058823529412,6.274,7.312,6.274,6.483529411764706,8.31529411764706,6.483529411764706,8.787066,12.70005,6.0,10.918352,17.823616,6.0,0.0,0.0,3.9813810781482646,0.0,0.0,0.0,0.0,0.0,0,0.0,0.0,0.0,0.0,0.0,0.0,0.0,-1,AM,1,0.25051302,0.5,1.0,False,0.751488208770752,0.2505130171775818,0.0,0.0,0.0,0.0,0.0,0.0,0.0,0.0,0.0,0.0,0.0,0.751488208770752,3.9813810781482646,1,SUV,4,Gas,home,1.0,-1.0,46,43
5466,13,5,school,2,True,2,18563,3538,683,_13,outbound,school,-9.0,11,SHARED2,-5.928280131423913,3.503540070168094,6.146561526610692,9.469027216670524,False,False,31.78582193456217,1.0,1.0,1.0,0.57,0.37,1,3.970997385593059,2.7857822296990697,3.76093682316846,8.864584104565573,45.12222,67.346596,0.0,0.0,True,False,21.177483,10.0,0.0,True,False,31.719751,False,False,False,True,True,True,False,False,False,False,False,False,False,False,False,False,False,False,False,False,False,False,False,False,6.33615,8.541504,6.0,6.593206,10.485007,6.0,6.466,9.378,6.466,6.822352941176471,11.961176470588237,6.822352941176471,6.276,6.956,6.276,6.487058823529412,7.687058823529412,6.487058823529412,8.940967,11.0875,6.0,11.189941,14.97794,6.0,0.0,0.0,114.26700701028068,0.0,0.0,0.0,0.0,0.0,0,0.0,0.0,0.0,0.0,0.0,0.0,0.0,-1,AM,1,7.4139132,0.5,1.0,False,15.177482604980469,7.189809799194336,0.0,0.0,0.0,0.0,0.0,0.0,0.0,0.0,0.0,0.0,0.0,15.177482604980469,114.26700701028068,1,SUV,4,Gas,escort,1.0,-1.0,43,408
5469,13,5,school,1,False,1,57,18563,683,_13,inbound,home,-9.0,25,SHARED2,-5.886565668290258,3.503540070168094,6.146561526610692,9.469027216670524,False,False,31.78582193456217,1.0,1.0,1.0,0.57,0.37,1,6.537038078737623,14.781443748515168,21.2558818406737,4.7977213753334444,44.7447,66.78314,0.0,0.0,True,False,20.194305,0.0,10.0,True,False,31.31097,False,False,False,False,False,False,False,False,False,False,False,False,False,False,False,False,False,False,False,False,False,True,False,True,10.609907,8.202681,6.0,14.13513,9.887082,6.0,6.274,7.312,6.274,6.483529411764706,8.31529411764706,6.483529411764706,6.466,9.378,6.466,6.822352941176471,11.961176470588237,6.822352941176471,8.325633,24.355669,6.0,10.104059,40.490448,6.0,0.0,0.0,112.79442371893737,0.0,0.0,0.0,0.0,0.0,0,0.0,0.0,0.0,0.0,0.0,0.0,0.0,-1,MD,1,7.1552005,0.5,1.0,True,11.06463623046875,7.097153186798096,0.0,0.0,0.0,0.0,0.0,0.0,0.0,0.0,0.0,0.0,0.0,11.06463623046875,112.79442371893737,1,SUV,4,Gas,home,1.0,-1.0,408,46
5473,13,5,school,1,True,1,18563,57,684,,,school,-9.0,9,BIKE,-17.282505675365577,3.503540070168094,6.146561526610692,9.469027216670524,False,False,32.6,1.0,1.0,1.0,0.57,0.37,1,24.39240605825177,7.141659030978008,9.40765350522467,7.565491453730894,44.56842,66.520035,0.0,0.0,True,False,20.816002,10.0,0.0,True,False,30.938335,False,False,False,True,True,True,False,False,False,False,False,False,False,False,False,False,False,False,False,False,False,False,False,False,6.339394,8.398404,6.0,6.5989304,10.232478,6.0,6.466,9.378,6.466,6.822352941176471,11.961176470588237,6.822352941176471,6.274,7.312,6.274,6.483529411764706,8.31529411764706,6.483529411764706,8.828283,12.70005,6.0,10.991088,17.823616,6.0,0.0,0.0,0.0,0.0,0.0,0.0,0.0,0.0,0,0.0,0.0,0.0,0.0,0.0,7.428070068359375,0.0,-1,AM,1,7.0126896,1.0,1.0,False,0.0,0.0,0.0,0.0,0.0,0.0,0.0,0.0,0.0,0.0,0.0,57.139,0.0,57.13899993896485,0.0,3,,-9,,home,1.0,-1.0,46,408
5477,13,5,school,1,False,2,5510,18563,684,,,othdiscr,-32.09482497745887,9,BIKE,-17.248584926755914,3.503540070168094,6.146561526610692,9.469027216670524,False,False,32.6,1.0,1.0,1.0,0.57,0.37,1,5.777423868723483,10.01426845183176,1.2653440515946217,7.902056578801616,42.33918,63.192806,0.0,0.0,True,False,20.769283,0.0,10.0,True,False,32.579304,False,False,False,False,False,False,False,False,False,False,False,False,False,False,False,False,False,False,False,False,False,True,False,True,10.609907,8.202681,6.0,14.13513,9.887082,6.0,6.196,7.939999999999999,6.196,6.345882352941176,9.423529411764706,6.345882352941176,6.466,9.378,6.466,6.822352941176471,11.961176470588237,6.822352941176471,8.325633,24.355669,6.0,10.104059,40.490448,6.0,0.0,0.0,0.0,0.0,0.0,0.0,0.0,0.0,0,0.0,0.0,0.0,0.0,0.0,7.056529998779297,0.0,-1,AM,1,7.384642,1.0,1.0,True,0.0,0.0,0.0,0.0,0.0,0.0,0.0,0.0,0.0,0.0,0.0,54.281,0.0,54.28099822998047,0.0,3,,-9,,school,1.0,-1.0,408,65
5478,13,5,school,2,False,2,57,5510,684,,,home,-9.0,9,BIKE,-16.599324852408376,3.503540070168094,6.146561526610692,9.469027216670524,False,False,32.6,1.0,1.0,1.0,0.57,0.37,1,0.9995016776529024,0.3452080635886239,6.970638895379684,3.118778140751235,7.12764,10.638268,0.0,0.0,True,False,10.404678,10.0,10.0,True,True,10.404678,False,False,False,False,False,False,False,False,False,False,False,False,False,False,False,False,False,False,False,False,False,True,False,True,7.8830576,7.361884,6.0,9.323044,8.403325,6.0,6.274,7.312,6.274,6.483529411764706,8.31529411764706,6.483529411764706,6.196,7.939999999999999,6.196,6.345882352941176,9.423529411764706,6.345882352941176,11.4744835,22.230434,6.0,15.660852,35.80243,6.0,0.0,0.0,0.0,0.0,0.0,0.0,0.0,0.0,0,0.0,0.0,0.0,0.0,0.0,1.1879398822784424,0.0,-1,AM,1,1.2776966,1.0,1.0,True,0.0,0.0,0.0,0.0,0.0,0.0,0.0,0.0,0.0,0.0,0.0,9.138,0.0,9.137999534606934,0.0,3,,-9,,othdiscr,1.0,-1.0,65,46
6385,15,5,work,1,True,1,17406,57,798,,,work,-9.0,11,DRIVEALONE,-1.3537254933088874,9.57340369930047,16.795445086492055,25.87406405216344,False,False,32.34134964415424,1.0,1.0,1.0,0.57,0.37,1,11.356784232571474,8.616798404720457,3.017175298338215,10.196966067462188,116.780045,174.29857,0.0,0.0,True,False,51.881695,10.0,0.0,True,False,76.72708,False,False,False,True,True,True,False,False,False,False,False,False,False,False,False,False,False,False,False,False,False,False,False,False,6.0,6.0,6.0,6.0,6.0,6.0,2499997.5000000005,2499997.5000000005,2499997.5000000005,4411760.294117647,4411760.294117647,4411760.294117647,6.274,7.312,6.274,6.483529411764706,8.31529411764706,6.483529411764706,8.828283,6.0,12.70005,10.991088,6.0,17.823616,0.0,0.0,538.5058513390592,0.0,0.0,0.0,0.0,0.0,0,0.0,0.0,0.0,0.0,0.0,0.0,0.0,-1,AM,1,17.391472,1.0,1.0,False,42.61928939819336,16.650691986083984,0.0,0.0,0.0,0.0,0.0,0.0,0.0,0.0,0.0,0.0,0.0,42.61928939819336,538.5058513390592,2,Car,14,Gas,home,1.0,-1.0,46,2224
6389,15,5,work,1,False,2,17935,17406,798,,,eatout,10.79438705635861,28,DRIVEALONE,-0.5335393317145074,9.57340369930047,16.795445086492055,25.87406405216344,False,False,32.34134964415424,1.0,1.0,1.0,0.57,0.37,1,23.53950531166413,9.969733526012789,7.826523618635293,21.89002292509236,49.52688,73.920715,0.0,0.0,True,False,21.72144,0.0,0.0,True,False,30.519062,False,False,False,False,False,False,False,False,False,False,False,False,False,False,False,False,False,False,False,False,False,False,False,False,15.94174,6.0,6.0,23.544247,6.0,6.0,6.086,11.224,6.086,6.151764705882353,15.218823529411765,6.151764705882353,2499997.5000000005,2499997.5000000005,2499997.5000000005,4411760.294117647,4411760.294117647,4411760.294117647,6.0,6.0,6.0,6.0,6.0,6.0,0.0,0.0,223.7262679432932,0.0,0.0,0.0,0.0,0.0,0,0.0,0.0,0.0,0.0,0.0,0.0,0.0,-1,PM,1,6.9759846,1.0,1.0,True,15.721439361572266,6.917654037475586,0.0,0.0,0.0,0.0,0.0,0.0,0.0,0.0,0.0,0.0,0.0,15.721439361572266,223.7262679432932,2,Car,14,Gas,work,1.0,-1.0,2224,1177
6390,15,5,work,2,False,2,57,17935,798,,,home,-9.0,30,DRIVEALONE,-0.893161251906549,9.57340369930047,16.795445086492055,25.87406405216344,False,False,32.34134964415424,1.0,1.0,1.0,0.57,0.37,1,9.731863949911048,5.750556794728449,6.165587642863942,6.67052969594382,69.81936,104.208,0.0,0.0,True,False,34.890984,0.0,10.0,True,False,47.984505,False,False,False,False,False,False,False,False,False,False,False,False,False,False,False,False,False,False,False,False,False,False,True,True,10.504503,10.31876,6.0,13.949124,13.621342,6.0,6.274,7.312,6.274,6.483529411764706,8.31529411764706,6.483529411764706,6.086,11.224,6.086,6.151764705882353,15.218823529411765,6.151764705882353,12.48595,6.0,6.0,17.445793,6.0,6.0,0.0,0.0,349.8829647877226,0.0,0.0,0.0,0.0,0.0,0,0.0,0.0,0.0,0.0,0.0,0.0,0.0,-1,PM,1,10.876488,1.0,1.0,True,27.97671890258789,10.818440437316896,0.0,0.0,0.0,0.0,0.0,0.0,0.0,0.0,0.0,0.0,0.0,27.97671890258789,349.8829647877226,2,Car,14,Gas,eatout,1.0,-1.0,1177,46
6601,16,6,othdiscr,1,True,2,338,57,825,,,escort,14.634925888756376,15,WALK,1.7106475436266837,12.567431803865878,22.048125971694525,33.96603190234021,True,False,32.6,1.0,1.0,1.0,0.57,0.37,1,18.65570706902546,1.9185442925209868,2.861887951264344,8.426511180914083,2.1528,3.2131343,0.0,0.0,True,False,7.0980334,10.0,10.0,True,True,7.102851,False,False,False,True,True,True,False,False,False,False,False,False,False,False,False,False,False,False,False,False,False,False,False,False,6.339394,8.398404,6.0,6.5989304,10.232478,6.0,6.234,6.806,6.234,6.412941176470588,7.42235294117647,6.412941176470588,6.274,7.312,6.274,6.483529411764706,8.31529411764706,6.483529411764706,8.787066,12.70005,6.0,10.918352,17.823616,6.0,0.0,0.0,0.0,0.0,0.0,0.0,0.0,0.0,0,5.079999923706055,0.2539999783039093,0.0,0.0,0.0,0.0,0.0,-1,MD,1,0.3124745,1.0,1.0,False,0.0,0.0,0.0,0.0,0.0,0.0,0.0,0.0,0.0,0.0,0.0,0.0,0.0,5.079999923706055,0.0,3,,-9,,home,1.0,-1.0,46,39
6602,16,6,othdiscr,2,True,2,8471,338,825,,,othdiscr,-9.0,15,WALK,1.5982907767375174,12.567431803865878,22.048125971694525,33.96603190234021,True,False,32.6,1.0,1.0,1.0,0.57,0.37,1,2.446346842196441,4.794711974471822,7.491624442819563,5.898833470966228,3.25962,4.8651047,0.0,0.0,True,False,7.5377955,10.0,10.0,True,True,7.6932344,False,False,False,True,True,True,False,False,False,False,False,False,False,False,False,False,False,False,False,False,False,False,False,False,6.24279,6.5818,6.0,6.428453,7.0267057,6.0,6.2,6.82,6.2,6.352941176470588,7.447058823529412,6.352941176470588,6.234,6.806,6.234,6.412941176470588,7.42235294117647,6.412941176470588,8.023251,10.848333,6.0,9.570441,14.5558815,6.0,0.0,0.0,0.0,0.0,0.0,0.0,0.0,0.0,0,7.300000190734863,0.3650000095367431,0.0,0.0,0.0,0.0,0.0,-1,MD,1,0.4599895,1.0,1.0,False,0.0,0.0,0.0,0.0,0.0,0.0,0.0,0.0,0.0,0.0,0.0,0.0,0.0,7.300000190734863,0.0,3,,-9,,escort,1.0,-1.0,39,52
6605,16,6,othdiscr,1,False,1,57,8471,825,,,home,-9.0,17,WALK,1.4544074297810978,12.567431803865878,22.048125971694525,33.96603190234021,True,False,32.6,1.0,1.0,1.0,0.57,0.37,1,2.4785810484747475,2.815782594459884,6.685089657778649,10.127584850609734,2.43126,3.6287465,0.0,0.0,True,False,7.0018296,10.0,10.0,True,True,7.0018296,False,False,False,False,False,False,False,False,False,False,False,False,False,False,False,False,False,False,False,False,False,True,False,True,6.341108,6.955426,6.0,6.6019554,7.686046,6.0,6.274,7.312,6.274,6.483529411764706,8.31529411764706,6.483529411764706,6.2,6.82,6.2,6.352941176470588,7.447058823529412,6.352941176470588,8.544583,13.961884,6.0,10.490442,20.050383,6.0,0.0,0.0,0.0,0.0,0.0,0.0,0.0,0.0,0,6.21999979019165,0.3109999895095825,0.0,0.0,0.0,0.0,0.0,-1,MD,1,0.27698627,1.0,1.0,True,0.0,0.0,0.0,0.0,0.0,0.0,0.0,0.0,0.0,0.0,0.0,0.0,0.0,6.21999979019165,0.0,3,,-9,,home,1.0,-1.0,52,46
6729,16,6,shopping,1,True,1,23883,57,841,,,shopping,-9.0,27,DRIVEALONE,-0.0048074848846947,14.243089377714664,24.9878761012538,38.49483615598557,True,False,15.066032021863816,1.0,1.0,1.0,0.57,0.37,1,3.792751812225191,2.401932192364308,1.6083983658854597,13.822353051759594,18.093662,27.005466,0.0,0.0,True,False,13.819075,10.0,0.0,True,False,15.234468,False,False,False,True,True,True,False,False,False,False,False,False,False,False,False,False,False,False,False,False,False,False,False,False,6.339394,6.804006,6.0,6.5989304,7.4188337,6.0,6.856,9.264,6.856,7.510588235294118,11.759999999999998,7.510588235294118,6.274,7.312,6.274,6.483529411764706,8.31529411764706,6.483529411764706,8.828283,12.70005,6.0,10.991088,17.823616,6.0,0.0,0.0,39.41925834073639,0.0,0.0,0.0,0.0,0.0,0,0.0,0.0,0.0,0.0,0.0,0.0,0.0,-1,PM,1,2.8015234,1.0,1.0,False,7.819074630737305,2.6164326667785645,0.0,0.0,0.0,0.0,0.0,0.0,0.0,0.0,0.0,0.0,0.0,7.819074630737305,39.41925834073639,2,Car,3,BEV,home,1.0,-1.0,46,111
6733,16,6,shopping,1,False,1,57,23883,841,,,home,-9.0,32,DRIVEALONE,-0.0265493791712788,14.243089377714664,24.9878761012538,38.49483615598557,True,False,15.066032021863816,1.0,1.0,1.0,0.57,0.37,1,4.54678081618481,4.968704693941257,6.325652276994751,13.454989414128171,18.08118,26.986835,0.0,0.0,True,False,14.450733,0.0,10.0,True,False,15.88773,False,False,False,False,False,False,False,False,False,False,False,False,False,False,False,False,False,False,False,False,False,True,False,True,6.625384,8.10184,6.0,7.1036186,9.709129,6.0,6.274,7.312,6.274,6.483529411764706,8.31529411764706,6.483529411764706,6.856,9.264,6.856,7.510588235294118,11.759999999999998,7.510588235294118,11.211533,23.515333,6.0,15.196823,38.636765,6.0,0.0,0.0,39.4192511566925,0.0,0.0,0.0,0.0,0.0,0,0.0,0.0,0.0,0.0,0.0,0.0,0.0,-1,PM,1,2.6164322,1.0,1.0,True,8.525954246520996,2.6164321899414062,0.0,0.0,0.0,0.0,0.0,0.0,0.0,0.0,0.0,0.0,0.0,8.525954246520996,39.4192511566925,2,Car,3,BEV,home,1.0,-1.0,111,46
6849,17,6,eatout,1,True,1,5244,57,856,,,eatout,-9.0,4,DRIVEALONE,-0.1698548408193236,20.07629474753936,35.22156973252518,54.260256074430686,True,False,28.271206961951325,1.0,1.0,1.0,0.57,0.37,1,6.815973263059885,4.250475018066411,4.49037828221823,10.86396285756777,2.65902,3.9686868,0.0,0.0,True,False,7.0021763,10.0,10.0,True,True,7.0021763,False,False,False,True,True,True,False,False,False,False,False,False,False,False,False,False,False,False,False,False,False,False,False,False,6.334448,8.398404,6.0,6.5902023,10.232478,6.0,6.424,7.034,6.424,6.748235294117647,7.824705882352941,6.748235294117647,6.274,7.312,6.274,6.483529411764706,8.31529411764706,6.483529411764706,8.787066,12.842116,6.0,10.918352,18.074324,6.0,0.0,24.12,7.830736197101777,0.0,0.0,0.0,0.0,0.0,0,0.0,0.0,0.0,0.0,0.0,0.0,0.0,-1,EA,1,0.27698627,1.0,1.0,False,1.00217604637146,0.2769862711429596,0.0,0.0,0.0,0.0,0.0,0.0,0.0,0.0,0.0,0.0,0.0,1.00217604637146,31.950736197101776,3,Car,2,Gas,home,1.0,-1.0,46,52
6853,17,6,eatout,1,False,1,57,5244,856,,,home,-9.0,7,DRIVEALONE,-0.1702400235240389,20.07629474753936,35.22156973252518,54.260256074430686,True,False,28.271206961951325,1.0,1.0,1.0,0.57,0.37,1,4.595049055526264,3.1819944005000123,2.3223718331243086,3.729429102389312,2.6481001,3.9523883,0.0,0.0,True,False,7.011123,10.0,10.0,True,True,7.011123,False,False,False,False,False,False,False,False,False,False,False,False,False,False,False,False,False,False,False,False,False,True,False,True,6.341108,6.955426,6.0,6.6019554,7.686046,6.0,6.274,7.312,6.274,6.483529411764706,8.31529411764706,6.483529411764706,6.424,7.034,6.424,6.748235294117647,7.824705882352941,6.748235294117647,8.544583,13.961884,6.0,10.490442,20.050383,6.0,0.0,24.12,7.830736197101777,0.0,0.0,0.0,0.0,0.0,0,0.0,0.0,0.0,0.0,0.0,0.0,0.0,-1,AM,1,0.27698627,1.0,1.0,True,1.0111232995986938,0.2769862711429596,0.0,0.0,0.0,0.0,0.0,0.0,0.0,0.0,0.0,0.0,0.0,1.0111232995986938,31.950736197101776,3,Car,2,Gas,home,1.0,-1.0,52,46
7529,18,7,shopping,1,True,1,12522,57,941,,,shopping,-9.0,17,WALK,0.7443505068714034,22.744104437759376,39.90193761010417,61.4705525344848,True,False,32.6,1.0,1.0,1.0,0.57,0.37,1,2.30390403656199,5.15264990370244,2.800091732905874,6.18851297265268,3.53574,5.277224,0.0,0.0,True,False,8.533924,10.0,10.0,True,True,8.874925,False,False,False,True,True,True,False,False,False,False,False,False,False,False,False,False,False,False,False,False,False,False,False,False,6.339394,6.804006,6.0,6.5989304,7.4188337,6.0,6.45,7.0600000000000005,6.45,6.794117647058823,7.870588235294118,6.794117647058823,6.274,7.312,6.274,6.483529411764706,8.31529411764706,6.483529411764706,8.787066,12.70005,6.0,10.918352,17.823616,6.0,0.0,0.0,0.0,0.0,0.0,0.0,0.0,0.0,0,10.079999923706056,0.5040000081062317,0.0,0.0,0.0,0.0,0.0,-1,MD,1,0.814562,1.0,1.0,False,0.0,0.0,0.0,0.0,0.0,0.0,0.0,0.0,0.0,0.0,0.0,0.0,0.0,10.079999923706056,0.0,3,,-9,,home,1.0,-1.0,46,60
7533,18,7,shopping,1,False,1,57,12522,941,,,home,-9.0,18,WALK,0.8136076085137436,22.744104437759376,39.90193761010417,61.4705525344848,True,False,32.6,1.0,1.0,1.0,0.57,0.37,1,5.927941994742874,12.278584384519322,10.756203748627154,3.31407262298262,3.5248199,5.2609253,0.0,0.0,True,False,8.532316,10.0,10.0,True,True,8.874925,False,False,False,False,False,False,False,False,False,False,False,False,False,False,False,False,False,False,False,False,False,True,False,True,7.5851,6.957938,6.0,8.7972355,7.690479,6.0,6.274,7.312,6.274,6.483529411764706,8.31529411764706,6.483529411764706,6.45,7.0600000000000005,6.45,6.794117647058823,7.870588235294118,6.794117647058823,11.3308,13.982817,6.0,15.407293,20.087324,6.0,0.0,0.0,0.0,0.0,0.0,0.0,0.0,0.0,0,10.079999923706056,0.5040000081062317,0.0,0.0,0.0,0.0,0.0,-1,MD,1,0.814562,1.0,1.0,True,0.0,0.0,0.0,0.0,0.0,0.0,0.0,0.0,0.0,0.0,0.0,0.0,0.0,10.079999923706056,0.0,3,,-9,,home,1.0,-1.0,60,46
7673,19,7,escort,1,True,1,8841,57,959,,,escort,-9.0,24,DRIVEALONE,0.7334250567734665,13.062984447781316,22.917516575054943,35.30536337238193,True,False,34.71777911005963,1.0,1.0,1.0,0.57,0.37,1,7.286817400686414,3.361344398287648,5.583824187086025,4.368946644764968,4.61448,6.8872843,0.0,0.0,True,False,8.4421425,10.0,10.0,True,True,8.4421425,False,False,False,True,True,True,False,False,False,False,False,False,False,False,False,False,False,False,False,False,False,False,False,False,6.339394,6.804006,6.0,6.5989304,7.4188337,6.0,6.572,6.7,6.572,7.009411764705883,7.235294117647059,7.009411764705883,6.274,7.312,6.274,6.483529411764706,8.31529411764706,6.483529411764706,8.828283,12.70005,6.0,10.991088,17.823616,6.0,0.0,53.4,23.75506084128039,0.0,0.0,0.0,0.0,0.0,0,0.0,0.0,0.0,0.0,0.0,0.0,0.0,-1,MD,1,0.6842333,1.0,1.0,False,2.4421420097351074,0.6842333078384399,0.0,0.0,0.0,0.0,0.0,0.0,0.0,0.0,0.0,0.0,0.0,2.4421420097351074,77.15506084128039,2,SUV,11,Gas,home,1.0,-1.0,46,41
7677,19,7,escort,1,False,1,57,8841,959,,,home,-9.0,27,DRIVEALONE,0.7315985243156102,13.062984447781316,22.917516575054943,35.30536337238193,True,False,34.71777911005963,1.0,1.0,1.0,0.57,0.37,1,8.814567610237738,5.889801270967437,2.6930301560531684,17.709688819367248,5.05908,7.550866,0.0,0.0,True,False,8.542577,10.0,10.0,True,True,8.542577,False,False,False,False,False,False,False,False,False,False,False,False,False,False,False,False,False,False,False,False,False,True,True,True,6.374978,6.707646,6.0,6.661726,7.248787,6.0,6.274,7.312,6.274,6.483529411764706,8.31529411764706,6.483529411764706,6.572,6.7,6.572,7.009411764705883,7.235294117647059,7.009411764705883,9.124817,11.89705,6.0,11.514382,16.406559,6.0,0.0,53.4,23.755062910621284,0.0,0.0,0.0,0.0,0.0,0,0.0,0.0,0.0,0.0,0.0,0.0,0.0,-1,PM,1,0.68423337,1.0,1.0,True,2.542577028274536,0.6842333674430847,0.0,0.0,0.0,0.0,0.0,0.0,0.0,0.0,0.0,0.0,0.0,2.542577028274536,77.15506291062128,2,SUV,11,Gas,home,1.0,-1.0,41,46
8433,21,8,atwork,1,True,1,6958,8539,1054,,,atwork,-9.0,11,DRIVEALONE,-0.2330810685596852,5.835091341383817,10.237002353304945,15.77051713887518,False,False,30.46945973500824,1.0,1.0,1.0,0.57,0.37,1,5.986461432232043,4.1454066301655805,2.3528497222201854,12.889572456446688,7.7867403,11.622001,0.0,0.0,True,False,10.552542,0.0,0.0,True,False,10.552542,False,False,False,False,False,False,False,False,False,False,False,False,False,False,False,False,False,False,False,False,False,False,False,False,7.862019,7.724472,6.0,9.285915,9.043186,6.0,6.0,6.332,6.0,6.0,6.5858823529411765,6.0,6.34,7.578,6.34,6.6,8.784705882352942,6.6,8.52285,20.370602,6.0,10.452088,31.699856,6.0,0.0,0.0,38.93271949784128,0.0,0.0,0.0,0.0,0.0,0,0.0,0.0,0.0,0.0,0.0,0.0,0.0,-1,AM,1,1.277762,1.0,1.0,False,4.552541732788086,1.2777620553970337,0.0,0.0,0.0,0.0,0.0,0.0,0.0,0.0,0.0,0.0,0.0,4.552541732788086,38.93271949784128,1,Car,10,Gas,work,1.0,-1.0,1225,1336
8437,21,8,atwork,1,False,1,8539,6958,1054,,,work,-9.0,12,DRIVEALONE,-0.2068678294459068,5.835091341383817,10.237002353304945,15.77051713887518,False,False,30.46945973500824,1.0,1.0,1.0,0.57,0.37,1,7.888823006422494,1.6159032922847374,2.8649047404451875,2.3918643085492515,7.8023405,11.645285,0.0,0.0,True,False,9.359062,0.0,0.0,True,False,10.509748,False,False,False,False,False,False,False,False,False,False,False,False,False,False,False,False,False,False,False,False,False,False,False,False,8.7887,7.180432,6.0,10.921235,8.083115,6.0,6.34,7.578,6.34,6.6,8.784705882352942,6.6,6.0,6.332,6.0,6.0,6.5858823529411765,6.0,7.26665,15.836933,6.0,8.235265,23.359295,6.0,0.0,0.0,38.93271949784128,0.0,0.0,0.0,0.0,0.0,0,0.0,0.0,0.0,0.0,0.0,0.0,0.0,-1,AM,1,1.277762,1.0,1.0,True,3.359062433242798,1.2777620553970337,0.0,0.0,0.0,0.0,0.0,0.0,0.0,0.0,0.0,0.0,0.0,3.359062433242798,38.93271949784128,1,Car,10,Gas,work,1.0,-1.0,1336,1225
8473,21,8,escort,1,True,4,1399,57,1059,,,othmaint,13.874918463921611,32,SHARED3,1.187423021960352,3.0998922751101525,5.43840750019325,8.37808723002744,False,False,30.46945973500824,1.0,1.0,1.0,0.57,0.37,1,16.658034026014032,6.103013447725625,3.8648872709636826,9.229306769797748,3.82746,5.7126274,0.0,0.0,True,False,7.73991,10.0,10.0,True,True,7.76138,False,False,False,True,True,True,False,False,False,False,False,False,False,False,False,False,False,False,False,False,False,False,False,False,6.88278,8.398404,6.0,7.557847,10.232478,6.0,6.192,6.8100000000000005,6.192,6.338823529411765,7.429411764705883,6.338823529411765,6.274,7.312,6.274,6.483529411764706,8.31529411764706,6.483529411764706,8.787066,12.70005,6.0,10.918352,17.823616,6.0,0.0,0.0,4.566371468279767,0.0,0.0,0.0,0.0,0.0,0,0.0,0.0,0.0,0.0,0.0,0.0,0.0,-1,PM,1,0.49905765,0.3003003003003003,1.0,False,1.739910364151001,0.4990576505661011,0.0,0.0,0.0,0.0,0.0,0.0,0.0,0.0,0.0,0.0,0.0,1.739910364151001,4.566371468279767,1,Car,10,Gas,home,1.0,-1.0,46,40
8474,21,8,escort,2,True,4,882,1399,1059,,,escort,16.968935710426614,32,SHARED3,1.2151206241509345,3.0998922751101525,5.43840750019325,8.37808723002744,False,False,30.46945973500824,1.0,1.0,1.0,0.57,0.37,1,12.798456035385623,1.4763179166659843,1.9098331474874937,5.560079430602915,1.6231802,2.422657,0.0,0.0,True,False,6.769995,10.0,10.0,True,True,6.769995,False,False,False,True,True,True,False,False,False,False,False,False,False,False,False,False,False,False,False,False,False,False,False,False,6.5818977,8.626424,6.0,7.026879,10.634867,6.0,6.076,7.116,6.076,6.134117647058823,7.969411764705883,6.134117647058823,6.192,6.8100000000000005,6.192,6.338823529411765,7.429411764705883,6.338823529411765,9.4556,11.722116,6.0,12.098117,16.097853,6.0,0.0,0.0,1.7643966343575512,0.0,0.0,0.0,0.0,0.0,0,0.0,0.0,0.0,0.0,0.0,0.0,0.0,-1,PM,1,0.19283049,0.3003003003003003,1.0,False,0.7699950933456421,0.1928304880857467,0.0,0.0,0.0,0.0,0.0,0.0,0.0,0.0,0.0,0.0,0.0,0.7699950933456421,1.7643966343575512,1,Car,10,Gas,othmaint,1.0,-1.0,40,33
8475,21,8,escort,3,True,4,822,882,1059,,,eatout,14.265848756654025,32,DRIVEALONE,1.1866766945943863,3.0998922751101525,5.43840750019325,8.37808723002744,False,False,30.46945973500824,1.0,1.0,1.0,0.57,0.37,1,1.5798325459732576,6.078301192044201,0.7047061950503515,7.50529455567522,3.0833402,4.602,0.0,0.0,True,False,7.18383,10.0,10.0,True,True,7.4011607,False,False,False,True,True,True,False,False,False,False,False,False,False,False,False,False,False,False,False,False,False,False,False,False,6.54595,8.855624,6.0,6.9634414,11.039337,6.0,6.168,6.396,6.168,6.296470588235295,6.698823529411765,6.296470588235295,6.076,7.116,6.076,6.134117647058823,7.969411764705883,6.134117647058823,6.87245,11.967267,6.0,7.5396175,16.530472,6.0,0.0,0.0,12.096239756097056,0.0,0.0,0.0,0.0,0.0,0,0.0,0.0,0.0,0.0,0.0,0.0,0.0,11194,PM,1,0.39699554,1.0,1.0,False,1.1838297843933103,0.3969955444335937,0.0,0.0,0.0,0.0,0.0,0.0,0.0,0.0,0.0,0.0,0.0,1.1838297843933103,12.096239756097056,1,Car,10,Gas,escort,1.0,-1.0,33,36
8476,21,8,escort,4,True,4,822,822,1059,,,escort,-9.0,32,DRIVEALONE,1.278809271737202,3.0998922751101525,5.43840750019325,8.37808723002744,False,False,30.46945973500824,1.0,1.0,1.0,0.57,0.37,1,0.9287516111633616,1.5644653750954696,0.9463351476386134,1.0144294681620616,0.312,0.4656717,0.0,0.0,True,False,6.3395452,10.0,10.0,True,True,6.3995275,False,False,False,True,True,True,False,False,False,False,False,False,False,False,False,False,False,False,False,False,False,False,False,False,6.0,6.0,6.0,6.0,6.0,6.0,6.168,6.396,6.168,6.296470588235295,6.698823529411765,6.296470588235295,6.168,6.396,6.168,6.296470588235295,6.698823529411765,6.296470588235295,6.0,6.0,6.0,6.0,6.0,6.0,0.0,0.0,3.449126086104372,0.0,0.0,0.0,0.0,0.0,0,0.0,0.0,0.0,0.0,0.0,0.0,0.0,6532,PM,1,0.11319945,1.0,1.0,False,0.3395454287528991,0.1131994500756263,0.0,0.0,0.0,0.0,0.0,0.0,0.0,0.0,0.0,0.0,0.0,0.3395454287528991,3.449126086104372,1,Car,10,Gas,eatout,1.0,11194.0,36,36
8477,21,8,escort,1,False,4,23861,822,1059,,,escort,17.286794768326626,32,SHARED3,0.8475144735114324,3.0998922751101525,5.43840750019325,8.37808723002744,False,False,30.46945973500824,1.0,1.0,1.0,0.57,0.37,1,4.633186645062286,2.057518248624218,12.472843302784394,17.785195317505885,20.749561,30.969494,0.0,0.0,True,False,16.157587,10.0,0.0,True,False,17.437496,False,False,False,False,False,False,False,False,False,False,False,False,False,False,False,False,False,False,False,False,False,False,False,False,8.63888,6.546896,6.0,10.656847,6.9651103,6.0,6.38,6.98,6.38,6.670588235294118,7.729411764705882,6.670588235294118,6.168,6.396,6.168,6.296470588235295,6.698823529411765,6.296470588235295,8.420967,10.5574665,6.0,10.272294,14.042587,6.0,0.0,0.0,29.651672148501813,0.0,0.0,0.0,0.0,0.0,0,0.0,0.0,0.0,0.0,0.0,0.0,0.0,-1,PM,1,3.533985,0.3003003003003003,1.0,True,10.157587051391602,3.240624189376831,0.0,0.0,0.0,0.0,0.0,0.0,0.0,0.0,0.0,0.0,0.0,10.157587051391602,29.651672148501813,1,Car,10,Gas,escort,1.0,6532.0,36,135
8478,21,8,escort,2,False,4,9901,23861,1059,,,shopping,13.257589364536756,32,SHARED2,1.0348628833524751,3.0998922751101525,5.43840750019325,8.37808723002744,False,False,30.46945973500824,1.0,1.0,1.0,0.57,0.37,1,6.29817924503829,5.616101695682775,5.48863139363918,5.324577270291897,10.0846195,15.051672,0.0,0.0,True,False,11.0950165,0.0,0.0,True,False,11.738728,False,False,False,False,False,False,False,False,False,False,False,False,False,False,False,False,False,False,False,False,False,False,False,False,8.3487,6.768868,6.0,10.144765,7.356826,6.0,6.0,6.862,6.0,6.0,7.521176470588236,6.0,6.38,6.98,6.38,6.670588235294118,7.729411764705882,6.670588235294118,9.020117,12.407233,6.0,11.3296175,17.306883,6.0,0.0,0.0,24.77125740081938,0.0,0.0,0.0,0.0,0.0,0,0.0,0.0,0.0,0.0,0.0,0.0,0.0,-1,PM,1,1.6259729,0.5,1.0,True,5.095016479492188,1.625972867012024,0.0,0.0,0.0,0.0,0.0,0.0,0.0,0.0,0.0,0.0,0.0,5.095016479492188,24.77125740081938,1,Car,10,Gas,escort,1.0,-1.0,135,75
8479,21,8,escort,3,False,4,3145,9901,1059,,,escort,17.603181509926287,32,SHARED3,1.0894152095488945,3.0998922751101525,5.43840750019325,8.37808723002744,False,False,30.46945973500824,1.0,1.0,1.0,0.57,0.37,1,3.82779665787412,5.304969313890361,9.4557043874529,5.196382331190124,6.47088,9.6580305,0.0,0.0,True,False,9.876207,0.0,10.0,True,False,10.270653,False,False,False,False,False,False,False,False,False,False,False,False,False,False,False,False,False,False,False,False,False,True,True,True,8.480061,6.506694,6.0,10.376576,6.894166,6.0,6.556,7.168,6.556,6.981176470588236,8.061176470588235,6.981176470588236,6.0,6.862,6.0,6.0,7.521176470588236,6.0,8.030617,10.22245,6.0,9.583441,13.451383,6.0,0.0,0.0,11.071650423518756,0.0,0.0,0.0,0.0,0.0,0,0.0,0.0,0.0,0.0,0.0,0.0,0.0,-1,PM,1,1.210018,0.3003003003003003,1.0,True,3.876207113265991,1.2100180387496948,0.0,0.0,0.0,0.0,0.0,0.0,0.0,0.0,0.0,0.0,0.0,3.876207113265991,11.071650423518756,1,Car,10,Gas,shopping,1.0,-1.0,75,52
8480,21,8,escort,4,False,4,57,3145,1059,,,home,-9.0,32,SHARED3,1.1916032084276464,3.0998922751101525,5.43840750019325,8.37808723002744,False,False,30.46945973500824,1.0,1.0,1.0,0.57,0.37,1,7.004681113315192,7.030500139090885,5.974696708624637,12.236881757195484,2.10756,3.145612,0.0,0.0,True,False,7.008354,10.0,10.0,True,True,7.008354,False,False,False,False,False,False,False,False,False,False,False,False,False,False,False,False,False,False,False,False,False,True,False,True,6.341108,6.955426,6.0,6.6019554,7.686046,6.0,6.274,7.312,6.274,6.483529411764706,8.31529411764706,6.483529411764706,6.556,7.168,6.556,6.981176470588236,8.061176470588235,6.981176470588236,8.544583,13.961884,6.0,10.490442,20.050383,6.0,0.0,0.0,2.534421031753898,0.0,0.0,0.0,0.0,0.0,0,0.0,0.0,0.0,0.0,0.0,0.0,0.0,-1,PM,1,0.27698627,0.3003003003003003,1.0,True,1.0083543062210083,0.2769862711429596,0.0,0.0,0.0,0.0,0.0,0.0,0.0,0.0,0.0,0.0,0.0,1.0083543062210083,2.534421031753898,1,Car,10,Gas,escort,1.0,-1.0,52,46
8785,21,8,work,1,True,1,8539,57,1098,,,work,-9.0,8,DRIVEALONE,-2.8830610422617444,9.1803032076289,16.105795101103332,24.81163029088892,False,False,30.46945973500824,1.0,1.0,1.0,0.57,0.37,1,15.02056376693989,7.342060980560338,8.941697504598217,4.979457033208449,0.0,0.0,0.0,0.0,True,False,64.55627,10.0,0.0,True,False,113.92284,False,False,False,True,True,True,False,False,False,False,False,False,False,False,False,False,False,False,False,False,False,False,False,False,6.339394,6.821054,6.0,6.5989304,7.448919,6.0,6.34,7.578,6.34,6.6,8.784705882352942,6.6,6.274,7.312,6.274,6.483529411764706,8.31529411764706,6.483529411764706,8.828283,12.842116,6.0,10.991088,18.074324,6.0,0.0,0.0,725.0024321003278,0.0,0.0,0.0,0.0,0.0,0,0.0,0.0,0.0,0.0,0.0,0.0,0.0,-1,AM,1,25.197485,1.0,1.0,False,53.06827545166016,23.794397354125977,0.0,0.0,0.0,0.0,0.0,0.0,0.0,0.0,0.0,0.0,0.0,53.06827545166016,725.0024321003278,2,Car,10,Gas,home,1.0,-1.0,46,1225
8789,21,8,work,1,False,1,57,8539,1098,,,home,-9.0,29,DRIVEALONE,-2.875610155208991,9.1803032076289,16.105795101103332,24.81163029088892,False,False,30.46945973500824,1.0,1.0,1.0,0.57,0.37,1,2.883930090076039,7.620197760581735,10.169209410506006,8.151915925984884,0.0,0.0,0.0,0.0,True,False,65.172905,0.0,10.0,True,False,115.01102,False,False,False,False,False,False,False,False,False,False,False,False,False,False,False,False,False,False,False,False,False,False,False,True,10.009932,7.280044,6.0,13.07635,8.258902,6.0,6.274,7.312,6.274,6.483529411764706,8.31529411764706,6.483529411764706,6.34,7.578,6.34,6.6,8.784705882352942,6.6,17.268883,16.667034,6.0,25.886265,24.824175,6.0,0.0,0.0,729.7342853586213,0.0,0.0,0.0,0.0,0.0,0,0.0,0.0,0.0,0.0,0.0,0.0,0.0,-1,PM,1,25.079979,1.0,1.0,True,52.49113464355469,23.949695587158203,0.0,0.0,0.0,0.0,0.0,0.0,0.0,0.0,0.0,0.0,0.0,52.49113464355469,729.7342853586213,2,Car,10,Gas,home,1.0,-1.0,1225,46
9081,22,8,escort,1,True,1,4962,57,1135,,,escort,-9.0,25,WALK,0.8719538371462032,14.301060427647784,25.08957969762769,38.65151466931834,False,False,32.6,1.0,1.0,1.0,0.57,0.37,1,2.6549865299227107,4.042262777822576,4.443443160713389,8.639245505734191,0.78546,1.1723284,0.0,0.0,True,False,7.002215,10.0,10.0,True,True,7.002215,False,False,False,True,True,True,False,False,False,False,False,False,False,False,False,False,False,False,False,False,False,False,False,False,6.334448,6.804006,6.0,6.5902023,7.4188337,6.0,6.302,7.34,6.302,6.5329411764705885,8.364705882352942,6.5329411764705885,6.274,7.312,6.274,6.483529411764706,8.31529411764706,6.483529411764706,8.787066,12.70005,6.0,10.918352,17.823616,6.0,0.0,0.0,0.0,0.0,0.0,0.0,0.0,0.0,0,1.1200000047683716,0.0559999980032444,0.0,0.0,0.0,0.0,0.0,-1,MD,1,0.27698627,1.0,1.0,False,0.0,0.0,0.0,0.0,0.0,0.0,0.0,0.0,0.0,0.0,0.0,0.0,0.0,1.1200000047683716,0.0,3,,-9,,home,1.0,-1.0,46,52
9085,22,8,escort,1,False,1,57,4962,1135,_24,inbound,home,-9.0,26,WALK,0.900755937829207,14.301060427647784,25.08957969762769,38.65151466931834,False,False,32.6,1.0,1.0,1.0,0.57,0.37,1,29.22741805426845,3.876901110972506,2.7228588445892936,5.164031344107431,0.78546,1.1723284,0.0,0.0,True,False,7.008354,10.0,10.0,True,True,7.008354,False,False,False,False,False,False,False,False,False,False,False,False,False,False,False,False,False,False,False,False,False,True,False,True,6.341108,6.955426,6.0,6.6019554,7.686046,6.0,6.274,7.312,6.274,6.483529411764706,8.31529411764706,6.483529411764706,6.302,7.34,6.302,6.5329411764705885,8.364705882352942,6.5329411764705885,8.544583,13.961884,6.0,10.490442,20.050383,6.0,0.0,0.0,0.0,0.0,0.0,0.0,0.0,0.0,0,1.1200000047683716,0.0559999980032444,0.0,0.0,0.0,0.0,0.0,-1,PM,1,0.27698627,1.0,1.0,True,0.0,0.0,0.0,0.0,0.0,0.0,0.0,0.0,0.0,0.0,0.0,0.0,0.0,1.1200000047683716,0.0,3,,-9,,home,1.0,-1.0,52,46
9089,22,8,escort,1,True,1,16377,57,1136,,,escort,-9.0,26,SHARED3,-0.1293291899945422,14.301060427647784,25.08957969762769,38.65151466931834,False,False,30.46945973500824,1.0,1.0,1.0,0.57,0.37,1,15.43981235799566,2.0657723988773897,5.5435931912491165,5.209577306282949,39.00468,58.215942,0.0,0.0,True,False,21.876003,10.0,0.0,True,False,27.19207,False,False,False,True,True,True,False,False,False,False,False,False,False,False,False,False,False,False,False,False,False,False,False,False,8.2829,8.398404,6.0,10.028646,10.232478,6.0,6.254,9.622,6.254,6.448235294117647,12.391764705882352,6.448235294117647,6.274,7.312,6.274,6.483529411764706,8.31529411764706,6.483529411764706,8.828283,12.70005,6.0,10.991088,17.823616,6.0,0.0,0.0,54.94036423708597,0.0,0.0,0.0,0.0,0.0,0,0.0,0.0,0.0,0.0,0.0,0.0,0.0,-1,PM,1,5.5772038,0.3003003003003003,1.0,False,15.876004219055176,6.004419326782227,0.0,0.0,0.0,0.0,0.0,0.0,0.0,0.0,0.0,0.0,0.0,15.876004219055176,54.94036423708597,3,Car,10,Gas,home,1.0,-1.0,46,231
9093,22,8,escort,1,False,2,16377,16377,1136,_25,inbound,escort,-9.0,27,WALK,1.182334192194508,14.301060427647784,25.08957969762769,38.65151466931834,False,False,30.46945973500824,1.0,1.0,1.0,0.57,0.37,1,18.10275365457845,6.365954307365377,7.703776887830526,11.406991558858769,1.0272601,1.533224,0.0,0.0,True,False,6.749928,0.0,0.0,True,False,6.775169,False,False,False,False,False,False,False,False,False,False,False,False,False,False,False,False,False,False,False,False,False,False,False,False,6.0,6.0,6.0,6.0,6.0,6.0,6.254,9.622,6.254,6.448235294117647,12.391764705882352,6.448235294117647,6.254,9.622,6.254,6.448235294117647,12.391764705882352,6.448235294117647,6.0,6.0,6.0,6.0,6.0,6.0,0.0,0.0,0.0,0.0,0.0,0.0,0.0,0.0,0,1.6333333253860474,0.0816666632890701,0.0,0.0,0.0,0.0,0.0,-1,PM,1,0.21963122,1.0,1.0,True,0.0,0.0,0.0,0.0,0.0,0.0,0.0,0.0,0.0,0.0,0.0,0.0,0.0,1.6333333253860474,0.0,3,Car,10,Gas,escort,1.0,-1.0,231,231
9094,22,8,escort,2,False,2,57,16377,1136,_25_23,inbound,home,-9.0,27,SHARED3,-0.1064961142542236,14.301060427647784,25.08957969762769,38.65151466931834,False,False,30.46945973500824,1.0,1.0,1.0,0.57,0.37,1,17.526188249825196,19.655319057029097,5.811171768115947,8.55250315375753,36.45564,54.411404,0.0,0.0,True,False,21.942106,0.0,10.0,True,False,25.550734,False,False,False,False,False,False,False,False,False,False,False,False,False,False,False,False,False,False,False,False,False,False,False,True,8.581606,8.341021,6.0,10.555775,10.131212,6.0,6.274,7.312,6.274,6.483529411764706,8.31529411764706,6.483529411764706,6.254,9.622,6.254,6.448235294117647,12.391764705882352,6.448235294117647,12.658634,25.508501,6.0,17.75053,43.033463,6.0,0.0,0.0,50.685212699454,0.0,0.0,0.0,0.0,0.0,0,0.0,0.0,0.0,0.0,0.0,0.0,0.0,-1,PM,1,5.920666,0.3003003003003003,1.0,True,15.942106246948242,5.539374828338623,0.0,0.0,0.0,0.0,0.0,0.0,0.0,0.0,0.0,0.0,0.0,15.942106246948242,50.685212699454,3,Car,10,Gas,escort,1.0,-1.0,231,46
9185,22,8,work,1,True,1,13460,57,1148,,,work,-9.0,8,WALK,1.8423370950015088,4.238107952516448,7.43527710967798,11.454345817612024,False,False,36.10351651082459,1.0,1.0,1.0,0.57,0.37,1,9.06970133435371,6.916199647656374,4.279301585742208,6.166235292817304,13.180441,19.6723,0.0,0.0,True,False,13.311471,10.0,0.0,True,False,14.300244,False,False,False,True,True,True,False,False,False,False,False,False,False,False,False,False,False,False,False,False,False,False,False,False,8.2829,6.804006,6.0,10.028646,7.4188337,6.0,6.18,7.39,6.18,6.317647058823529,8.452941176470588,6.317647058823529,6.274,7.312,6.274,6.483529411764706,8.31529411764706,6.483529411764706,8.828283,12.70005,6.0,10.991088,17.823616,6.0,0.0,0.0,0.0,0.0,0.0,0.0,0.0,0.0,0,44.31999969482422,2.2160000801086426,0.0,0.0,0.0,0.0,0.0,-1,AM,1,2.3517358,1.0,1.0,False,0.0,0.0,0.0,0.0,0.0,0.0,0.0,0.0,0.0,0.0,0.0,0.0,0.0,44.31999969482422,0.0,3,Van,7,Gas,home,1.0,-1.0,46,107
9189,22,8,work,1,False,1,57,13460,1148,,,home,-9.0,23,SHARED2,1.7908374890465386,4.238107952516448,7.43527710967798,11.454345817612024,False,False,36.10351651082459,1.0,1.0,1.0,0.57,0.37,1,14.007591270504424,4.314826093761536,11.072730957022287,3.465784791065045,13.337221,19.9063,0.0,0.0,True,False,12.923017,0.0,10.0,True,False,14.300245,False,False,False,False,False,False,False,False,False,False,False,False,False,False,False,False,False,False,False,False,False,True,False,True,6.80319,6.8953123,6.0,7.417394,7.5799627,6.0,6.274,7.312,6.274,6.483529411764706,8.31529411764706,6.483529411764706,6.18,7.39,6.18,6.317647058823529,8.452941176470588,6.317647058823529,6.83675,21.056282,6.0,7.476618,33.212387,6.0,0.0,0.0,42.45297099316795,0.0,0.0,0.0,0.0,0.0,0,0.0,0.0,0.0,0.0,0.0,0.0,0.0,-1,MD,1,2.4097834,0.5,1.0,True,6.923016548156738,2.351736068725586,0.0,0.0,0.0,0.0,0.0,0.0,0.0,0.0,0.0,0.0,0.0,6.923016548156738,42.45297099316795,1,Van,7,Gas,home,1.0,-1.0,107,46
9465,23,8,school,1,True,2,7616,57,1183,,,eatout,3.203485469568419,10,SHARED3,-3.1348802219210143,2.987819892674415,5.24178928539371,8.07518889912004,False,False,36.10351651082459,1.0,1.0,1.0,0.57,0.37,1,4.5565497619119855,4.992155297858083,6.43682226433605,6.782901156152209,27.99498,41.783554,0.0,0.0,True,False,17.027363,10.0,0.0,True,False,18.349903,False,False,False,True,True,True,False,False,False,False,False,False,False,False,False,False,False,False,False,False,False,False,False,False,6.339394,6.0,6.0,6.5989304,6.0,6.0,6.3,9.398,6.3,6.529411764705882,11.996470588235294,6.529411764705882,6.274,7.312,6.274,6.483529411764706,8.31529411764706,6.483529411764706,8.828283,12.70005,6.0,10.991088,17.823616,6.0,0.0,0.0,37.93730745153439,0.0,0.0,0.0,0.0,0.0,0,0.0,0.0,0.0,0.0,0.0,0.0,0.0,-1,AM,1,3.4991393,0.3003003003003003,1.0,False,11.027361869812012,3.499139308929444,0.0,0.0,0.0,0.0,0.0,0.0,0.0,0.0,0.0,0.0,0.0,11.027361869812012,37.93730745153439,1,Van,7,Gas,home,1.0,-1.0,46,146
9466,23,8,school,2,True,2,16377,7616,1183,,,school,-9.0,10,SHARED3,-3.243236260723488,2.987819892674415,5.24178928539371,8.07518889912004,False,False,36.10351651082459,1.0,1.0,1.0,0.57,0.37,1,5.539467482748278,2.2486394685190088,7.985905206581607,7.300346555121664,33.40194,49.853645,0.0,0.0,True,False,19.222607,0.0,0.0,True,False,21.98788,False,False,False,False,False,False,False,False,False,False,False,False,False,False,False,False,False,False,False,False,False,False,False,False,9.137163,8.83842,6.0,11.536169,11.008976,6.0,6.254,9.622,6.254,6.448235294117647,12.391764705882352,6.448235294117647,6.3,9.398,6.3,6.529411764705882,11.996470588235294,6.529411764705882,8.3352165,6.0,6.0,10.120971,6.0,6.0,0.0,0.0,49.11270417379322,0.0,0.0,0.0,0.0,0.0,0,0.0,0.0,0.0,0.0,0.0,0.0,0.0,-1,AM,1,4.6257772,0.3003003003003003,1.0,False,13.222606658935549,4.529899597167969,0.0,0.0,0.0,0.0,0.0,0.0,0.0,0.0,0.0,0.0,0.0,13.222606658935549,49.11270417379322,1,Van,7,Gas,eatout,1.0,-1.0,146,231
9469,23,8,school,1,False,1,57,16377,1183,_25_23,inbound,home,-9.0,27,SHARED3,-3.351038257357329,2.987819892674415,5.24178928539371,8.07518889912004,False,False,36.10351651082459,1.0,1.0,1.0,0.57,0.37,1,6.288296248709832,12.326232011317996,2.7215233661088205,8.196434737271582,36.45564,54.411404,0.0,0.0,True,False,22.006039,0.0,10.0,True,False,25.345861,False,False,False,False,False,False,False,False,False,False,False,False,False,False,False,False,False,False,False,False,False,False,False,True,8.581606,8.341021,6.0,10.555775,10.131212,6.0,6.274,7.312,6.274,6.483529411764706,8.31529411764706,6.483529411764706,6.254,9.622,6.254,6.448235294117647,12.391764705882352,6.448235294117647,12.658634,25.508501,6.0,17.75053,43.033463,6.0,0.0,0.0,59.427987722212286,0.0,0.0,0.0,0.0,0.0,0,0.0,0.0,0.0,0.0,0.0,0.0,0.0,-1,PM,1,5.920666,0.3003003003003003,1.0,True,16.006038665771484,5.481327533721924,0.0,0.0,0.0,0.0,0.0,0.0,0.0,0.0,0.0,0.0,0.0,16.006038665771484,59.427987722212286,1,Van,7,Gas,home,1.0,-1.0,231,46
9865,24,8,school,1,True,2,5149,57,1233,,,escort,8.555247476175087,12,WALK,-0.8669962708008955,4.753179423971654,8.338911270125708,12.846430875599063,False,False,32.6,1.0,1.0,1.0,0.57,0.37,1,3.1635265833029176,4.943537223867341,6.985491669041666,7.381307738765712,1.2128999,1.8102986,0.0,0.0,True,False,7.1000853,10.0,10.0,True,True,7.102851,False,False,False,True,True,True,False,False,False,False,False,False,False,False,False,False,False,False,False,False,False,False,False,False,6.339394,8.398404,6.0,6.5989304,10.232478,6.0,6.058,7.098,6.058,6.102352941176471,7.937647058823529,6.102352941176471,6.274,7.312,6.274,6.483529411764706,8.31529411764706,6.483529411764706,8.787066,12.70005,6.0,10.918352,17.823616,6.0,0.0,0.0,0.0,0.0,0.0,0.0,0.0,0.0,0,2.1600000858306885,0.1080000102519989,0.0,0.0,0.0,0.0,0.0,-1,AM,1,0.3124745,1.0,1.0,False,0.0,0.0,0.0,0.0,0.0,0.0,0.0,0.0,0.0,0.0,0.0,0.0,0.0,2.1600000858306885,0.0,3,,-9,,home,1.0,-1.0,46,39
9866,24,8,school,2,True,2,4962,5149,1233,,,school,-9.0,13,WALK,-0.8806068934133215,4.753179423971654,8.338911270125708,12.846430875599063,False,False,32.6,1.0,1.0,1.0,0.57,0.37,1,15.312337808027827,2.884627967487876,4.4768690698417855,15.877650961165456,1.1973,1.787015,0.0,0.0,True,False,7.5377955,10.0,10.0,True,True,7.6932344,False,False,False,True,True,True,False,False,False,False,False,False,False,False,False,False,False,False,False,False,False,False,False,False,6.24279,6.5818,6.0,6.428453,7.0267057,6.0,6.302,7.34,6.302,6.5329411764705885,8.364705882352942,6.5329411764705885,6.058,7.098,6.058,6.102352941176471,7.937647058823529,6.102352941176471,8.023251,10.848333,6.0,9.570441,14.5558815,6.0,0.0,0.0,0.0,0.0,0.0,0.0,0.0,0.0,0,2.440000057220459,0.1219999939203262,0.0,0.0,0.0,0.0,0.0,-1,MD,1,0.4599895,1.0,1.0,False,0.0,0.0,0.0,0.0,0.0,0.0,0.0,0.0,0.0,0.0,0.0,0.0,0.0,2.440000057220459,0.0,3,,-9,,escort,1.0,-1.0,39,52
9869,24,8,school,1,False,1,57,4962,1233,_24,inbound,home,-9.0,26,WALK,-0.816442520563088,4.753179423971654,8.338911270125708,12.846430875599063,False,False,32.6,1.0,1.0,1.0,0.57,0.37,1,6.668645994531504,7.336249391694114,5.099723957370576,5.664452116757877,0.78546,1.1723284,0.0,0.0,True,False,7.008354,10.0,10.0,True,True,7.008354,False,False,False,False,False,False,False,False,False,False,False,False,False,False,False,False,False,False,False,False,False,True,False,True,6.341108,6.955426,6.0,6.6019554,7.686046,6.0,6.274,7.312,6.274,6.483529411764706,8.31529411764706,6.483529411764706,6.302,7.34,6.302,6.5329411764705885,8.364705882352942,6.5329411764705885,8.544583,13.961884,6.0,10.490442,20.050383,6.0,0.0,0.0,0.0,0.0,0.0,0.0,0.0,0.0,0,1.1200000047683716,0.0559999980032444,0.0,0.0,0.0,0.0,0.0,-1,PM,1,0.27698627,1.0,1.0,True,0.0,0.0,0.0,0.0,0.0,0.0,0.0,0.0,0.0,0.0,0.0,0.0,0.0,1.1200000047683716,0.0,3,,-9,,home,1.0,-1.0,52,46
10265,25,8,school,1,True,2,23560,57,1283,,,shopping,2.480530376020356,12,SHARED2,-3.179620893740689,1.847164870669828,3.240640123982154,4.992337488296831,False,False,36.10351651082459,1.0,1.0,1.0,0.57,0.37,1,4.479768817335381,4.202207793768912,7.432980357244999,4.86287436699538,28.803059,42.98964,0.0,0.0,True,False,18.69762,10.0,0.0,True,False,22.216202,False,False,False,True,True,True,False,False,False,False,False,False,False,False,False,False,False,False,False,False,False,False,False,False,6.88278,6.0,6.0,7.557847,6.0,6.0,6.416,10.924,6.416,6.734117647058824,14.689411764705882,6.734117647058824,6.274,7.312,6.274,6.483529411764706,8.31529411764706,6.483529411764706,13.3565,12.70005,6.0,18.982058,17.823616,6.0,0.0,0.0,82.94043133972691,0.0,0.0,0.0,0.0,0.0,0,0.0,0.0,0.0,0.0,0.0,0.0,0.0,-1,AM,1,5.502643,0.5,1.0,False,12.69762134552002,4.594590187072754,0.0,0.0,0.0,0.0,0.0,0.0,0.0,0.0,0.0,0.0,0.0,12.69762134552002,82.94043133972691,1,Van,7,Gas,home,1.0,-1.0,46,172
10266,25,8,school,2,True,2,16377,23560,1283,,,school,-9.0,13,WALK,-2.682356147772968,1.847164870669828,3.240640123982154,4.992337488296831,False,False,36.10351651082459,1.0,1.0,1.0,0.57,0.37,1,8.758482880356128,10.860811418680278,12.345529125096611,6.791648164445835,17.00478,25.38027,0.0,0.0,True,False,10.74855,0.0,0.0,True,False,12.878204,False,False,False,False,False,False,False,False,False,False,False,False,False,False,False,False,False,False,False,False,False,False,False,False,10.1291065,9.96918,6.0,13.286657,13.004436,6.0,6.254,9.622,6.254,6.448235294117647,12.391764705882352,6.448235294117647,6.416,10.924,6.416,6.734117647058824,14.689411764705882,6.734117647058824,7.9467335,6.0,6.0,9.435411,6.0,6.0,0.0,0.0,0.0,0.0,0.0,0.0,0.0,0.0,0,45.18000030517578,2.259000062942505,0.0,0.0,0.0,0.0,0.0,-1,MD,1,1.9765216,1.0,1.0,False,0.0,0.0,0.0,0.0,0.0,0.0,0.0,0.0,0.0,0.0,0.0,0.0,0.0,45.18000030517578,0.0,3,Van,7,Gas,shopping,1.0,-1.0,172,231
10269,25,8,school,1,False,2,16377,16377,1283,_25,inbound,escort,-9.0,27,WALK,-2.335835217647649,1.847164870669828,3.240640123982154,4.992337488296831,False,False,36.10351651082459,1.0,1.0,1.0,0.57,0.37,1,9.515437094250212,9.567915668147576,11.588665230414277,13.121696031304891,1.0272601,1.533224,0.0,0.0,True,False,6.749928,0.0,0.0,True,False,6.775169,False,False,False,False,False,False,False,False,False,False,False,False,False,False,False,False,False,False,False,False,False,False,False,False,6.0,6.0,6.0,6.0,6.0,6.0,6.254,9.622,6.254,6.448235294117647,12.391764705882352,6.448235294117647,6.254,9.622,6.254,6.448235294117647,12.391764705882352,6.448235294117647,6.0,6.0,6.0,6.0,6.0,6.0,0.0,0.0,0.0,0.0,0.0,0.0,0.0,0.0,0,1.6333333253860474,0.0816666632890701,0.0,0.0,0.0,0.0,0.0,-1,PM,1,0.21963122,1.0,1.0,True,0.0,0.0,0.0,0.0,0.0,0.0,0.0,0.0,0.0,0.0,0.0,0.0,0.0,1.6333333253860474,0.0,3,Van,7,Gas,school,1.0,-1.0,231,231
10270,25,8,school,2,False,2,57,16377,1283,_25_23,inbound,home,-9.0,27,SHARED3,-3.2765238531364496,1.847164870669828,3.240640123982154,4.992337488296831,False,False,36.10351651082459,1.0,1.0,1.0,0.57,0.37,1,31.38669265697129,6.250145724501999,2.786040421939956,13.406734376611492,36.45564,54.411404,0.0,0.0,True,False,22.006039,0.0,10.0,True,False,25.345861,False,False,False,False,False,False,False,False,False,False,False,False,False,False,False,False,False,False,False,False,False,False,False,True,8.581606,8.341021,6.0,10.555775,10.131212,6.0,6.274,7.312,6.274,6.483529411764706,8.31529411764706,6.483529411764706,6.254,9.622,6.254,6.448235294117647,12.391764705882352,6.448235294117647,12.658634,25.508501,6.0,17.75053,43.033463,6.0,0.0,0.0,59.427987722212286,0.0,0.0,0.0,0.0,0.0,0,0.0,0.0,0.0,0.0,0.0,0.0,0.0,-1,PM,1,5.920666,0.3003003003003003,1.0,True,16.006038665771484,5.481327533721924,0.0,0.0,0.0,0.0,0.0,0.0,0.0,0.0,0.0,0.0,0.0,16.006038665771484,59.427987722212286,1,Van,7,Gas,escort,1.0,-1.0,231,46
11833,29,9,othmaint,1,True,1,18844,57,1479,,,othmaint,-9.0,18,SHARED2,0.285066194053312,22.15403473862297,38.86672761161925,59.87576956384586,False,False,40.20714985690435,1.0,1.0,1.0,0.57,0.37,1,8.360962454981545,4.986702386271081,6.583845222788537,7.974800471526948,52.68354,78.63215,0.0,0.0,True,False,21.183697,10.0,0.0,True,False,33.49345,False,False,False,True,True,True,False,False,False,False,False,False,False,False,False,False,False,False,False,False,False,False,False,False,6.0,6.0,6.0,6.0,6.0,6.0,7.3,13.262,7.3,8.294117647058824,18.815294117647056,8.294117647058824,6.274,7.312,6.274,6.483529411764706,8.31529411764706,6.483529411764706,8.828283,12.70005,6.0,10.991088,17.823616,6.0,0.0,0.0,152.62330220648929,0.0,0.0,0.0,0.0,0.0,0,0.0,0.0,0.0,0.0,0.0,0.0,0.0,-1,MD,1,6.9989157,0.5,1.0,False,13.350164413452148,7.591848850250244,0.0,0.0,0.0,0.0,0.0,0.0,0.0,0.0,0.0,0.0,0.0,13.350164413452148,152.62330220648929,3,Van,11,Gas,home,1.0,-1.0,46,293
11837,29,9,othmaint,1,False,1,57,18844,1479,,,home,-9.0,28,DRIVEALONE,0.1260723494926275,22.15403473862297,38.86672761161925,59.87576956384586,False,False,40.20714985690435,1.0,1.0,1.0,0.57,0.37,1,5.898097625202069,14.787005942419894,8.173920906722843,10.752391250048682,46.154163,68.88681,0.0,0.0,True,False,23.682842,0.0,10.0,True,False,31.48069,False,False,False,False,False,False,False,False,False,False,False,False,False,False,False,False,False,False,False,False,False,False,True,True,11.791685,11.5511,6.0,16.220623,15.796059,6.0,6.274,7.312,6.274,6.483529411764706,8.31529411764706,6.483529411764706,7.3,13.262,7.3,8.294117647058824,18.815294117647056,8.294117647058824,18.178867,6.0,6.0,27.492117,6.0,6.0,0.0,0.0,286.9030624072777,0.0,0.0,0.0,0.0,0.0,0,0.0,0.0,0.0,0.0,0.0,0.0,0.0,-1,PM,1,7.135623,1.0,1.0,True,17.682842254638672,7.135622978210449,0.0,0.0,0.0,0.0,0.0,0.0,0.0,0.0,0.0,0.0,0.0,17.682842254638672,286.9030624072777,3,Van,11,Gas,home,1.0,-1.0,293,46
11929,29,9,shopping,1,True,1,2465,57,1491,,,shopping,-9.0,17,DRIVEALONE,0.033868950249349,22.15403473862297,38.86672761161925,59.87576956384586,False,False,30.3515248638504,1.0,1.0,1.0,0.57,0.37,1,5.553990888159608,7.664040771989316,0.4074386490129706,8.18239461162803,5.91006,8.820986,0.0,0.0,True,False,9.1776085,10.0,10.0,True,True,9.1776085,False,False,False,True,True,True,False,False,False,False,False,False,False,False,False,False,False,False,False,False,False,False,False,False,6.88278,8.398404,6.0,7.557847,10.232478,6.0,6.16,7.407999999999999,6.16,6.282352941176471,8.48470588235294,6.282352941176471,6.274,7.312,6.274,6.483529411764706,8.31529411764706,6.483529411764706,8.787066,12.70005,6.0,10.918352,17.823616,6.0,0.0,28.16,23.821501066336257,0.0,0.0,0.0,0.0,0.0,0,0.0,0.0,0.0,0.0,0.0,0.0,0.0,-1,MD,1,0.7848535,1.0,1.0,False,3.1776084899902344,0.7848535180091858,0.0,0.0,0.0,0.0,0.0,0.0,0.0,0.0,0.0,0.0,0.0,3.1776084899902344,51.98150106633625,3,Car,9,Gas,home,1.0,-1.0,46,38
11933,29,9,shopping,1,False,1,57,2465,1491,,,home,-9.0,18,DRIVEALONE,0.0402856153747628,22.15403473862297,38.86672761161925,59.87576956384586,False,False,30.3515248638504,1.0,1.0,1.0,0.57,0.37,1,10.099433115784317,2.1152379271311488,12.681074501662597,1.307725989655638,5.80554,8.664986,0.0,0.0,True,False,9.039013,10.0,10.0,True,True,9.039013,False,False,False,False,False,False,False,False,False,False,False,False,False,False,False,False,False,False,False,False,False,True,False,True,7.033526,8.816744,6.0,7.8238697,10.970724,6.0,6.274,7.312,6.274,6.483529411764706,8.31529411764706,6.483529411764706,6.16,7.407999999999999,6.16,6.282352941176471,8.48470588235294,6.282352941176471,8.33615,16.109833,6.0,10.122618,23.840881,6.0,0.0,28.16,24.795242949759743,0.0,0.0,0.0,0.0,0.0,0,0.0,0.0,0.0,0.0,0.0,0.0,0.0,-1,MD,1,0.81693566,1.0,1.0,True,3.039013147354126,0.816935658454895,0.0,0.0,0.0,0.0,0.0,0.0,0.0,0.0,0.0,0.0,0.0,3.039013147354126,52.955242949759736,3,Car,9,Gas,home,1.0,-1.0,38,46
