household_id,age,PNUM,sex,pemploy,pstudent,ptype,educ,soc2,is_student,school_segment,is_worker,is_internal_worker,is_external_worker,home_zone_id,time_factor_work,time_factor_nonwork,naics_code,occupation,work_from_home,is_out_of_home_worker,external_workplace_zone_id,external_workplace_location_logsum,external_workplace_modechoice_logsum,school_zone_id,school_location_logsum,school_modechoice_logsum,distance_to_school,roundtrip_auto_time_to_school,workplace_zone_id,workplace_location_logsum,workplace_modechoice_logsum,distance_to_work,work_zone_area_type,auto_time_home_to_work,roundtrip_auto_time_to_work,work_auto_savings,exp_daily_work,non_toll_time_work,toll_time_work,toll_dist_work,toll_cost_work,toll_travel_time_savings_work,transit_pass_subsidy,transit_pass_ownership,free_parking_at_work,telecommute_frequency,cdap_activity,travel_active,mandatory_tour_frequency,num_mand,num_work_tours,num_joint_tours,non_mandatory_tour_frequency,num_non_mand,num_escort_tours,num_eatout_tours,num_shop_tours,num_maint_tours,num_discr_tours,num_social_tours,num_add_shop_maint_tours,num_add_soc_discr_tours,person_id,miltary,grade,weeks,hours,race,hispanic
1,64.0,1.0,2,2,3,2,13,21.0,False,0,True,True,False,57,0.4073621165063801,0.6489025109188188,81,mngt_busi_scic_arts,False,True,-1,-9.0,-9.0,-1,-9.0,-9.0,-9.0,0.0,8690,10.466471904892591,-1.396360809040778,10.254968,6.0,26.568727,57.787018,0.0,0.0,26.568727,26.568727,0.0,0.0,0.0,0,0,False,No_Telecommute,M,True,work1,1,1,0,6,1,0,1,0,0,0,0,0,0,1,0,0,1,15,9,2
1,29.0,2.0,1,1,3,1,13,41.0,False,0,True,True,False,57,0.2797688933303479,0.6126540501183355,44,sales_office,False,True,-1,-9.0,-9.0,-1,-9.0,-9.0,-9.0,0.0,13311,12.708038184795974,-2.713818247058503,29.403673,3.0,54.38647,108.64776,0.0,0.0,56.904472,54.38647,0.0,0.0,2.5180016,0,0,False,No_Telecommute,N,True,,0,0,0,1,1,0,0,0,0,1,0,0,0,2,0,0,1,40,9,2
1,62.0,3.0,2,3,3,4,13,0.0,False,0,False,False,False,57,0.4121134583604019,1.453034443388308,0,,False,False,-1,-9.0,-9.0,-1,-9.0,-9.0,-9.0,0.0,-1,-9.0,-9.0,-9.0,-9.0,-9.0,0.0,0.0,0.0,0.0,0.0,0.0,0.0,0.0,0,0,False,,H,False,,0,0,0,0,0,0,0,0,0,0,0,0,0,3,0,0,0,0,9,2
2,56.0,1.0,1,1,3,1,13,53.0,False,0,True,True,False,57,0.7591760399151327,0.3164268551393161,48,prod_trans_move,False,True,-1,-9.0,-9.0,-1,-9.0,-9.0,-9.0,0.0,14287,11.564962535570636,-5.088139498203306,29.18461,3.0,60.694794,118.289406,0.0,0.0,63.2128,59.08148,0.0,0.0,4.131321,0,0,False,2_3_days_week,M,True,work1,1,1,0,0,0,0,0,0,0,0,0,0,0,4,0,0,1,40,1,2
3,60.0,1.0,2,3,3,4,13,53.0,False,0,False,False,False,57,1.4373246724372246,1.2818854268144668,42,prod_trans_move,False,False,-1,-9.0,-9.0,-1,-9.0,-9.0,-9.0,0.0,-1,-9.0,-9.0,-9.0,-9.0,-9.0,0.0,0.0,0.0,0.0,0.0,0.0,0.0,0.0,0,1,False,,H,False,,0,0,0,0,0,0,0,0,0,0,0,0,0,5,0,0,0,0,1,1
3,58.0,2.0,1,1,3,1,13,13.0,False,0,True,True,False,57,0.9364487583287426,0.5082236011051029,51,mngt_busi_scic_arts,False,True,-1,-9.0,-9.0,-1,-9.0,-9.0,-9.0,0.0,6527,11.005876749735034,-0.9435160514280276,0.9961333,6.0,3.1845531,6.3267217,0.0,7.839,3.1845531,3.1845531,0.0,0.0,0.0,0,0,False,No_Telecommute,N,True,,0,0,0,3,1,0,0,0,0,0,1,0,0,6,0,0,1,45,1,1
3,25.0,3.0,1,3,2,3,13,35.0,True,4,False,False,False,57,0.1345095522970489,2.528845165506757,722,services,False,False,-1,-9.0,-9.0,23114,7.525574426062572,-0.023871028786171,6.5141535,24.485706,-1,-9.0,-9.0,-9.0,-9.0,-9.0,0.0,0.0,0.0,0.0,0.0,0.0,0.0,0.0,0,0,False,,N,True,,0,0,0,89,1,1,0,0,0,0,0,0,0,7,0,6,3,32,1,1
4,62.0,1.0,1,3,3,4,13,23.0,False,0,False,False,False,57,3.1658684450055365,0.8174525963283321,54,mngt_busi_scic_arts,False,False,-1,-9.0,-9.0,-1,-9.0,-9.0,-9.0,0.0,-1,-9.0,-9.0,-9.0,-9.0,-9.0,0.0,0.0,0.0,0.0,0.0,0.0,0.0,0.0,0,0,False,,N,True,,0,0,0,18,2,0,1,0,1,0,0,0,0,8,0,0,0,0,1,2
5,31.0,1.0,1,3,3,4,13,41.0,False,0,False,False,False,57,1.5494617761962988,1.6932408654347932,44,sales_office,False,False,-1,-9.0,-9.0,-1,-9.0,-9.0,-9.0,0.0,-1,-9.0,-9.0,-9.0,-9.0,-9.0,0.0,0.0,0.0,0.0,0.0,0.0,0.0,0.0,0,0,False,,N,True,,0,0,0,36,3,1,0,1,0,1,0,0,0,9,0,0,0,0,1,1
5,30.0,2.0,2,3,3,4,13,0.0,False,0,False,False,False,57,0.3349412246490615,0.4492650544567176,0,,False,False,-1,-9.0,-9.0,-1,-9.0,-9.0,-9.0,0.0,-1,-9.0,-9.0,-9.0,-9.0,-9.0,0.0,0.0,0.0,0.0,0.0,0.0,0.0,0.0,0,0,False,,N,True,,0,0,0,2,7,4,0,0,0,3,0,0,2,10,0,0,0,0,1,1
5,7.0,3.0,2,4,1,7,0,0.0,True,2,False,False,False,57,0.6215653480134297,0.5802360926558261,0,,False,False,-1,-9.0,-9.0,4962,8.045969949297042,7.669021101839839,0.27698627,2.0040445,-1,-9.0,-9.0,-9.0,-9.0,-9.0,0.0,0.0,0.0,0.0,0.0,0.0,0.0,0.0,0,0,False,,M,True,school1,1,0,0,0,0,0,0,0,0,0,0,0,0,11,0,0,0,0,1,1
5,4.0,4.0,1,4,1,8,0,0.0,True,1,False,False,False,57,2.038295606813494,1.3849880175599512,0,,False,False,-1,-9.0,-9.0,3538,9.013366579878271,6.838974324383435,0.25051302,1.502539,-1,-9.0,-9.0,-9.0,-9.0,-9.0,0.0,0.0,0.0,0.0,0.0,0.0,0.0,0.0,0,0,False,,M,True,school1,1,0,0,0,0,0,0,0,0,0,0,0,0,12,0,0,0,0,1,1
5,4.0,5.0,2,4,1,8,0,0.0,True,1,False,False,False,57,0.6327615576648367,0.4368053482191077,0,,False,False,-1,-9.0,-9.0,18563,10.462967963467916,-0.95938136123957,7.0126896,22.270351,-1,-9.0,-9.0,-9.0,-9.0,-9.0,0.0,0.0,0.0,0.0,0.0,0.0,0.0,0.0,0,0,False,,M,True,school2,2,0,0,0,0,0,0,0,0,0,0,0,0,13,0,0,0,0,1,1
5,2.0,6.0,1,4,1,8,0,0.0,True,1,False,False,False,57,0.91469008513749,0.6814239348671514,0,,False,False,-1,-9.0,-9.0,1399,9.219616925065525,6.574284721634148,0.49905765,3.2678955,-1,-9.0,-9.0,-9.0,-9.0,-9.0,0.0,0.0,0.0,0.0,0.0,0.0,0.0,0.0,0,0,False,,H,False,,0,0,0,0,0,0,0,0,0,0,0,0,0,14,0,0,0,0,1,1
5,22.0,7.0,1,1,3,1,13,43.0,False,0,True,True,False,57,0.5513560420100004,1.1412364071682952,51,sales_office,False,True,-1,-9.0,-9.0,-1,-9.0,-9.0,-9.0,0.0,17406,12.014405622695357,-2.335909607713865,17.391472,7.0,42.61929,83.930595,0.0,0.0,42.61929,41.505356,0.0,0.0,1.1139336,0,0,False,No_Telecommute,M,True,work1,1,1,0,0,0,0,0,0,0,0,0,0,0,15,0,6,1,80,1,1
6,55.0,1.0,2,3,3,4,13,0.0,False,0,False,False,False,57,1.186246049668452,0.8982945783914281,0,,False,False,-1,-9.0,-9.0,-1,-9.0,-9.0,-9.0,0.0,-1,-9.0,-9.0,-9.0,-9.0,-9.0,0.0,0.0,0.0,0.0,0.0,0.0,0.0,0.0,0,0,False,,N,True,,0,0,0,36,2,0,0,1,0,1,0,0,0,16,0,0,0,0,1,1
6,58.0,2.0,1,3,3,4,13,11.0,False,0,False,False,False,57,1.0413312450788357,1.4350128974127652,92,mngt_busi_scic_arts,False,False,-1,-9.0,-9.0,-1,-9.0,-9.0,-9.0,0.0,-1,-9.0,-9.0,-9.0,-9.0,-9.0,0.0,0.0,0.0,0.0,0.0,0.0,0.0,0.0,0,0,False,,N,True,,0,0,0,6,1,0,1,0,0,0,0,0,0,17,0,0,2,40,9,1
7,85.0,1.0,1,3,3,5,13,0.0,False,0,False,False,False,57,0.2855679688631369,1.6746730224531068,0,,False,False,-1,-9.0,-9.0,-1,-9.0,-9.0,-9.0,0.0,-1,-9.0,-9.0,-9.0,-9.0,-9.0,0.0,0.0,0.0,0.0,0.0,0.0,0.0,0.0,0,0,False,,N,True,,0,0,0,35,1,0,0,1,0,0,0,0,0,18,0,0,0,0,8,2
7,62.0,2.0,1,1,3,1,13,47.0,False,0,True,True,False,57,0.7436710333137214,0.9618416810954016,92,constr_maint,False,True,-1,-9.0,-9.0,-1,-9.0,-9.0,-9.0,0.0,23042,10.582940453559884,-2.525311367011825,9.057913,6.0,22.980309,46.373085,0.0,0.0,26.052835,23.027763,0.0,0.0,3.025072,0,0,False,No_Telecommute,N,True,,0,0,0,89,1,1,0,0,0,0,0,0,0,19,0,0,1,40,8,2
7,60.0,3.0,1,3,3,4,13,0.0,False,0,False,False,False,57,0.9352800113665724,0.8219902139105908,0,,False,False,-1,-9.0,-9.0,-1,-9.0,-9.0,-9.0,0.0,-1,-9.0,-9.0,-9.0,-9.0,-9.0,0.0,0.0,0.0,0.0,0.0,0.0,0.0,0.0,0,1,False,,H,False,,0,0,0,0,0,0,0,0,0,0,0,0,0,20,0,0,0,0,8,2
8,33.0,1.0,1,1,3,1,13,51.0,False,0,True,True,False,57,0.8929716669698478,0.3518500465986156,32,prod_trans_move,False,True,-1,-9.0,-9.0,-1,-9.0,-9.0,-9.0,0.0,8539,10.955987774123036,-5.774378567720783,25.197485,3.0,53.068275,105.55941,0.0,0.0,55.58628,51.167892,0.0,0.0,4.4183884,0,0,True,2_3_days_week,M,True,work1,1,1,0,89,1,1,0,0,0,0,0,0,0,21,0,0,1,40,1,2
8,29.0,2.0,2,2,3,2,13,31.0,False,0,True,True,False,57,0.4122424104698225,1.6232269805887654,62,health,False,True,-1,-9.0,-9.0,-1,-9.0,-9.0,-9.0,0.0,13460,10.02451514096892,-0.2397576931119292,2.3517358,6.0,7.311471,14.609687,0.0,0.0,7.311471,7.311471,0.0,0.0,0.0,0,0,True,No_Telecommute,M,True,work1,1,1,0,0,2,2,0,0,0,0,0,0,0,22,0,0,6,9,1,2
8,14.0,3.0,1,4,1,7,0,0.0,True,2,False,False,False,57,1.34946478318491,0.5765199586905945,0,,False,False,-1,-9.0,-9.0,16377,4.139097641658191,-1.459805516483377,5.5772038,27.461845,-1,-9.0,-9.0,-9.0,-9.0,-9.0,0.0,0.0,0.0,0.0,0.0,0.0,0.0,0.0,0,0,False,,M,True,school1,1,0,0,0,0,0,0,0,0,0,0,0,0,23,0,2,0,0,1,2
8,9.0,4.0,1,4,1,7,0,0.0,True,2,False,False,False,57,2.189361938248893,0.917157962525064,0,,False,False,-1,-9.0,-9.0,4962,7.412840154532651,6.406588256857377,0.27698627,2.0040445,-1,-9.0,-9.0,-9.0,-9.0,-9.0,0.0,0.0,0.0,0.0,0.0,0.0,0.0,0.0,0,0,False,,M,True,school1,1,0,0,0,0,0,0,0,0,0,0,0,0,24,0,2,0,0,1,2
8,7.0,5.0,1,4,1,7,0,0.0,True,2,False,False,False,57,0.820957025970548,0.3564228946812666,0,,False,False,-1,-9.0,-9.0,16377,4.354935559663385,-0.7803521797477757,5.5772038,27.461845,-1,-9.0,-9.0,-9.0,-9.0,-9.0,0.0,0.0,0.0,0.0,0.0,0.0,0.0,0.0,0,0,False,,M,True,school1,1,0,0,0,0,0,0,0,0,0,0,0,0,25,0,2,0,0,1,2
8,6.0,6.0,1,4,1,7,0,0.0,True,2,False,False,False,57,0.4338402064732425,0.8591811793011369,0,,False,False,-1,-9.0,-9.0,4962,7.984194121897463,6.674109801607646,0.27698627,2.0040445,-1,-9.0,-9.0,-9.0,-9.0,-9.0,0.0,0.0,0.0,0.0,0.0,0.0,0.0,0.0,0,0,False,,H,False,,0,0,0,0,0,0,0,0,0,0,0,0,0,26,0,2,0,0,1,2
8,3.0,7.0,2,4,1,8,0,0.0,True,1,False,False,False,57,0.9482202442267378,2.6104006627970917,0,,False,False,-1,-9.0,-9.0,11193,8.113172862352553,5.406109921395687,0.32160288,2.2522335,-1,-9.0,-9.0,-9.0,-9.0,-9.0,0.0,0.0,0.0,0.0,0.0,0.0,0.0,0.0,0,0,False,,H,False,,0,0,0,0,0,0,0,0,0,0,0,0,0,27,0,0,0,0,1,2
8,60.0,8.0,2,3,3,4,13,27.0,False,0,False,False,False,57,1.0672014661876543,2.3784112104931627,45,mngt_busi_scic_arts,False,False,-1,-9.0,-9.0,-1,-9.0,-9.0,-9.0,0.0,-1,-9.0,-9.0,-9.0,-9.0,-9.0,0.0,0.0,0.0,0.0,0.0,0.0,0.0,0.0,0,0,False,,H,False,,0,0,0,0,0,0,0,0,0,0,0,0,0,28,0,0,6,40,1,2
9,62.0,1.0,1,1,3,1,13,15.0,False,0,True,True,False,57,0.289350344069276,1.2031882427246374,54,mngt_busi_scic_arts,False,True,-1,-9.0,-9.0,-1,-9.0,-9.0,-9.0,0.0,12778,12.63041660970881,-1.9016664120887985,21.530617,3.0,53.693474,107.118164,0.0,0.0,53.693474,53.693474,0.0,0.0,0.0,0,0,True,4_days_week,N,True,,0,0,0,47,2,0,0,1,1,0,0,1,0,29,0,0,1,45,1,1
9,62.0,2.0,2,3,3,4,13,0.0,False,0,False,False,False,57,0.3771332538342457,0.5863263818933065,0,,False,False,-1,-9.0,-9.0,-1,-9.0,-9.0,-9.0,0.0,-1,-9.0,-9.0,-9.0,-9.0,-9.0,0.0,0.0,0.0,0.0,0.0,0.0,0.0,0.0,0,1,False,,N,True,,0,0,0,101,2,1,0,0,1,0,0,0,0,30,0,0,0,0,1,1
10,64.0,1.0,1,3,3,4,13,49.0,False,0,False,False,False,57,1.2900855493554386,1.2710550844983377,32,constr_maint,False,False,-1,-9.0,-9.0,-1,-9.0,-9.0,-9.0,0.0,-1,-9.0,-9.0,-9.0,-9.0,-9.0,0.0,0.0,0.0,0.0,0.0,0.0,0.0,0.0,0,0,False,,H,False,,0,0,0,0,0,0,0,0,0,0,0,0,0,31,0,0,0,0,1,1
10,56.0,2.0,1,3,3,4,13,25.0,False,0,False,False,False,57,0.8451660619843273,1.3848601974782506,61,services,False,False,-1,-9.0,-9.0,-1,-9.0,-9.0,-9.0,0.0,-1,-9.0,-9.0,-9.0,-9.0,-9.0,0.0,0.0,0.0,0.0,0.0,0.0,0.0,0.0,0,0,False,,N,True,,0,0,0,36,2,0,0,1,0,1,0,0,0,32,0,0,3,60,1,1
10,30.0,3.0,1,1,3,1,13,53.0,False,0,True,True,False,57,0.9289217429485888,1.6344777566941058,48,prod_trans_move,False,True,-1,-9.0,-9.0,-1,-9.0,-9.0,-9.0,0.0,23016,11.30430025008321,-2.943170054965526,8.763564,6.0,22.778536,46.462677,0.0,5.687,22.778536,22.825993,0.0,0.0,-0.04745674,0,0,False,4_days_week,N,True,,0,0,0,1,1,0,0,0,0,1,0,0,0,33,0,0,1,40,1,1
11,56.0,1.0,2,2,3,2,13,37.0,False,0,True,True,False,57,0.8387381323543976,0.5445728256287186,81,services,False,True,-1,-9.0,-9.0,-1,-9.0,-9.0,-9.0,0.0,23262,9.870790086413484,-1.4376308769060264,2.5011897,6.0,8.060856,16.528992,0.0,0.0,8.060856,8.060856,0.0,0.0,0.0,0,0,False,No_Telecommute,N,True,,0,0,1,0,0,0,1,0,0,0,0,0,0,34,0,0,2,30,1,2
11,57.0,2.0,1,3,3,4,13,0.0,False,0,False,False,False,57,0.2490011885939372,0.470571244608368,0,,False,False,-1,-9.0,-9.0,-1,-9.0,-9.0,-9.0,0.0,-1,-9.0,-9.0,-9.0,-9.0,-9.0,0.0,0.0,0.0,0.0,0.0,0.0,0.0,0.0,0,0,False,,N,True,,0,0,1,0,0,0,0,0,0,0,0,0,0,35,0,0,0,0,1,2
11,26.0,3.0,1,3,3,4,13,99.0,False,0,False,False,False,57,1.6656336541799908,0.895031843646734,99,,False,False,-1,-9.0,-9.0,-1,-9.0,-9.0,-9.0,0.0,-1,-9.0,-9.0,-9.0,-9.0,-9.0,0.0,0.0,0.0,0.0,0.0,0.0,0.0,0.0,0,0,False,,N,True,,0,0,1,0,0,0,0,0,0,0,0,0,0,36,0,0,0,0,1,2
12,61.0,1.0,1,1,3,1,13,11.0,False,0,True,True,False,57,2.7227543529792064,0.9093426355325668,53,mngt_busi_scic_arts,False,True,-1,-9.0,-9.0,-1,-9.0,-9.0,-9.0,0.0,23963,9.020922479601913,-6.0179108411215525,6.4616337,6.0,17.171768,35.121048,0.0,0.0,17.171768,17.171768,0.0,0.0,0.0,0,0,False,No_Telecommute,N,True,,0,0,1,0,0,0,0,0,1,0,0,0,0,37,0,0,1,40,1,2
12,60.0,2.0,2,3,3,4,13,0.0,False,0,False,False,False,57,1.2748406919895194,0.9331358397712276,0,,False,False,-1,-9.0,-9.0,-1,-9.0,-9.0,-9.0,0.0,-1,-9.0,-9.0,-9.0,-9.0,-9.0,0.0,0.0,0.0,0.0,0.0,0.0,0.0,0.0,0,0,False,,N,True,,0,0,1,0,0,0,0,0,0,0,0,0,0,38,0,0,0,0,1,2
13,62.0,1.0,2,3,3,4,13,33.0,False,0,False,False,False,57,0.1585255809164628,2.3420875052544656,92,services,False,False,-1,-9.0,-9.0,-1,-9.0,-9.0,-9.0,0.0,-1,-9.0,-9.0,-9.0,-9.0,-9.0,0.0,0.0,0.0,0.0,0.0,0.0,0.0,0.0,0,0,False,,N,True,,0,0,0,35,1,0,0,1,0,0,0,0,0,39,0,0,0,0,1,1
14,60.0,1.0,2,3,3,4,13,31.0,False,0,False,False,False,57,0.2626597317557225,1.3032465270754778,62,health,False,False,-1,-9.0,-9.0,-1,-9.0,-9.0,-9.0,0.0,-1,-9.0,-9.0,-9.0,-9.0,-9.0,0.0,0.0,0.0,0.0,0.0,0.0,0.0,0.0,0,0,False,,H,False,,0,0,0,0,0,0,0,0,0,0,0,0,0,40,0,0,5,32,1,1
15,61.0,1.0,1,3,3,4,13,0.0,False,0,False,False,False,57,0.6807327532603286,1.0759168255114555,0,,False,False,-1,-9.0,-9.0,-1,-9.0,-9.0,-9.0,0.0,-1,-9.0,-9.0,-9.0,-9.0,-9.0,0.0,0.0,0.0,0.0,0.0,0.0,0.0,0.0,0,1,False,,H,False,,0,0,0,0,0,0,0,0,0,0,0,0,0,41,0,0,0,0,1,1
16,49.0,1.0,1,1,3,1,13,55.0,False,0,True,True,False,100,0.9147267455055262,1.2118865980082962,9000,military,False,True,-1,-9.0,-9.0,-1,-9.0,-9.0,-9.0,0.0,7369,10.385772340716752,-1.3569726396114214,3.0442617,6.0,6.819792,18.373049,0.0,0.0,6.819792,6.819792,0.0,0.0,0.0,0,0,True,No_Telecommute,N,True,,0,0,1,0,0,0,1,0,0,0,0,0,0,42,1,0,1,40,1,2
16,49.0,2.0,2,3,3,4,13,13.0,False,0,False,False,False,100,4.378849145172304,0.5101088564370648,54,mngt_busi_scic_arts,False,False,-1,-9.0,-9.0,-1,-9.0,-9.0,-9.0,0.0,-1,-9.0,-9.0,-9.0,-9.0,-9.0,0.0,0.0,0.0,0.0,0.0,0.0,0.0,0.0,0,0,False,,N,True,,0,0,1,90,2,1,0,0,0,1,0,0,0,43,0,0,0,0,1,2
16,26.0,3.0,1,3,2,3,13,0.0,True,4,False,False,False,100,0.8960024057647117,0.6980440531218941,0,,False,False,-1,-9.0,-9.0,19370,7.075094983806567,-2.14703097471552,14.647748,36.292282,-1,-9.0,-9.0,-9.0,-9.0,-9.0,0.0,0.0,0.0,0.0,0.0,0.0,0.0,0.0,0,1,False,,N,True,,0,0,0,1,1,0,0,0,0,1,0,0,0,44,0,6,0,0,1,2
16,28.0,4.0,1,1,3,1,13,13.0,False,0,True,True,False,100,1.0132945562798326,0.2886799209946871,56,mngt_busi_scic_arts,False,True,-1,-9.0,-9.0,-1,-9.0,-9.0,-9.0,0.0,23860,11.213676412740416,-0.3403401672105758,0.85369575,6.0,2.3628163,5.3910933,0.0,0.0,2.3628163,2.3628163,0.0,0.0,0.0,0,1,True,2_3_days_week,N,True,,0,0,1,0,0,0,0,0,0,0,0,0,0,45,0,0,1,40,1,2
17,49.0,1.0,1,1,3,1,13,55.0,False,0,True,True,False,100,1.1932056200610206,1.8421684395157905,9000,military,False,True,-1,-9.0,-9.0,-1,-9.0,-9.0,-9.0,0.0,7369,10.006875814033696,-1.7673718004010743,3.0442617,6.0,6.819792,18.373049,0.0,0.0,6.819792,6.819792,0.0,0.0,0.0,1,0,False,No_Telecommute,M,True,work2,2,2,0,0,0,0,0,0,0,0,0,0,0,46,1,0,1,40,1,2
17,49.0,2.0,2,3,3,4,13,13.0,False,0,False,False,False,100,0.7442194850006267,1.7680599535435972,54,mngt_busi_scic_arts,False,False,-1,-9.0,-9.0,-1,-9.0,-9.0,-9.0,0.0,-1,-9.0,-9.0,-9.0,-9.0,-9.0,0.0,0.0,0.0,0.0,0.0,0.0,0.0,0.0,0,0,False,,N,True,,0,0,0,12,1,0,0,0,1,0,0,0,0,47,0,0,0,0,1,2
17,26.0,3.0,1,3,2,3,13,0.0,True,4,False,False,False,100,0.4479621398224329,0.8110720766278843,0,,False,False,-1,-9.0,-9.0,23114,7.375362967883863,-0.4901769214668381,6.9806004,22.00858,-1,-9.0,-9.0,-9.0,-9.0,-9.0,0.0,0.0,0.0,0.0,0.0,0.0,0.0,0.0,0,0,False,,M,True,school1,1,0,0,0,0,0,0,0,0,0,0,0,0,48,0,6,0,0,1,2
17,28.0,4.0,1,1,3,1,13,13.0,False,0,True,True,False,100,0.982280900646582,0.3736134991088187,56,mngt_busi_scic_arts,False,True,-1,-9.0,-9.0,-1,-9.0,-9.0,-9.0,0.0,12798,11.25459591458083,-5.422111671497102,24.453024,3.0,54.64914,108.01611,0.0,0.0,54.64914,54.64914,0.0,0.0,0.0,1,1,True,No_Telecommute,M,True,work1,1,1,0,0,0,0,0,0,0,0,0,0,0,49,0,0,1,40,1,2
18,44.0,1.0,1,1,3,1,13,15.0,False,0,True,True,False,100,0.8201229121687224,0.150406930754128,54,mngt_busi_scic_arts,False,True,-1,-9.0,-9.0,-1,-9.0,-9.0,-9.0,0.0,7690,11.57859697557418,-5.660025855432933,31.190222,3.0,56.57227,110.434586,0.0,4.804,56.57227,56.57227,0.0,0.0,0.0,0,1,False,2_3_days_week,H,False,,0,0,0,0,0,0,0,0,0,0,0,0,0,50,0,0,1,40,1,1
18,40.0,2.0,2,3,3,4,13,0.0,False,0,False,False,False,100,0.55643148954101,0.5941887004241778,0,,False,False,-1,-9.0,-9.0,-1,-9.0,-9.0,-9.0,0.0,-1,-9.0,-9.0,-9.0,-9.0,-9.0,0.0,0.0,0.0,0.0,0.0,0.0,0.0,0.0,0,1,False,,H,False,,0,0,0,0,0,0,0,0,0,0,0,0,0,51,0,0,0,0,1,2
18,22.0,3.0,1,2,2,3,13,35.0,True,4,True,True,False,100,2.9838616222691896,2.8242510705256625,722,services,False,True,-1,-9.0,-9.0,23114,6.500696869750249,-4.699661294510821,6.9806004,22.00858,7616,9.084565558201982,-5.983759129498966,3.9655867,6.0,10.851292,21.280624,0.0,0.0,10.851292,10.851292,0.0,0.0,0.0,0,1,False,No_Telecommute,M,True,work_and_school,2,1,0,0,0,0,0,0,0,0,0,0,0,52,0,6,1,20,9,1
19,28.0,1.0,1,1,3,1,13,43.0,False,0,True,True,False,100,0.2803405357399805,1.8807794852408264,62,sales_office,False,True,-1,-9.0,-9.0,-1,-9.0,-9.0,-9.0,0.0,23062,12.63476671186914,-0.8994306992568466,6.6524286,6.0,17.20919,35.847393,0.0,0.0,17.20919,17.20919,0.0,0.0,0.0,0,1,False,No_Telecommute,M,True,work2,2,2,0,0,0,0,0,0,0,0,0,0,0,53,0,0,1,40,1,2
19,28.0,2.0,2,1,3,1,13,35.0,False,0,True,True,False,100,0.7758878810011899,1.2844047085525123,81,services,False,True,-1,-9.0,-9.0,-1,-9.0,-9.0,-9.0,0.0,15801,11.159781572888356,-2.86382458550786,12.776472,6.0,26.151869,53.450317,0.0,0.0,26.151869,26.151869,0.0,0.0,0.0,0,0,False,No_Telecommute,M,True,work1,1,1,0,0,0,0,0,0,0,0,0,0,0,54,0,0,1,40,1,2
19,28.0,3.0,1,1,3,1,13,51.0,False,0,True,True,False,100,1.1924230346671254,0.5466961392044963,32,prod_trans_move,False,True,-1,-9.0,-9.0,-1,-9.0,-9.0,-9.0,0.0,19574,10.646555343210194,-5.044468843104124,14.935237,7.0,31.182028,59.066994,0.0,0.0,33.69234,28.652206,0.0,0.0,5.0401344,0,1,False,No_Telecommute,M,True,work1,1,1,0,0,0,0,0,0,0,0,0,0,0,55,0,0,1,40,1,2
19,24.0,4.0,1,1,3,1,13,47.0,False,0,True,True,False,100,0.8081507128728885,1.2689202809168791,23,constr_maint,False,True,-1,-9.0,-9.0,-1,-9.0,-9.0,-9.0,0.0,3132,10.539776730655204,0.5158391676223169,0.7623371,6.0,2.7140052,4.9838853,0.0,7.221,2.7140052,2.7140052,0.0,0.0,0.0,0,1,True,No_Telecommute,N,True,,0,0,0,1,1,0,0,0,0,1,0,0,0,56,0,0,1,40,1,2
20,81.0,1.0,2,3,3,5,13,53.0,False,0,False,False,False,100,0.6871119748413392,0.791490340899068,44,prod_trans_move,False,False,-1,-9.0,-9.0,-1,-9.0,-9.0,-9.0,0.0,-1,-9.0,-9.0,-9.0,-9.0,-9.0,0.0,0.0,0.0,0.0,0.0,0.0,0.0,0.0,0,0,False,,N,True,,0,0,0,12,1,0,0,0,1,0,0,0,0,57,0,0,0,0,1,1
21,60.0,1.0,2,3,3,4,13,53.0,False,0,False,False,False,100,0.4243287275589589,1.390422467462048,42,prod_trans_move,False,False,-1,-9.0,-9.0,-1,-9.0,-9.0,-9.0,0.0,-1,-9.0,-9.0,-9.0,-9.0,-9.0,0.0,0.0,0.0,0.0,0.0,0.0,0.0,0.0,0,1,False,,N,True,,0,0,0,35,1,0,0,1,0,0,0,0,0,58,0,0,0,0,1,1
21,58.0,2.0,1,1,3,1,13,13.0,False,0,True,True,False,100,0.2757597592387068,0.5073873537217074,51,mngt_busi_scic_arts,False,True,-1,-9.0,-9.0,-1,-9.0,-9.0,-9.0,0.0,6760,12.520818523902118,-2.0242516760495817,22.127483,3.0,55.41125,110.738014,0.0,0.0,55.41125,55.41125,0.0,0.0,0.0,0,0,False,2_3_days_week,N,True,,0,0,0,6,1,0,1,0,0,0,0,0,0,59,0,0,1,45,1,1
21,25.0,3.0,1,3,2,3,13,35.0,True,4,False,False,False,100,0.2435395225191313,0.3138747268740062,722,services,False,False,-1,-9.0,-9.0,19370,7.4290941583553884,-0.8602639402071048,14.647748,36.292282,-1,-9.0,-9.0,-9.0,-9.0,-9.0,0.0,0.0,0.0,0.0,0.0,0.0,0.0,0.0,0,0,False,,M,True,school1,1,0,0,0,0,0,0,0,0,0,0,0,0,60,0,6,3,32,1,1
22,34.0,1.0,2,1,3,1,13,41.0,False,0,True,True,False,100,0.341329388620248,1.7927159172009874,33,sales_office,False,True,-1,-9.0,-9.0,-1,-9.0,-9.0,-9.0,0.0,23050,12.28464713160614,-0.6837242862081971,6.335389,6.0,16.366951,34.075672,0.0,0.0,16.366951,16.366951,0.0,0.0,0.0,0,0,True,No_Telecommute,M,True,work1,1,1,0,0,1,1,0,0,0,0,0,0,0,61,0,0,1,40,1,2
22,16.0,2.0,2,3,1,6,0,0.0,True,3,False,False,False,100,0.369813038961,0.3561797615642206,0,,False,False,-1,-9.0,-9.0,16496,10.794884248323685,-0.9446761556634564,18.039106,62.21222,-1,-9.0,-9.0,-9.0,-9.0,-9.0,0.0,0.0,0.0,0.0,0.0,0.0,0.0,0.0,0,0,False,,M,True,school1,1,0,0,0,0,0,0,0,0,0,0,0,0,62,0,5,0,0,1,2
22,15.0,3.0,2,4,1,7,0,0.0,True,3,False,False,False,100,1.1550123359789923,1.032144331802754,0,,False,False,-1,-9.0,-9.0,7004,10.705771297450982,5.157872729836782,0.18573597,1.19381,-1,-9.0,-9.0,-9.0,-9.0,-9.0,0.0,0.0,0.0,0.0,0.0,0.0,0.0,0.0,0,0,False,,M,True,school1,1,0,0,0,0,0,0,0,0,0,0,0,0,63,0,5,0,0,1,2
22,14.0,4.0,2,4,1,7,0,0.0,True,2,False,False,False,100,0.5600113532587467,0.7514571021633414,0,,False,False,-1,-9.0,-9.0,7296,6.833866050702956,2.6971285386820694,2.3713756,11.796459,-1,-9.0,-9.0,-9.0,-9.0,-9.0,0.0,0.0,0.0,0.0,0.0,0.0,0.0,0.0,0,0,False,,M,True,school1,1,0,0,0,0,0,0,0,0,0,0,0,0,64,0,5,0,0,1,2
22,12.0,5.0,1,4,1,7,0,0.0,True,2,False,False,False,100,0.4557979918091239,0.9116632304787756,0,,False,False,-1,-9.0,-9.0,11793,7.051763310057111,4.74484636479785,1.1491835,8.765608,-1,-9.0,-9.0,-9.0,-9.0,-9.0,0.0,0.0,0.0,0.0,0.0,0.0,0.0,0.0,0,0,False,,H,False,,0,0,0,0,0,0,0,0,0,0,0,0,0,65,0,2,0,0,1,2
22,8.0,6.0,1,4,1,7,0,0.0,True,2,False,False,False,100,0.9599928997278352,1.481417401229539,0,,False,False,-1,-9.0,-9.0,4962,6.595765576606717,4.640124143150235,0.605197,4.3422327,-1,-9.0,-9.0,-9.0,-9.0,-9.0,0.0,0.0,0.0,0.0,0.0,0.0,0.0,0.0,0,0,False,,M,True,school1,1,0,0,0,0,0,0,0,0,0,0,0,0,66,0,2,0,0,1,2
23,34.0,1.0,2,1,3,1,13,41.0,False,0,True,True,False,100,1.287749766496741,0.5721673807678539,33,sales_office,False,True,-1,-9.0,-9.0,-1,-9.0,-9.0,-9.0,0.0,23073,10.867290979499852,-4.045455203081217,9.496364,6.0,21.864529,43.599724,0.0,5.906,23.771553,21.864529,0.0,0.0,1.9070244,0,0,True,1_day_week,M,True,work1,1,1,0,0,0,0,0,0,0,0,0,0,0,67,0,0,1,40,1,2
23,16.0,2.0,2,3,1,6,0,0.0,True,3,False,False,False,100,2.314111462637036,0.5199023902777663,0,,False,False,-1,-9.0,-9.0,7004,10.586352959780143,4.713687196678499,0.18573597,1.19381,-1,-9.0,-9.0,-9.0,-9.0,-9.0,0.0,0.0,0.0,0.0,0.0,0.0,0.0,0.0,0,0,False,,M,True,school1,1,0,0,0,0,0,0,0,0,0,0,0,0,68,0,5,0,0,1,2
23,15.0,3.0,2,4,1,7,0,0.0,True,3,False,False,False,100,0.4377489138628708,0.8665518572433377,0,,False,False,-1,-9.0,-9.0,7004,10.923152688954612,5.828940995912576,0.18573597,1.19381,-1,-9.0,-9.0,-9.0,-9.0,-9.0,0.0,0.0,0.0,0.0,0.0,0.0,0.0,0.0,0,0,False,,M,True,school1,1,0,0,89,1,1,0,0,0,0,0,0,0,69,0,5,0,0,1,2
23,14.0,4.0,2,4,1,7,0,0.0,True,2,False,False,False,100,0.5275601235175729,1.0011028139607907,0,,False,False,-1,-9.0,-9.0,11793,6.7914066982497605,4.488677823877949,1.1491835,8.765608,-1,-9.0,-9.0,-9.0,-9.0,-9.0,0.0,0.0,0.0,0.0,0.0,0.0,0.0,0.0,0,0,False,,M,True,school1,1,0,0,0,0,0,0,0,0,0,0,0,0,70,0,5,0,0,1,2
23,12.0,5.0,1,4,1,7,0,0.0,True,2,False,False,False,100,0.6984535820328599,0.3646612011672922,0,,False,False,-1,-9.0,-9.0,16375,4.362555502358121,-0.1778758577598266,5.4485693,26.024529,-1,-9.0,-9.0,-9.0,-9.0,-9.0,0.0,0.0,0.0,0.0,0.0,0.0,0.0,0.0,0,0,False,,M,True,school1,1,0,0,0,0,0,0,0,0,0,0,0,0,71,0,2,0,0,1,2
23,8.0,6.0,1,4,1,7,0,0.0,True,2,False,False,False,100,1.4357031395173958,1.037221828960946,0,,False,False,-1,-9.0,-9.0,23265,4.011723082448372,1.2309810862618051,2.8370724,15.532795,-1,-9.0,-9.0,-9.0,-9.0,-9.0,0.0,0.0,0.0,0.0,0.0,0.0,0.0,0.0,0,0,False,,M,True,school1,1,0,0,0,0,0,0,0,0,0,0,0,0,72,0,2,0,0,1,2
24,34.0,1.0,2,1,3,1,13,41.0,False,0,True,True,False,100,0.5199419581041024,0.5795443267886191,33,sales_office,False,True,-1,-9.0,-9.0,-1,-9.0,-9.0,-9.0,0.0,19309,11.965953328663112,-1.944367987152157,13.033111,7.0,23.624552,46.411655,0.0,0.0,23.624552,23.624552,0.0,0.0,0.0,0,0,True,4_days_week,N,True,,0,0,0,1,4,3,0,0,0,1,0,0,0,73,0,0,1,40,1,2
24,16.0,2.0,2,3,1,6,0,0.0,True,3,False,False,False,100,0.5763178791080393,0.4629457279834544,0,,False,False,-1,-9.0,-9.0,7004,10.756718365591013,4.912898552967875,0.18573597,1.19381,-1,-9.0,-9.0,-9.0,-9.0,-9.0,0.0,0.0,0.0,0.0,0.0,0.0,0.0,0.0,0,0,False,,M,True,school1,1,0,0,0,0,0,0,0,0,0,0,0,0,74,0,5,0,0,1,2
24,15.0,3.0,2,4,1,7,0,0.0,True,3,False,False,False,100,0.621827962732107,0.7329852246470446,0,,False,False,-1,-9.0,-9.0,7004,10.804642753501586,5.6337053798550665,0.18573597,1.19381,-1,-9.0,-9.0,-9.0,-9.0,-9.0,0.0,0.0,0.0,0.0,0.0,0.0,0.0,0.0,0,0,False,,M,True,school1,1,0,0,0,0,0,0,0,0,0,0,0,0,75,0,5,0,0,1,2
24,14.0,4.0,2,4,1,7,0,0.0,True,2,False,False,False,100,0.8801962167529628,0.4325598547031219,0,,False,False,-1,-9.0,-9.0,11793,6.610316999566517,3.3942712552144005,1.1491835,8.765608,-1,-9.0,-9.0,-9.0,-9.0,-9.0,0.0,0.0,0.0,0.0,0.0,0.0,0.0,0.0,0,0,False,,M,True,school1,1,0,0,1,1,0,0,0,0,1,0,0,0,76,0,5,0,0,1,2
24,12.0,5.0,1,4,1,7,0,0.0,True,2,False,False,False,100,1.6086177043136185,0.6109090497177936,0,,False,False,-1,-9.0,-9.0,16377,6.509823471495703,-0.2628006200325722,5.4485693,26.024529,-1,-9.0,-9.0,-9.0,-9.0,-9.0,0.0,0.0,0.0,0.0,0.0,0.0,0.0,0.0,0,0,False,,M,True,school1,1,0,0,0,0,0,0,0,0,0,0,0,0,77,0,2,0,0,1,2
24,8.0,6.0,1,4,1,7,0,0.0,True,2,False,False,False,100,1.3981585880933804,1.2229964614830209,0,,False,False,-1,-9.0,-9.0,7204,6.545470442266933,1.3454848559595434,3.1772473,17.161837,-1,-9.0,-9.0,-9.0,-9.0,-9.0,0.0,0.0,0.0,0.0,0.0,0.0,0.0,0.0,0,0,False,,M,True,school1,1,0,0,0,0,0,0,0,0,0,0,0,0,78,0,2,0,0,1,2
25,62.0,1.0,1,3,3,4,13,23.0,False,0,False,False,False,100,0.6199727322213057,0.6983958177323883,54,mngt_busi_scic_arts,False,False,-1,-9.0,-9.0,-1,-9.0,-9.0,-9.0,0.0,-1,-9.0,-9.0,-9.0,-9.0,-9.0,0.0,0.0,0.0,0.0,0.0,0.0,0.0,0.0,0,0,False,,H,False,,0,0,0,0,0,0,0,0,0,0,0,0,0,79,0,0,0,0,1,2
26,62.0,1.0,1,3,3,4,13,0.0,False,0,False,False,False,100,1.2704528212390442,0.4272331856909946,0,,False,False,-1,-9.0,-9.0,-1,-9.0,-9.0,-9.0,0.0,-1,-9.0,-9.0,-9.0,-9.0,-9.0,0.0,0.0,0.0,0.0,0.0,0.0,0.0,0.0,0,0,False,,N,True,,0,0,0,1,1,0,0,0,0,1,0,0,0,80,0,0,0,0,1,1
27,34.0,1.0,1,1,3,1,13,41.0,False,0,True,False,True,100,1.3263097677201694,0.6118531052561288,42,sales_office,False,True,24331,5.126568334858331,-5.50120477537002,-1,-9.0,-9.0,-9.0,0.0,24331,5.126568334858331,-5.50120477537002,26.39097,-9.0,46.660557,91.7825,0.0,0.0,0.0,0.0,0.0,0.0,0.0,0,0,True,No_Telecommute,M,True,work1,1,1,0,89,1,1,0,0,0,0,0,0,0,81,0,0,1,50,1,1
27,32.0,2.0,2,3,3,4,13,31.0,False,0,False,False,False,100,1.2391047068362522,1.3001987230072367,62,health,False,False,-1,-9.0,-9.0,-1,-9.0,-9.0,-9.0,0.0,-1,-9.0,-9.0,-9.0,-9.0,-9.0,0.0,0.0,0.0,0.0,0.0,0.0,0.0,0.0,0,0,False,,N,True,,0,0,0,1,5,4,0,0,0,1,0,0,0,82,0,0,0,0,1,1
27,4.0,3.0,1,4,1,8,0,0.0,True,1,False,False,False,100,0.5918813724453557,0.5458916538820532,0,,False,False,-1,-9.0,-9.0,16230,11.170995805657096,1.0183016764873851,3.6510377,16.494312,-1,-9.0,-9.0,-9.0,-9.0,-9.0,0.0,0.0,0.0,0.0,0.0,0.0,0.0,0.0,0,0,False,,M,True,school2,2,0,0,0,0,0,0,0,0,0,0,0,0,83,0,0,0,0,1,1
27,2.0,4.0,1,4,1,8,0,0.0,True,1,False,False,False,100,0.9555543082489946,0.8117702821454714,0,,False,False,-1,-9.0,-9.0,9906,10.515392112788104,5.433938805814308,0.9487214,6.4382143,-1,-9.0,-9.0,-9.0,-9.0,-9.0,0.0,0.0,0.0,0.0,0.0,0.0,0.0,0.0,0,0,False,,M,True,school1,1,0,0,0,0,0,0,0,0,0,0,0,0,84,0,0,0,0,1,1
27,0.0,5.0,2,4,1,8,0,0.0,True,1,False,False,False,100,0.6184915841596013,1.02001488804287,0,,False,False,-1,-9.0,-9.0,12516,9.040638459174788,5.29737165002634,0.9830477,6.2380753,-1,-9.0,-9.0,-9.0,-9.0,-9.0,0.0,0.0,0.0,0.0,0.0,0.0,0.0,0.0,0,0,False,,H,False,,0,0,0,0,0,0,0,0,0,0,0,0,0,85,0,0,0,0,1,1
28,53.0,1.0,2,3,3,4,13,37.0,False,0,False,False,False,100,1.1749857467911191,0.6899076520226816,721,services,False,False,-1,-9.0,-9.0,-1,-9.0,-9.0,-9.0,0.0,-1,-9.0,-9.0,-9.0,-9.0,-9.0,0.0,0.0,0.0,0.0,0.0,0.0,0.0,0.0,0,0,False,,H,False,,0,0,0,0,0,0,0,0,0,0,0,0,0,86,0,0,0,0,8,2
28,55.0,2.0,1,1,3,1,13,43.0,False,0,True,False,False,100,2.454282752632626,1.4332062089280695,49,sales_office,True,False,-1,-9.0,-9.0,-1,-9.0,-9.0,-9.0,0.0,-1,-9.0,-9.0,-9.0,-9.0,-9.0,0.0,0.0,0.0,0.0,0.0,0.0,0.0,0.0,0,0,False,,N,True,,0,0,0,12,1,0,0,0,1,0,0,0,0,87,0,5,1,45,8,2
28,23.0,3.0,1,1,3,1,13,47.0,False,0,True,True,False,100,0.974998000522218,0.5020015493945325,23,constr_maint,False,True,-1,-9.0,-9.0,-1,-9.0,-9.0,-9.0,0.0,18490,10.215348704401796,-2.7800019131765863,10.376059,6.0,25.529827,50.332108,0.0,0.0,25.529827,25.087788,0.0,0.0,0.4420395,0,0,True,2_3_days_week,H,False,,0,0,0,0,0,0,0,0,0,0,0,0,0,88,0,0,1,35,8,2
29,55.0,1.0,2,3,3,4,13,0.0,False,0,False,False,False,100,0.2914658181595939,1.722713943281149,0,,False,False,-1,-9.0,-9.0,-1,-9.0,-9.0,-9.0,0.0,-1,-9.0,-9.0,-9.0,-9.0,-9.0,0.0,0.0,0.0,0.0,0.0,0.0,0.0,0.0,0,0,False,,H,False,,0,0,0,0,0,0,0,0,0,0,0,0,0,89,0,0,0,0,1,1
29,58.0,2.0,1,3,3,4,13,11.0,False,0,False,False,False,100,1.367314916334648,0.483037562886348,92,mngt_busi_scic_arts,False,False,-1,-9.0,-9.0,-1,-9.0,-9.0,-9.0,0.0,-1,-9.0,-9.0,-9.0,-9.0,-9.0,0.0,0.0,0.0,0.0,0.0,0.0,0.0,0.0,0,0,False,,N,True,,0,0,0,1,1,0,0,0,0,1,0,0,0,90,0,0,2,40,9,1
30,32.0,1.0,1,1,3,1,13,33.0,False,0,True,True,False,100,0.2390154275484889,0.6567917468040562,92,services,False,True,-1,-9.0,-9.0,-1,-9.0,-9.0,-9.0,0.0,23060,12.469471082956048,-1.0497254261672624,7.2301483,6.0,18.005083,35.88308,0.0,9.102,18.005083,18.005083,0.0,0.0,0.0,0,1,False,No_Telecommute,N,True,,0,0,0,1,1,0,0,0,0,1,0,0,0,91,0,0,1,52,1,2
30,24.0,2.0,2,3,2,3,13,41.0,True,4,False,False,False,100,1.806061642158013,0.6353411902638745,44,sales_office,False,False,-1,-9.0,-9.0,5313,6.4785183858439135,0.9409933561661684,0.9830477,6.2380753,-1,-9.0,-9.0,-9.0,-9.0,-9.0,0.0,0.0,0.0,0.0,0.0,0.0,0.0,0.0,0,0,False,,M,True,school1,1,0,0,0,0,0,0,0,0,0,0,0,0,92,0,6,4,20,1,2
31,64.0,1.0,1,3,3,4,13,0.0,False,0,False,False,False,100,1.1378083958909828,0.5107864004485464,0,,False,False,-1,-9.0,-9.0,-1,-9.0,-9.0,-9.0,0.0,-1,-9.0,-9.0,-9.0,-9.0,-9.0,0.0,0.0,0.0,0.0,0.0,0.0,0.0,0.0,0,1,False,,H,False,,0,0,0,0,0,0,0,0,0,0,0,0,0,93,0,0,0,0,1,1
32,60.0,1.0,1,3,3,4,13,33.0,False,0,False,False,False,100,3.083125184819485,1.329944648750836,92,services,False,False,-1,-9.0,-9.0,-1,-9.0,-9.0,-9.0,0.0,-1,-9.0,-9.0,-9.0,-9.0,-9.0,0.0,0.0,0.0,0.0,0.0,0.0,0.0,0.0,0,0,False,,N,True,,0,0,1,13,2,0,1,0,1,1,0,0,0,94,0,0,0,0,9,1
32,57.0,2.0,2,3,3,4,13,0.0,False,0,False,False,False,100,1.1533872013334237,0.7445272608095952,0,,False,False,-1,-9.0,-9.0,-1,-9.0,-9.0,-9.0,0.0,-1,-9.0,-9.0,-9.0,-9.0,-9.0,0.0,0.0,0.0,0.0,0.0,0.0,0.0,0.0,0,0,False,,N,True,,0,0,1,6,1,0,1,0,0,0,0,0,0,95,0,0,0,0,1,1
33,62.0,1.0,1,3,3,4,13,43.0,False,0,False,False,False,100,0.6750361069742152,0.5596509064509037,49,sales_office,False,False,-1,-9.0,-9.0,-1,-9.0,-9.0,-9.0,0.0,-1,-9.0,-9.0,-9.0,-9.0,-9.0,0.0,0.0,0.0,0.0,0.0,0.0,0.0,0.0,0,0,False,,H,False,,0,0,0,0,0,0,0,0,0,0,0,0,0,96,0,0,4,40,1,2
34,37.0,1.0,1,1,3,1,13,11.0,False,0,True,True,False,100,0.6846579546940792,0.3519520109438218,54,mngt_busi_scic_arts,False,True,-1,-9.0,-9.0,-1,-9.0,-9.0,-9.0,0.0,10906,11.73558288564996,-3.649268440915701,20.875698,3.0,45.96267,89.31562,0.0,0.0,45.96267,43.514324,0.0,0.0,2.4483452,0,0,True,2_3_days_week,M,True,work1,1,1,0,0,0,0,0,0,0,0,0,0,0,97,0,0,2,80,1,1
34,32.0,2.0,2,3,3,4,13,35.0,False,0,False,False,False,100,0.591661601711527,1.0286617858040334,722,services,False,False,-1,-9.0,-9.0,-1,-9.0,-9.0,-9.0,0.0,-1,-9.0,-9.0,-9.0,-9.0,-9.0,0.0,0.0,0.0,0.0,0.0,0.0,0.0,0.0,0,0,False,,N,True,,0,0,0,35,1,0,0,1,0,0,0,0,0,98,0,0,4,30,8,2
35,33.0,1.0,2,3,3,4,13,25.0,False,0,False,False,False,100,0.4619440757261427,0.5582234996463493,62,services,False,False,-1,-9.0,-9.0,-1,-9.0,-9.0,-9.0,0.0,-1,-9.0,-9.0,-9.0,-9.0,-9.0,0.0,0.0,0.0,0.0,0.0,0.0,0.0,0.0,0,1,False,,H,False,,0,0,0,0,0,0,0,0,0,0,0,0,0,99,0,0,0,0,1,2
35,8.0,2.0,1,4,1,7,0,0.0,True,2,False,False,False,100,0.6855607883336571,0.3195733399339679,0,,False,False,-1,-9.0,-9.0,17414,12.287503009615314,29.29071914240224,22.909327,73.82927,-1,-9.0,-9.0,-9.0,-9.0,-9.0,0.0,0.0,0.0,0.0,0.0,0.0,0.0,0.0,0,0,False,,M,True,school1,1,0,0,0,0,0,0,0,0,0,0,0,0,100,0,2,0,0,1,2
